ID," ROBOT_X"," ROBOT_Y"," ANGLE"
5," 1.0206"," -0.738619"," -0.155999"
5," 1.02048"," -0.738524"," -0.155999"
5," 1.02093"," -0.737975"," -0.157543"
5," 1.02101"," -0.737722"," -0.157543"
5," 1.01657"," -0.740477"," -0.168023"
5," 1.01529"," -0.741149"," -0.168023"
5," 1.0119"," -0.74177"," -0.282098"
5," 1.01002"," -0.742406"," -0.282098"
5," 1.01092"," -0.739558"," -0.464587"
5," 1.00999"," -0.739121"," -0.464587"
5," 1.00755"," -0.737798"," -0.643169"
5," 1.0062"," -0.737116"," -0.643169"
5," 0.999561"," -0.736109"," -0.818161"
5," 0.996734"," -0.735372"," -0.818161"
5," 0.991154"," -0.734242"," -0.961694"
5," 0.987187"," -0.733318"," -0.961694"
5," 0.981874"," -0.73126"," -1.09826"
5," 0.977269"," -0.729906"," -1.09826"
5," 0.972527"," -0.728011"," -1.23015"
5," 0.965194"," -0.727479"," -1.3429"
5," 0.960244"," -0.726952"," -1.3429"
5," 0.954391"," -0.726027"," -1.3429"
5," 0.949128"," -0.72428"," -1.44913"
5," 0.941124"," -0.724173"," -1.54017"
5," 0.934971"," -0.723868"," -1.54017"
5," 0.928464"," -0.724683"," -1.65765"
5," 0.923756"," -0.72502"," -1.65765"
5," 0.917446"," -0.72518"," -1.65765"
5," 0.909103"," -0.728943"," -1.73783"
5," 0.899669"," -0.730528"," -1.80724"
5," 0.891595"," -0.731924"," -1.80724"
5," 0.884496"," -0.733755"," -1.90312"
5," 0.878341"," -0.735181"," -1.90312"
5," 0.871608"," -0.736635"," -1.90312"
5," 0.859328"," -0.740138"," -1.94818"
5," 0.849601"," -0.74359"," -2.01303"
5," 0.841133"," -0.746335"," -2.01303"
5," 0.830288"," -0.749541"," -2.07175"
5," 0.822758"," -0.751781"," -2.07175"
5," 0.814881"," -0.754142"," -2.07175"
5," 0.807289"," -0.757431"," -2.1162"
5," 0.796509"," -0.759489"," -2.16994"
5," 0.788378"," -0.761316"," -2.16994"
5," 0.777437"," -0.766348"," -2.20593"
5," 0.769418"," -0.769724"," -2.20593"
5," 0.761145"," -0.772803"," -2.20593"
5," 0.753297"," -0.772631"," -2.25488"
5," 0.74409"," -0.776887"," -2.29195"
5," 0.736002"," -0.780145"," -2.29195"
5," 0.723573"," -0.782987"," -2.33455"
5," 0.715039"," -0.785157"," -2.33455"
5," 0.706783"," -0.787569"," -2.36802"
5," 0.699618"," -0.789625"," -2.36802"
5," 0.689235"," -0.792829"," -2.40188"
5," 0.679995"," -0.795622"," -2.40188"
5," 0.671225"," -0.79916"," -2.4255"
5," 0.663063"," -0.802167"," -2.4255"
5," 0.65384"," -0.805475"," -2.44745"
5," 0.644612"," -0.808753"," -2.44745"
5," 0.636512"," -0.810558"," -2.46894"
5," 0.628495"," -0.812986"," -2.46894"
5," 0.618502"," -0.817699"," -2.50243"
5," 0.612596"," -0.820326"," -2.50243"
5," 0.604282"," -0.8233"," -2.5151"
5," 0.595916"," -0.826403"," -2.5151"
5," 0.587571"," -0.82968"," -2.53173"
5," 0.578603"," -0.833116"," -2.53173"
5," 0.570015"," -0.836895"," -2.54909"
5," 0.5632"," -0.839777"," -2.54909"
5," 0.557567"," -0.841605"," -2.56279"
5," 0.550923"," -0.844146"," -2.56279"
5," 0.545559"," -0.849413"," -2.57134"
5," 0.538543"," -0.853557"," -2.57134"
5," 0.531278"," -0.854922"," -2.58638"
5," 0.525761"," -0.856665"," -2.58638"
5," 0.520798"," -0.861082"," -2.60207"
5," 0.515187"," -0.864905"," -2.60207"
5," 0.505073"," -0.867868"," -2.61904"
5," 0.498468"," -0.870723"," -2.61904"
5," 0.493071"," -0.874001"," -2.61037"
5," 0.487241"," -0.876865"," -2.61037"
5," 0.477893"," -0.879603"," -2.62274"
5," 0.467986"," -0.882045"," -2.6223"
5," 0.460884"," -0.884188"," -2.6223"
5," 0.45249"," -0.887656"," -2.64723"
5," 0.4464"," -0.889978"," -2.64723"
5," 0.439679"," -0.892401"," -2.64723"
5," 0.4383"," -0.893101"," -2.63838"
5," 0.433371"," -0.894553"," -2.66554"
5," 0.428722"," -0.896131"," -2.66554"
5," 0.42428"," -0.890021"," -2.68435"
5," 0.42095"," -0.887156"," -2.68435"
5," 0.420661"," -0.897456"," -2.54115"
5," 0.419388"," -0.902792"," -2.54115"
5," 0.420269"," -0.896577"," -2.356"
5," 0.419526"," -0.89616"," -2.356"
5," 0.423086"," -0.898387"," -2.18418"
5," 0.424871"," -0.899516"," -2.18418"
5," 0.431788"," -0.897024"," -2.00781"
5," 0.436724"," -0.895709"," -2.00781"
5," 0.43756"," -0.893326"," -1.84231"
5," 0.439553"," -0.891523"," -1.84231"
5," 0.440045"," -0.891848"," -1.71452"
5," 0.44108"," -0.891584"," -1.71452"
5," 0.450654"," -0.885882"," -1.56898"
5," 0.455826"," -0.882957"," -1.56898"
5," 0.462656"," -0.880546"," -1.4665"
5," 0.467902"," -0.878111"," -1.4665"
5," 0.472181"," -0.880114"," -1.36292"
5," 0.476773"," -0.879439"," -1.36292"
5," 0.486033"," -0.879546"," -1.26831"
5," 0.49218"," -0.879201"," -1.26831"
5," 0.498784"," -0.881174"," -1.18053"
5," 0.504744"," -0.881717"," -1.18053"
5," 0.513764"," -0.880849"," -1.09812"
5," 0.52131"," -0.880847"," -1.09812"
5," 0.528962"," -0.883763"," -1.03583"
5," 0.53697"," -0.88498"," -1.03583"
5," 0.544611"," -0.886455"," -0.968563"
5," 0.552926"," -0.88785"," -0.968563"
5," 0.568556"," -0.88948"," -0.907863"
5," 0.578675"," -0.890824"," -0.907863"
5," 0.58831"," -0.892024"," -0.841991"
5," 0.597847"," -0.893262"," -0.841991"
5," 0.609319"," -0.893304"," -0.781131"
5," 0.620599"," -0.894166"," -0.781131"
5," 0.63151"," -0.893602"," -0.736359"
5," 0.642912"," -0.89391"," -0.736359"
5," 0.654664"," -0.893913"," -0.688064"
5," 0.664789"," -0.894076"," -0.688064"
5," 0.680716"," -0.894125"," -0.625876"
5," 0.694206"," -0.894258"," -0.625876"
5," 0.705331"," -0.894727"," -0.595903"
5," 0.718554"," -0.895001"," -0.595903"
5," 0.732118"," -0.894571"," -0.564597"
5," 0.744274"," -0.894575"," -0.564597"
5," 0.760016"," -0.891991"," -0.51025"
5," 0.775139"," -0.890953"," -0.51025"
5," 0.786363"," -0.891773"," -0.48581"
5," 0.798833"," -0.891473"," -0.48581"
5," 0.814739"," -0.890831"," -0.443466"
5," 0.827587"," -0.890432"," -0.443466"
5," 0.842411"," -0.889025"," -0.414909"
5," 0.855343"," -0.888295"," -0.414909"
5," 0.870822"," -0.888767"," -0.379471"
5," 0.884403"," -0.888478"," -0.379471"
5," 0.89888"," -0.888912"," -0.347802"
5," 0.913988"," -0.88888"," -0.347802"
5," 0.925505"," -0.888947"," -0.310376"
5," 0.940116"," -0.888953"," -0.310376"
5," 0.95396"," -0.888181"," -0.291087"
5," 0.968736"," -0.887884"," -0.291087"
5," 0.98395"," -0.888377"," -0.265608"
5," 0.999475"," -0.888379"," -0.265608"
5," 1.01302"," -0.889303"," -0.252093"
5," 1.02896"," -0.889674"," -0.252093"
5," 1.04378"," -0.88954"," -0.225814"
5," 1.05949"," -0.889722"," -0.225814"
5," 1.07203"," -0.889783"," -0.218444"
5," 1.08473"," -0.889903"," -0.218444"
5," 1.10414"," -0.888801"," -0.202161"
5," 1.11864"," -0.888503"," -0.202161"
5," 1.1321"," -0.891575"," -0.190793"
5," 1.1472"," -0.892528"," -0.190793"
5," 1.1627"," -0.893546"," -0.165135"
5," 1.17917"," -0.894602"," -0.165135"
5," 1.19242"," -0.894042"," -0.165411"
5," 1.20828"," -0.894509"," -0.165411"
5," 1.22434"," -0.897016"," -0.150557"
5," 1.2391"," -0.898149"," -0.150557"
5," 1.25545"," -0.901462"," -0.137896"
5," 1.26986"," -0.903256"," -0.137896"
5," 1.28518"," -0.903118"," -0.136414"
5," 1.29854"," -0.904135"," -0.136414"
5," 1.31614"," -0.903349"," -0.134234"
5," 1.33221"," -0.903787"," -0.134234"
5," 1.34701"," -0.903469"," -0.1218"
5," 1.3634"," -0.903645"," -0.1218"
5," 1.38105"," -0.899538"," -0.119206"
5," 1.39564"," -0.898364"," -0.119206"
5," 1.40888"," -0.898399"," -0.116357"
5," 1.42267"," -0.897642"," -0.116357"
5," 1.44034"," -0.894678"," -0.0958725"
5," 1.45456"," -0.893255"," -0.0958725"
5," 1.47218"," -0.890116"," -0.0921513"
5," 1.48684"," -0.888206"," -0.0921513"
5," 1.49993"," -0.889241"," -0.0844028"
5," 1.51591"," -0.888184"," -0.0844028"
5," 1.54199"," -0.907695"," -0.0748637"
5," 1.56276"," -0.914893"," -0.0748637"
5," 1.57852"," -0.92944"," -0.0785456"
5," 1.59648"," -0.938583"," -0.0785456"
5," 1.60861"," -0.928771"," -0.0896382"
5," 1.63893"," -0.926816"," -0.0757834"
5," 1.65411"," -0.927"," -0.0757834"
5," 1.67022"," -0.927068"," -0.0779917"
5," 1.68828"," -0.92724"," -0.0779917"
5," 1.70228"," -0.931026"," -0.0748709"
5," 1.71758"," -0.932427"," -0.0748709"
5," 1.73541"," -0.935102"," -0.0695618"
5," 1.75084"," -0.936849"," -0.0695618"
5," 1.76831"," -0.938768"," -0.0544025"
5," 1.78637"," -0.940789"," -0.0544025"
5," 1.80168"," -0.943519"," -0.0585071"
5," 1.81765"," -0.945648"," -0.0585071"
5," 1.83168"," -0.947368"," -0.0553563"
5," 1.84601"," -0.94923"," -0.0553563"
5," 1.86435"," -0.950828"," -0.0411885"
5," 1.87985"," -0.952573"," -0.0411885"
5," 1.90175"," -0.97162"," -0.0480371"
5," 1.91932"," -0.97934"," -0.0480371"
5," 1.94066"," -0.991909"," -0.0503504"
5," 1.9595"," -1.00109"," -0.0503504"
5," 1.97151"," -0.995328"," -0.0363559"
5," 1.98729"," -0.999339"," -0.0363559"
5," 1.99911"," -0.99268"," -0.0558486"
5," 2.00771"," -0.993036"," -0.0558486"
5," 2.02053"," -0.991675"," -0.0666292"
5," 2.03505"," -0.991626"," -0.0666292"
5," 2.04834"," -0.992852"," -0.0660752"
5," 2.06335"," -0.99329"," -0.0660752"
5," 2.07594"," -0.992623"," -0.0532041"
5," 2.09156"," -0.992617"," -0.0532041"
5," 2.09997"," -0.990552"," -0.0612917"
5," 2.11156"," -0.989906"," -0.0612917"
5," 2.12447"," -0.990003"," -0.0381383"
5," 2.13637"," -0.989618"," -0.0381383"
5," 2.14537"," -0.989692"," -0.0482475"
5," 2.15801"," -0.989359"," -0.0482475"
5," 2.16619"," -0.988599"," -0.0450025"
5," 2.17838"," -0.988081"," -0.0450025"
5," 2.1861"," -0.98819"," -0.0406164"
5," 2.19739"," -0.987874"," -0.0406164"
5," 2.2067"," -0.987749"," -0.0278679"
5," 2.21848"," -0.987466"," -0.0278679"
5," 2.22619"," -0.987539"," -0.0300158"
5," 2.23723"," -0.987373"," -0.0300158"
5," 2.24492"," -0.987441"," -0.0292846"
5," 2.25443"," -0.987356"," -0.0292846"
5," 2.25973"," -0.987872"," -0.0233793"
5," 2.26927"," -0.98802"," -0.0233793"
5," 2.27805"," -0.988233"," -0.0359624"
5," 2.28632"," -0.988378"," -0.0359624"
5," 2.2952"," -0.988387"," -0.0307453"
5," 2.30351"," -0.988492"," -0.0307453"
5," 2.31185"," -0.988585"," -0.0335464"
5," 2.31995"," -0.988675"," -0.0335464"
5," 2.32554"," -0.988976"," -0.0318888"
5," 2.33383"," -0.989158"," -0.0318888"
5," 2.34092"," -0.990742"," -0.0155221"
5," 2.34323"," -0.991359"," -0.0155221"
5," 2.35636"," -0.993124"," -0.0303176"
5," 2.36394"," -0.994088"," -0.0303176"
5," 2.36931"," -0.994602"," -0.0271677"
5," 2.37239"," -0.994815"," -0.0271677"
5," 2.38399"," -0.996072"," -0.0236305"
5," 2.38598"," -0.996298"," -0.0236305"
5," 2.3964"," -0.997702"," -0.00635661"
5," 2.40378"," -0.998603"," -0.00635661"
5," 2.40824"," -0.999235"," -0.00995457"
5," 2.4105"," -0.999457"," -0.00995457"
5," 2.42087"," -1.00086"," -0.0115602"
5," 2.42347"," -1.00127"," -0.0115602"
5," 2.43322"," -1.00266"," -0.000783274"
5," 2.43463"," -1.00288"," -0.000783274"
5," 2.44488"," -1.00446"," 0.0653356"
5," 2.44915"," -1.00364"," 0.200331"
5," 2.45415"," -1.00375"," 0.200331"
5," 2.45396"," -1.00245"," 0.200331"
5," 2.45771"," -0.998931"," 0.317709"
5," 2.45717"," -0.997787"," 0.317709"
5," 2.45863"," -0.992335"," 0.477763"
5," 2.45658"," -0.987301"," 0.619258"
5," 2.45656"," -0.98383"," 0.619258"
5," 2.45499"," -0.98248"," 0.619258"
5," 2.45221"," -0.975093"," 0.732525"
5," 2.45135"," -0.973493"," 0.732525"
5," 2.44809"," -0.964146"," 0.75792"
5," 2.4466"," -0.957358"," 0.793493"
5," 2.44501"," -0.951816"," 0.793493"
5," 2.44466"," -0.948926"," 0.793493"
5," 2.4443"," -0.93811"," 0.822948"
5," 2.44716"," -0.929341"," 0.843783"
5," 2.44784"," -0.922266"," 0.843783"
5," 2.45109"," -0.912221"," 0.894046"
5," 2.45278"," -0.904042"," 0.894046"
5," 2.45356"," -0.900663"," 0.894046"
5," 2.457"," -0.883675"," 0.930629"
5," 2.45854"," -0.872554"," 0.974074"
5," 2.46024"," -0.862799"," 0.974074"
5," 2.46219"," -0.851153"," 1.02326"
5," 2.46426"," -0.839127"," 1.02326"
5," 2.46529"," -0.827538"," 1.0629"
5," 2.46705"," -0.814369"," 1.0629"
5," 2.46726"," -0.805558"," 1.10587"
5," 2.46849"," -0.793231"," 1.10587"
5," 2.47002"," -0.781821"," 1.1329"
5," 2.4713"," -0.770488"," 1.1329"
5," 2.47328"," -0.756303"," 1.15957"
5," 2.47485"," -0.743766"," 1.15957"
5," 2.47503"," -0.732329"," 1.18415"
5," 2.47622"," -0.718098"," 1.18415"
5," 2.47666"," -0.703442"," 1.21459"
5," 2.47762"," -0.687951"," 1.21459"
5," 2.47785"," -0.672842"," 1.23438"
5," 2.47856"," -0.655207"," 1.23438"
5," 2.47788"," -0.642005"," 1.26812"
5," 2.47802"," -0.62726"," 1.26812"
5," 2.47784"," -0.609794"," 1.2706"
5," 2.47786"," -0.594786"," 1.2706"
5," 2.47788"," -0.580687"," 1.28368"
5," 2.4779"," -0.565977"," 1.28368"
5," 2.4791"," -0.552981"," 1.31354"
5," 2.47958"," -0.539211"," 1.31354"
5," 2.48227"," -0.522283"," 1.31996"
5," 2.48361"," -0.507172"," 1.31996"
5," 2.48549"," -0.492453"," 1.34189"
5," 2.48706"," -0.476842"," 1.34189"
5," 2.4876"," -0.462292"," 1.34806"
5," 2.48869"," -0.448242"," 1.34806"
5," 2.48916"," -0.429972"," 1.35947"
5," 2.48999"," -0.414906"," 1.35947"
5," 2.48985"," -0.400382"," 1.37087"
5," 2.49033"," -0.385527"," 1.37087"
5," 2.4904"," -0.371555"," 1.38795"
5," 2.49074"," -0.357054"," 1.38795"
5," 2.49187"," -0.341827"," 1.40097"
5," 2.49252"," -0.32679"," 1.40097"
5," 2.49325"," -0.311977"," 1.41253"
5," 2.49401"," -0.294402"," 1.41253"
5," 2.49405"," -0.282017"," 1.40828"
5," 2.49449"," -0.267769"," 1.40828"
5," 2.49485"," -0.250681"," 1.41855"
5," 2.49519"," -0.238144"," 1.41855"
5," 2.49527"," -0.222972"," 1.41957"
5," 2.49553"," -0.208204"," 1.41957"
5," 2.49502"," -0.193515"," 1.42741"
5," 2.49498"," -0.177104"," 1.42741"
5," 2.49489"," -0.161036"," 1.44635"
5," 2.49484"," -0.143747"," 1.44635"
5," 2.49708"," -0.130549"," 1.4437"
5," 2.49805"," -0.113015"," 1.4437"
5," 2.5005"," -0.100336"," 1.45418"
5," 2.50214"," -0.0837039"," 1.45418"
5," 2.5038"," -0.0667457"," 1.44775"
5," 2.50558"," -0.0485596"," 1.44775"
5," 2.50704"," -0.0342383"," 1.44298"
5," 2.50892"," -0.0154801"," 1.44298"
5," 2.50985"," -0.00411698"," 1.44713"
5," 2.51144"," 0.0126894"," 1.44713"
5," 2.5129"," 0.029129"," 1.4545"
5," 2.51455"," 0.0468263"," 1.4545"
5," 2.51568"," 0.0612331"," 1.45897"
5," 2.51726"," 0.0793479"," 1.45897"
5," 2.51855"," 0.0918784"," 1.45238"
5," 2.52019"," 0.10958"," 1.45238"
5," 2.52307"," 0.12558"," 1.461"
5," 2.52534"," 0.143842"," 1.461"
5," 2.52768"," 0.156886"," 1.44994"
5," 2.53029"," 0.175627"," 1.44994"
5," 2.53208"," 0.187062"," 1.45802"
5," 2.53458"," 0.204416"," 1.45802"
5," 2.53736"," 0.220215"," 1.46672"
5," 2.53979"," 0.235844"," 1.46672"
5," 2.54238"," 0.251391"," 1.45721"
5," 2.54535"," 0.270073"," 1.45721"
5," 2.54727"," 0.283961"," 1.45293"
5," 2.55009"," 0.302403"," 1.45293"
5," 2.55184"," 0.317311"," 1.46205"
5," 2.55401"," 0.332612"," 1.46205"
5," 2.55657"," 0.348495"," 1.46137"
5," 2.55911"," 0.36543"," 1.46137"
5," 2.56055"," 0.379515"," 1.46769"
5," 2.56253"," 0.394249"," 1.46769"
5," 2.5634"," 0.411764"," 1.45669"
5," 2.5652"," 0.429185"," 1.45669"
5," 2.56643"," 0.444755"," 1.46662"
5," 2.56824"," 0.463582"," 1.46662"
5," 2.56982"," 0.477111"," 1.46461"
5," 2.57168"," 0.495343"," 1.46461"
5," 2.57383"," 0.509168"," 1.46453"
5," 2.57592"," 0.526923"," 1.46453"
5," 2.57825"," 0.543899"," 1.45954"
5," 2.58023"," 0.559934"," 1.45954"
5," 2.58257"," 0.571887"," 1.45859"
5," 2.58473"," 0.586999"," 1.45859"
5," 2.58731"," 0.608355"," 1.46889"
5," 2.5874"," 0.613699"," 1.46889"
5," 2.59134"," 0.640871"," 1.45321"
5," 2.59348"," 0.657296"," 1.45321"
5," 2.59564"," 0.668184"," 1.46895"
5," 2.59778"," 0.682968"," 1.46895"
5," 2.6001"," 0.696571"," 1.46533"
5," 2.60238"," 0.711521"," 1.46533"
5," 2.604"," 0.727328"," 1.47582"
5," 2.60624"," 0.743993"," 1.47582"
5," 2.60669"," 0.75489"," 1.47174"
5," 2.60847"," 0.77071"," 1.47174"
5," 2.6101"," 0.784719"," 1.47041"
5," 2.61165"," 0.798328"," 1.47041"
5," 2.61342"," 0.812109"," 1.46593"
5," 2.61506"," 0.825913"," 1.46593"
5," 2.61694"," 0.835565"," 1.46841"
5," 2.61863"," 0.84785"," 1.46841"
5," 2.6202"," 0.862054"," 1.45644"
5," 2.62029"," 0.866444"," 1.45644"
5," 2.62381"," 0.887413"," 1.46505"
5," 2.62591"," 0.902434"," 1.46505"
5," 2.62708"," 0.911496"," 1.46968"
5," 2.62872"," 0.923578"," 1.46968"
5," 2.63002"," 0.933048"," 1.46034"
5," 2.63122"," 0.93852"," 1.46034"
5," 2.63298"," 0.956789"," 1.46985"
5," 2.63466"," 0.970068"," 1.46985"
5," 2.63462"," 0.975671"," 1.46332"
5," 2.63511"," 0.979475"," 1.46332"
5," 2.63851"," 0.997463"," 1.45876"
5," 2.63989"," 1.00228"," 1.45876"
5," 2.64203"," 1.01886"," 1.45169"
5," 2.6436"," 1.02891"," 1.45169"
5," 2.64353"," 1.03298"," 1.45843"
5," 2.64384"," 1.03532"," 1.45843"
5," 2.64531"," 1.05064"," 1.45468"
5," 2.64557"," 1.05502"," 1.45468"
5," 2.64644"," 1.06888"," 1.45888"
5," 2.64718"," 1.07828"," 1.45888"
5," 2.64792"," 1.08405"," 1.44161"
5," 2.64867"," 1.09233"," 1.44161"
5," 2.65027"," 1.10084"," 1.45524"
5," 2.65083"," 1.10444"," 1.45524"
5," 2.65156"," 1.11655"," 1.46198"
5," 2.65233"," 1.12477"," 1.46198"
5," 2.65262"," 1.13182"," 1.45173"
5," 2.65323"," 1.13941"," 1.45173"
5," 2.65403"," 1.14667"," 1.44707"
5," 2.65423"," 1.14908"," 1.44707"
5," 2.65519"," 1.16095"," 1.46026"
5," 2.65591"," 1.16944"," 1.46026"
5," 2.65616"," 1.17557"," 1.44141"
5," 2.65629"," 1.17864"," 1.44141"
5," 2.65737"," 1.19066"," 1.44575"
5," 2.65766"," 1.19267"," 1.44575"
5," 2.65854"," 1.20464"," 1.45147"
5," 2.65911"," 1.21164"," 1.45147"
5," 2.66003"," 1.21676"," 1.45169"
5," 2.66051"," 1.21856"," 1.45169"
5," 2.66135"," 1.23087"," 1.45903"
5," 2.66119"," 1.23275"," 1.45903"
5," 2.66301"," 1.24398"," 1.44367"
5," 2.66344"," 1.24391"," 1.44367"
5," 2.66333"," 1.25115"," 1.53109"
5," 2.66071"," 1.2541"," 1.64023"
5," 2.65983"," 1.25804"," 1.64023"
5," 2.65815"," 1.25877"," 1.64023"
5," 2.65346"," 1.26238"," 1.76869"
5," 2.64963"," 1.26013"," 1.91564"
5," 2.64677"," 1.26083"," 1.91564"
5," 2.6419"," 1.25831"," 2.03509"
5," 2.63765"," 1.25765"," 2.03509"
5," 2.63136"," 1.25707"," 2.10487"
5," 2.62567"," 1.25638"," 2.10487"
5," 2.61723"," 1.25578"," 2.18264"
5," 2.61079"," 1.25517"," 2.18264"
5," 2.5992"," 1.25534"," 2.24074"
5," 2.58996"," 1.25504"," 2.24074"
5," 2.57871"," 1.25635"," 2.28222"
5," 2.56857"," 1.25671"," 2.28222"
5," 2.55687"," 1.25778"," 2.33106"
5," 2.54662"," 1.25838"," 2.33106"
5," 2.5339"," 1.259"," 2.39163"
5," 2.52147"," 1.25967"," 2.39163"
5," 2.50978"," 1.26034"," 2.43555"
5," 2.49618"," 1.26112"," 2.43555"
5," 2.4884"," 1.26194"," 2.48827"
5," 2.47601"," 1.26282"," 2.48827"
5," 2.46368"," 1.26407"," 2.53013"
5," 2.45016"," 1.2652"," 2.53013"
5," 2.42409"," 1.26652"," 2.56369"
5," 2.41406"," 1.26627"," 2.60061"
5," 2.4017"," 1.26669"," 2.60061"
5," 2.38824"," 1.2667"," 2.64126"
5," 2.3739"," 1.26698"," 2.64126"
5," 2.36106"," 1.26771"," 2.66373"
5," 2.34803"," 1.26819"," 2.66373"
5," 2.33532"," 1.26934"," 2.70295"
5," 2.32269"," 1.27006"," 2.70295"
5," 2.3081"," 1.27067"," 2.72812"
5," 2.2949"," 1.27133"," 2.72812"
5," 2.27987"," 1.27245"," 2.76331"
5," 2.2659"," 1.27334"," 2.76331"
5," 2.25355"," 1.2738"," 2.78484"
5," 2.24034"," 1.27449"," 2.78484"
5," 2.22687"," 1.27515"," 2.80394"
5," 2.21145"," 1.27596"," 2.80394"
5," 2.19849"," 1.27669"," 2.81836"
5," 2.18437"," 1.27741"," 2.81836"
5," 2.17013"," 1.27807"," 2.85336"
5," 2.15608"," 1.27877"," 2.85336"
5," 2.1409"," 1.28074"," 2.8644"
5," 2.12423"," 1.28212"," 2.8644"
5," 2.1106"," 1.28336"," 2.88212"
5," 2.09552"," 1.2846"," 2.88212"
5," 2.082"," 1.28518"," 2.89761"
5," 2.06723"," 1.28619"," 2.89761"
5," 2.05144"," 1.28736"," 2.9004"
5," 2.03706"," 1.28838"," 2.9004"
5," 2.02024"," 1.28836"," 2.90725"
5," 2.0051"," 1.28895"," 2.90725"
5," 1.99309"," 1.28873"," 2.92628"
5," 1.97666"," 1.2891"," 2.92628"
5," 1.96208"," 1.29093"," 2.93987"
5," 1.94737"," 1.29182"," 2.93987"
5," 1.93368"," 1.29449"," 2.94075"
5," 1.91641"," 1.29637"," 2.94075"
5," 1.90321"," 1.29689"," 2.95384"
5," 1.88923"," 1.29806"," 2.95384"
5," 1.8712"," 1.29871"," 2.96048"
5," 1.8536"," 1.29983"," 2.96048"
5," 1.80713"," 1.32305"," 2.95862"
5," 1.77704"," 1.333"," 2.95862"
5," 1.77242"," 1.32976"," 2.97093"
5," 1.75093"," 1.33482"," 2.97093"
5," 1.74362"," 1.33181"," 2.97544"
5," 1.72829"," 1.33362"," 2.97544"
5," 1.71333"," 1.33434"," 2.97781"
5," 1.69833"," 1.3357"," 2.97781"
5," 1.68441"," 1.33702"," 2.98574"
5," 1.66801"," 1.33855"," 2.98574"
5," 1.65288"," 1.34014"," 2.98969"
5," 1.63635"," 1.34176"," 2.98969"
5," 1.61919"," 1.34317"," 2.99339"
5," 1.60327"," 1.34461"," 2.99339"
5," 1.58949"," 1.344"," 3.0021"
5," 1.57265"," 1.34475"," 3.0021"
5," 1.55671"," 1.34646"," 2.99991"
5," 1.54125"," 1.34751"," 2.99991"
5," 1.52686"," 1.34816"," 3.0114"
5," 1.5112"," 1.3491"," 3.0114"
5," 1.49698"," 1.35011"," 3.01702"
5," 1.47997"," 1.3512"," 3.01702"
5," 1.46398"," 1.35303"," 3.03148"
5," 1.44648"," 1.35449"," 3.03148"
5," 1.41938"," 1.36749"," 3.01296"
5," 1.39629"," 1.37422"," 3.01296"
5," 1.37252"," 1.38061"," 3.02111"
5," 1.3479"," 1.38756"," 3.02111"
5," 1.33193"," 1.38509"," 3.01887"
5," 1.30932"," 1.38861"," 3.01887"
5," 1.30007"," 1.38896"," 3.01934"
5," 1.28234"," 1.39131"," 3.01934"
5," 1.27223"," 1.39171"," 3.01719"
5," 1.25874"," 1.39318"," 3.01719"
5," 1.24354"," 1.39255"," 3.02633"
5," 1.22719"," 1.39338"," 3.02633"
5," 1.20967"," 1.39662"," 3.02314"
5," 1.19478"," 1.39817"," 3.02314"
5," 1.17914"," 1.39866"," 3.01978"
5," 1.1645"," 1.39979"," 3.01978"
5," 1.14521"," 1.40136"," 3.03824"
5," 1.12708"," 1.4028"," 3.03824"
5," 1.1145"," 1.40836"," 3.03453"
5," 1.09787"," 1.41138"," 3.03453"
5," 1.08198"," 1.41054"," 3.03471"
5," 1.06578"," 1.41214"," 3.03471"
5," 1.05076"," 1.41529"," 3.04469"
5," 1.03418"," 1.41755"," 3.04469"
5," 1.01871"," 1.42119"," 3.04756"
5," 1.00466"," 1.42358"," 3.04756"
5," 0.994769"," 1.42829"," 3.03743"
5," 0.982427"," 1.43136"," 3.03743"
5," 0.959569"," 1.4289"," 3.05343"
5," 0.943771"," 1.43013"," 3.05343"
5," 0.933671"," 1.43096"," 3.05298"
5," 0.91975"," 1.43206"," 3.05298"
5," 0.909239"," 1.43139"," 3.03633"
5," 0.895748"," 1.4319"," 3.03633"
5," 0.884052"," 1.43828"," 3.06946"
5," 0.8707"," 1.44098"," 3.06946"
5," 0.859233"," 1.44048"," 3.05521"
5," 0.846359"," 1.44207"," 3.05521"
5," 0.836298"," 1.44302"," 3.04718"
5," 0.825652"," 1.44423"," 3.04718"
5," 0.810173"," 1.44598"," 3.04608"
5," 0.798268"," 1.44733"," 3.04608"
5," 0.791551"," 1.45104"," 3.06169"
5," 0.781745"," 1.4531"," 3.06169"
5," 0.767457"," 1.45338"," 3.04874"
5," 0.756492"," 1.45477"," 3.04874"
5," 0.745089"," 1.45388"," 3.05721"
5," 0.734686"," 1.45446"," 3.05721"
5," 0.725305"," 1.45518"," 3.05547"
5," 0.705897"," 1.45579"," 3.05333"
5," 0.696655"," 1.45617"," 3.05333"
5," 0.686978"," 1.45898"," 3.06643"
5," 0.678161"," 1.46013"," 3.06643"
5," 0.670506"," 1.46207"," 3.05585"
5," 0.662524"," 1.46341"," 3.05585"
5," 0.654112"," 1.46196"," 3.04821"
5," 0.654112"," 1.46196"," 3.04821"
5," 0.635603"," 1.46281"," 3.05733"
5," 0.635603"," 1.46281"," 3.05733"
5," 0.619181"," 1.46508"," 3.04965"
5," 0.609878"," 1.46611"," 3.04965"
5," 0.604264"," 1.46583"," 3.06714"
5," 0.595972"," 1.46638"," 3.06714"
5," 0.587629"," 1.46696"," 3.06046"
5," 0.578898"," 1.46755"," 3.06046"
5," 0.571533"," 1.46856"," 3.04358"
5," 0.564601"," 1.4692"," 3.04358"
5," 0.557301"," 1.47045"," 3.06049"
5," 0.549305"," 1.47143"," 3.06049"
5," 0.541246"," 1.47149"," 3.06108"
5," 0.533354"," 1.47212"," 3.06108"
5," 0.526878"," 1.47505"," 3.04391"
5," 0.519247"," 1.47655"," 3.04391"
5," 0.513392"," 1.47561"," 3.06307"
5," 0.505269"," 1.4766"," 3.05722"
5," 0.4978"," 1.47748"," 3.05722"
5," 0.490434"," 1.47869"," 3.06988"
5," 0.485152"," 1.47948"," 3.06988"
5," 0.477932"," 1.48048"," 3.06988"
5," 0.474635"," 1.48076"," 3.06299"
5," 0.469119"," 1.48147"," 3.06299"
5," 0.462686"," 1.47985"," 3.06121"
5," 0.456401"," 1.47975"," 3.06121"
5," 0.450952"," 1.47941"," 3.11174"
5," 0.445495"," 1.47924"," 3.11174"
5," 0.445024"," 1.47288"," -3.07331"
5," 0.44142"," 1.47081"," -3.07331"
5," 0.442145"," 1.46365"," -2.97273"
5," 0.439675"," 1.45948"," -2.97273"
5," 0.438096"," 1.45159"," -2.89135"
5," 0.435892"," 1.44605"," -2.89135"
5," 0.435817"," 1.43929"," -2.81524"
5," 0.434362"," 1.43335"," -2.81524"
5," 0.43495"," 1.42518"," -2.71779"
5," 0.434151"," 1.41815"," -2.71779"
5," 0.431414"," 1.40843"," -2.65541"
5," 0.428957"," 1.39656"," -2.59958"
5," 0.426869"," 1.38626"," -2.59958"
5," 0.425082"," 1.37727"," -2.59958"
5," 0.430621"," 1.3684"," -2.52801"
5," 0.43103"," 1.35967"," -2.52801"
5," 0.42817"," 1.35168"," -2.46907"
5," 0.427443"," 1.34219"," -2.46907"
5," 0.427072"," 1.32932"," -2.40204"
5," 0.42644"," 1.31805"," -2.40204"
5," 0.428647"," 1.30009"," -2.34058"
5," 0.429033"," 1.28593"," -2.34058"
5," 0.426131"," 1.28335"," -2.28836"
5," 0.42641"," 1.26572"," -2.24677"
5," 0.426175"," 1.25359"," -2.24677"
5," 0.427362"," 1.24412"," -2.20559"
5," 0.428099"," 1.23166"," -2.20559"
5," 0.430415"," 1.21501"," -2.17096"
5," 0.431873"," 1.20257"," -2.17096"
5," 0.429341"," 1.18817"," -2.12318"
5," 0.429054"," 1.17325"," -2.12318"
5," 0.428216"," 1.16228"," -2.09948"
5," 0.427694"," 1.14876"," -2.09948"
5," 0.428724"," 1.13399"," -2.06641"
5," 0.428805"," 1.12193"," -2.06641"
5," 0.431265"," 1.10589"," -2.0132"
5," 0.432321"," 1.0911"," -2.0132"
5," 0.430907"," 1.07668"," -1.99038"
5," 0.431003"," 1.0612"," -1.99038"
5," 0.427823"," 1.04707"," -1.9557"
5," 0.42675"," 1.03375"," -1.9557"
5," 0.431402"," 1.0213"," -1.93706"
5," 0.432454"," 1.00888"," -1.93706"
5," 0.43038"," 0.997096"," -1.91029"
5," 0.430237"," 0.983252"," -1.91029"
5," 0.426617"," 0.966151"," -1.8878"
5," 0.425174"," 0.951748"," -1.8878"
5," 0.430155"," 0.935408"," -1.86614"
5," 0.431069"," 0.92151"," -1.86614"
5," 0.428944"," 0.902839"," -1.84855"
5," 0.428774"," 0.887866"," -1.84855"
5," 0.424387"," 0.867613"," -1.82365"
5," 0.422802"," 0.851795"," -1.82365"
5," 0.424845"," 0.840546"," -1.81562"
5," 0.424552"," 0.824416"," -1.81562"
5," 0.423254"," 0.805974"," -1.80478"
5," 0.422541"," 0.788257"," -1.80478"
5," 0.42832"," 0.776529"," -1.79173"
5," 0.430101"," 0.760513"," -1.79173"
5," 0.425963"," 0.743596"," -1.76895"
5," 0.425512"," 0.726501"," -1.76895"
5," 0.421761"," 0.719554"," -1.77328"
5," 0.420031"," 0.70579"," -1.77328"
5," 0.418189"," 0.688715"," -1.76266"
5," 0.416581"," 0.675133"," -1.76266"
5," 0.419318"," 0.659508"," -1.74947"
5," 0.419208"," 0.646059"," -1.74947"
5," 0.414673"," 0.626638"," -1.7484"
5," 0.413138"," 0.611856"," -1.7484"
5," 0.414571"," 0.599265"," -1.74409"
5," 0.414052"," 0.586009"," -1.74409"
5," 0.412765"," 0.570122"," -1.75219"
5," 0.411971"," 0.555628"," -1.75219"
5," 0.416525"," 0.535643"," -1.75014"
5," 0.417576"," 0.519376"," -1.75014"
5," 0.409439"," 0.502537"," -1.74388"
5," 0.407258"," 0.484975"," -1.74388"
5," 0.408501"," 0.473996"," -1.73584"
5," 0.407578"," 0.459722"," -1.73584"
5," 0.404113"," 0.439558"," -1.73086"
5," 0.402503"," 0.424637"," -1.73086"
5," 0.404969"," 0.40737"," -1.73239"
5," 0.404612"," 0.392137"," -1.73239"
5," 0.401217"," 0.378942"," -1.717"
5," 0.399767"," 0.363112"," -1.717"
5," 0.394645"," 0.346234"," -1.71682"
5," 0.391892"," 0.329606"," -1.71682"
5," 0.390001"," 0.318122"," -1.71144"
5," 0.387335"," 0.301996"," -1.71144"
5," 0.385055"," 0.284724"," -1.71779"
5," 0.382829"," 0.270186"," -1.71779"
5," 0.383695"," 0.252884"," -1.70479"
5," 0.382448"," 0.234092"," -1.71505"
5," 0.381524"," 0.220638"," -1.71505"
5," 0.380451"," 0.205676"," -1.71505"
5," 0.378703"," 0.189121"," -1.71098"
5," 0.377502"," 0.174631"," -1.71098"
5," 0.375616"," 0.156218"," -1.70303"
5," 0.376302"," 0.135739"," -1.70634"
5," 0.376471"," 0.12112"," -1.70634"
5," 0.376232"," 0.105321"," -1.70634"
5," 0.367453"," 0.0941203"," -1.71137"
5," 0.364557"," 0.0795758"," -1.71137"
5," 0.364614"," 0.0615773"," -1.69745"
5," 0.360678"," 0.0423767"," -1.69704"
5," 0.358127"," 0.0290849"," -1.69704"
5," 0.355266"," 0.0125867"," -1.69704"
5," 0.356099"," 0.00298281"," -1.70852"
5," 0.354228"," -0.0130322"," -1.70852"
5," 0.351541"," -0.031465"," -1.70761"
5," 0.349208"," -0.0504405"," -1.71652"
5," 0.347529"," -0.0639953"," -1.71652"
5," 0.345389"," -0.0811378"," -1.71652"
5," 0.340753"," -0.0883968"," -1.71582"
5," 0.333005"," -0.127599"," -1.70641"
5," 0.330076"," -0.14595"," -1.70101"
5," 0.327533"," -0.160799"," -1.70101"
5," 0.324865"," -0.175727"," -1.70101"
5," 0.325377"," -0.186048"," -1.69192"
5," 0.323726"," -0.199073"," -1.69192"
5," 0.321521"," -0.218713"," -1.68092"
5," 0.319247"," -0.23726"," -1.68869"
5," 0.317481"," -0.251704"," -1.68869"
5," 0.317745"," -0.266261"," -1.68138"
5," 0.317465"," -0.278314"," -1.68138"
5," 0.314347"," -0.292677"," -1.68411"
5," 0.312374"," -0.304243"," -1.68411"
5," 0.308372"," -0.318733"," -1.68929"
5," 0.305513"," -0.330664"," -1.68929"
5," 0.303013"," -0.342399"," -1.68929"
5," 0.304803"," -0.35738"," -1.68812"
5," 0.30163"," -0.371603"," -1.68647"
5," 0.299501"," -0.382872"," -1.68647"
5," 0.293641"," -0.398189"," -1.69596"
5," 0.29037"," -0.407484"," -1.69596"
5," 0.290888"," -0.418854"," -1.69419"
5," 0.290378"," -0.428292"," -1.69419"
5," 0.286675"," -0.440745"," -1.69319"
5," 0.284195"," -0.450616"," -1.69319"
5," 0.286243"," -0.461777"," -1.69385"
5," 0.287064"," -0.468858"," -1.69385"
5," 0.282513"," -0.483427"," -1.69976"
5," 0.279847"," -0.494236"," -1.69976"
5," 0.279275"," -0.504557"," -1.69114"
5," 0.278135"," -0.515377"," -1.69114"
5," 0.275301"," -0.524544"," -1.6892"
5," 0.2733"," -0.532577"," -1.6892"
5," 0.276682"," -0.537275"," -1.69114"
5," 0.278134"," -0.54393"," -1.69114"
5," 0.274252"," -0.548535"," -1.70192"
5," 0.273064"," -0.554411"," -1.70192"
5," 0.264663"," -0.575328"," -1.693"
5," 0.260842"," -0.586445"," -1.693"
5," 0.262293"," -0.584783"," -1.70883"
5," 0.260577"," -0.590812"," -1.70883"
5," 0.254092"," -0.607314"," -1.70102"
5," 0.250851"," -0.616424"," -1.70102"
5," 0.248876"," -0.624547"," -1.71716"
5," 0.247174"," -0.630793"," -1.71716"
5," 0.250439"," -0.639689"," -1.72322"
5," 0.250258"," -0.648659"," -1.72322"
5," 0.252397"," -0.653547"," -1.70673"
5," 0.253117"," -0.660325"," -1.70673"
5," 0.246019"," -0.676647"," -1.70687"
5," 0.24287"," -0.684483"," -1.70687"
5," 0.248618"," -0.682075"," -1.71978"
5," 0.251308"," -0.683067"," -1.71978"
5," 0.250399"," -0.69015"," -1.71379"
5," 0.25031"," -0.696106"," -1.71379"
5," 0.245704"," -0.706787"," -1.71109"
5," 0.243128"," -0.714121"," -1.71109"
5," 0.239911"," -0.719982"," -1.70742"
5," 0.237425"," -0.725662"," -1.70742"
5," 0.238097"," -0.731567"," -1.71442"
5," 0.237692"," -0.737711"," -1.71442"
5," 0.238771"," -0.742729"," -1.70883"
5," 0.23915"," -0.747693"," -1.70883"
5," 0.239215"," -0.752882"," -1.70883"
5," 0.226617"," -0.761539"," -1.73105"
5," 0.235482"," -0.759966"," -1.68269"
5," 0.240192"," -0.761053"," -1.68269"
5," 0.2418"," -0.762029"," -1.59549"
5," 0.242981"," -0.76286"," -1.59549"
5," 0.25092"," -0.768594"," -1.48299"
5," 0.255918"," -0.772232"," -1.48299"
5," 0.261438"," -0.782729"," -1.36552"
5," 0.265721"," -0.789615"," -1.36552"
5," 0.272609"," -0.778251"," -1.27845"
5," 0.277203"," -0.773018"," -1.27845"
5," 0.284261"," -0.772173"," -1.19187"
5," 0.289573"," -0.771071"," -1.19187"
5," 0.299612"," -0.773324"," -1.10936"
5," 0.307554"," -0.773428"," -1.10936"
5," 0.317257"," -0.772601"," -1.03846"
5," 0.32381"," -0.772193"," -1.03846"
5," 0.337638"," -0.77424"," -0.971967"
5," 0.34685"," -0.77484"," -0.971967"
5," 0.355549"," -0.773722"," -0.895728"
5," 0.364171"," -0.773648"," -0.895728"
5," 0.377413"," -0.771808"," -0.837736"
5," 0.386863"," -0.770782"," -0.837736"
5," 0.394608"," -0.768792"," -0.772775"
5," 0.404521"," -0.767394"," -0.772775"
5," 0.420031"," -0.770905"," -0.717518"
5," 0.430779"," -0.771456"," -0.717518"
5," 0.443899"," -0.769976"," -0.682877"
5," 0.456222"," -0.769735"," -0.682877"
5," 0.467477"," -0.770696"," -0.619998"
5," 0.480071"," -0.770942"," -0.619998"
5," 0.492205"," -0.770944"," -0.568475"
5," 0.505904"," -0.77111"," -0.568475"
5," 0.515435"," -0.770278"," -0.515367"
5," 0.527701"," -0.77004"," -0.515367"
5," 0.539998"," -0.771176"," -0.480043"
5," 0.552894"," -0.771499"," -0.480043"
5," 0.564075"," -0.771364"," -0.450525"
5," 0.575216"," -0.771496"," -0.450525"
5," 0.598407"," -0.773815"," -0.426635"
5," 0.598407"," -0.773815"," -0.426635"
5," 0.615631"," -0.774815"," -0.388217"
5," 0.630002"," -0.775664"," -0.388217"
5," 0.646436"," -0.775764"," -0.356302"
5," 0.673518"," -0.774209"," -0.338564"
5," 0.688319"," -0.773732"," -0.338564"
5," 0.708816"," -0.775357"," -0.322192"
5," 0.723638"," -0.77565"," -0.322192"
5," 0.723638"," -0.77565"," -0.322192"
5," 0.751461"," -0.775483"," -0.30969"
5," 0.76868"," -0.773975"," -0.29099"
5," 0.782394"," -0.773545"," -0.29099"
5," 0.799439"," -0.77195"," -0.280063"
5," 0.815645"," -0.771038"," -0.280063"
5," 0.815645"," -0.771038"," -0.280063"
5," 0.828449"," -0.771934"," -0.275862"
5," 0.844493"," -0.771678"," -0.275862"
5," 0.857702"," -0.774811"," -0.252598"
5," 0.873075"," -0.775849"," -0.252598"
5," 0.888624"," -0.775494"," -0.233889"
5," 0.921879"," -0.776192"," -0.210189"
5," 0.939179"," -0.776612"," -0.210189"
5," 0.953382"," -0.776482"," -0.218567"
5," 0.968203"," -0.776685"," -0.218567"
5," 0.982202"," -0.777735"," -0.201732"
5," 0.998016"," -0.778276"," -0.201732"
5," 1.0144"," -0.77932"," -0.186737"
5," 1.03099"," -0.780069"," -0.186737"
5," 1.04398"," -0.783181"," -0.188301"
5," 1.05745"," -0.784586"," -0.188301"
5," 1.0751"," -0.785943"," -0.174783"
5," 1.08966"," -0.787301"," -0.174783"
5," 1.10825"," -0.787429"," -0.17389"
5," 1.1239"," -0.788348"," -0.17389"
5," 1.1399"," -0.791192"," -0.166982"
5," 1.15424"," -0.792638"," -0.166982"
5," 1.16909"," -0.795794"," -0.15594"
5," 1.18607"," -0.798174"," -0.15594"
5," 1.20344"," -0.801013"," -0.149988"
5," 1.21754"," -0.803114"," -0.149988"
5," 1.23207"," -0.805499"," -0.145618"
5," 1.24643"," -0.807713"," -0.145618"
5," 1.26306"," -0.808695"," -0.142371"
5," 1.28017"," -0.810701"," -0.142371"
5," 1.29398"," -0.814652"," -0.154707"
5," 1.31115"," -0.817622"," -0.154707"
5," 1.32532"," -0.817979"," -0.144484"
5," 1.34155"," -0.819982"," -0.144484"
5," 1.35836"," -0.822548"," -0.129967"
5," 1.37317"," -0.824538"," -0.129967"
5," 1.39237"," -0.828612"," -0.134413"
5," 1.40818"," -0.831227"," -0.134413"
5," 1.42768"," -0.831171"," -0.108948"
5," 1.44327"," -0.832737"," -0.108948"
5," 1.45524"," -0.831529"," -0.115073"
5," 1.46964"," -0.832177"," -0.115073"
5," 1.49193"," -0.829488"," -0.113065"
5," 1.50795"," -0.829034"," -0.113065"
5," 1.5313"," -0.854393"," -0.0984111"
5," 1.55177"," -0.864545"," -0.0984111"
5," 1.56473"," -0.874947"," -0.113837"
5," 1.58384"," -0.885832"," -0.113837"
5," 1.59581"," -0.878459"," -0.112817"
5," 1.61124"," -0.882445"," -0.112817"
5," 1.63012"," -0.879289"," -0.120516"
5," 1.64622"," -0.880773"," -0.120516"
5," 1.66175"," -0.88122"," -0.122802"
5," 1.67729"," -0.882325"," -0.122802"
5," 1.69239"," -0.885881"," -0.115488"
5," 1.71031"," -0.888147"," -0.115488"
5," 1.72613"," -0.890801"," -0.112201"
5," 1.74199"," -0.89301"," -0.112201"
5," 1.75693"," -0.895003"," -0.120227"
5," 1.77199"," -0.897068"," -0.120227"
5," 1.78925"," -0.900417"," -0.108718"
5," 1.80442"," -0.902824"," -0.108718"
5," 1.82495"," -0.907302"," -0.108754"
5," 1.84132"," -0.91032"," -0.108754"
5," 1.85207"," -0.911406"," -0.107592"
5," 1.86581"," -0.913634"," -0.107592"
5," 1.87342"," -0.914333"," -0.104515"
5," 1.90032"," -0.938797"," -0.105546"
5," 1.93783"," -0.957069"," -0.104626"
5," 1.96143"," -0.970218"," -0.104626"
5," 1.96304"," -0.961299"," -0.105296"
5," 1.98364"," -0.968976"," -0.105296"
5," 1.99899"," -0.965637"," -0.112305"
5," 2.01592"," -0.968968"," -0.112305"
5," 2.01192"," -0.964636"," -0.106949"
5," 2.02449"," -0.965762"," -0.106949"
5," 2.03604"," -0.966376"," -0.0873404"
5," 2.04799"," -0.967296"," -0.0873404"
5," 2.0708"," -0.969549"," -0.0836636"
5," 2.08659"," -0.970937"," -0.0836636"
5," 2.09279"," -0.970989"," -0.0913626"
5," 2.10755"," -0.972053"," -0.0913626"
5," 2.11333"," -0.971014"," -0.0871902"
5," 2.12419"," -0.971295"," -0.0871902"
5," 2.13518"," -0.971194"," -0.0941369"
5," 2.14602"," -0.971355"," -0.0941369"
5," 2.15715"," -0.972184"," -0.0848071"
5," 2.16966"," -0.972624"," -0.0848071"
5," 2.17849"," -0.971924"," -0.0773899"
5," 2.19053"," -0.971925"," -0.0773899"
5," 2.199"," -0.972213"," -0.0788106"
5," 2.21027"," -0.972338"," -0.0788106"
5," 2.21684"," -0.97287"," -0.0681804"
5," 2.2225"," -0.972692"," -0.0681804"
5," 2.23968"," -0.972912"," -0.0712776"
5," 2.24952"," -0.973008"," -0.0712776"
5," 2.25678"," -0.973299"," -0.0518671"
5," 2.26592"," -0.973454"," -0.0518671"
5," 2.27432"," -0.973424"," -0.0538202"
5," 2.27887"," -0.973369"," -0.0538202"
5," 2.29413"," -0.974115"," -0.061919"
5," 2.30008"," -0.974663"," -0.0709151"
5," 2.30941"," -0.975086"," -0.0709151"
5," 2.31051"," -0.975077"," -0.0709151"
5," 2.3253"," -0.976573"," -0.0486572"
5," 2.33349"," -0.977182"," -0.0486572"
5," 2.34389"," -0.977201"," -0.0529925"
5," 2.35245"," -0.977625"," -0.0529925"
5," 2.35794"," -0.977795"," -0.0582625"
5," 2.36559"," -0.978145"," -0.0582625"
5," 2.36538"," -0.979087"," -0.0592366"
5," 2.37349"," -0.98165"," -0.0525187"
5," 2.38113"," -0.983327"," -0.0525187"
5," 2.38692"," -0.985216"," -0.0345755"
5," 2.3954"," -0.987013"," -0.0345755"
5," 2.4061"," -0.989343"," -0.0440199"
5," 2.41176"," -0.99119"," -0.045501"
5," 2.41772"," -0.992754"," -0.045501"
5," 2.42337"," -0.994048"," -0.0446173"
5," 2.42936"," -0.995525"," -0.0446173"
5," 2.42998"," -0.995186"," -0.0446173"
5," 2.43978"," -0.995586"," -0.013375"
5," 2.44611"," -0.99627"," -0.013375"
5," 2.45051"," -0.994578"," 0.103543"
5," 2.45654"," -0.994452"," 0.103543"
5," 2.45433"," -0.992583"," 0.257165"
5," 2.45541"," -0.98887"," 0.423518"
5," 2.45742"," -0.986876"," 0.423518"
5," 2.45414"," -0.983661"," 0.591127"
5," 2.45402"," -0.981272"," 0.591127"
5," 2.45042"," -0.978121"," 0.716886"
5," 2.44874"," -0.975133"," 0.716886"
5," 2.44614"," -0.971488"," 0.745841"
5," 2.44426"," -0.968471"," 0.745841"
5," 2.44294"," -0.966219"," 0.735505"
5," 2.44129"," -0.963538"," 0.735505"
5," 2.44171"," -0.959378"," 0.750049"
5," 2.44092"," -0.956046"," 0.750049"
5," 2.44408"," -0.949471"," 0.768562"
5," 2.44487"," -0.944978"," 0.768562"
5," 2.44866"," -0.937428"," 0.811399"
5," 2.45062"," -0.931767"," 0.811399"
5," 2.45403"," -0.921777"," 0.873344"
5," 2.45679"," -0.913688"," 0.873344"
5," 2.45671"," -0.912326"," 0.873344"
5," 2.46057"," -0.897158"," 0.927613"
5," 2.46155"," -0.888166"," 0.978885"
5," 2.46328"," -0.879688"," 0.978885"
5," 2.46375"," -0.86856"," 1.01344"
5," 2.46516"," -0.857823"," 1.01344"
5," 2.46614"," -0.84581"," 1.05933"
5," 2.46729"," -0.835496"," 1.05933"
5," 2.46857"," -0.825269"," 1.08441"
5," 2.46976"," -0.815059"," 1.08441"
5," 2.47106"," -0.801457"," 1.11748"
5," 2.47224"," -0.790293"," 1.11748"
5," 2.47371"," -0.776098"," 1.14108"
5," 2.47502"," -0.763738"," 1.14108"
5," 2.47721"," -0.751251"," 1.1654"
5," 2.47881"," -0.739121"," 1.1654"
5," 2.48004"," -0.724311"," 1.21394"
5," 2.48169"," -0.709296"," 1.21394"
5," 2.48162"," -0.691417"," 1.2276"
5," 2.48255"," -0.676242"," 1.2276"
5," 2.48264"," -0.663546"," 1.23867"
5," 2.48337"," -0.646935"," 1.23867"
5," 2.48334"," -0.633525"," 1.26591"
5," 2.4838"," -0.61725"," 1.26591"
5," 2.48326"," -0.602309"," 1.28713"
5," 2.48334"," -0.584992"," 1.28713"
5," 2.48336"," -0.574267"," 1.30025"
5," 2.48344"," -0.558192"," 1.30025"
5," 2.48545"," -0.540907"," 1.32032"
5," 2.48622"," -0.525146"," 1.32032"
5," 2.48863"," -0.512427"," 1.3383"
5," 2.49021"," -0.494938"," 1.3383"
5," 2.49087"," -0.484721"," 1.3554"
5," 2.49218"," -0.468938"," 1.3554"
5," 2.4934"," -0.452655"," 1.37284"
5," 2.49468"," -0.436782"," 1.37284"
5," 2.49551"," -0.420373"," 1.3699"
5," 2.49671"," -0.402618"," 1.3699"
5," 2.49553"," -0.391519"," 1.38387"
5," 2.49587"," -0.37682"," 1.38387"
5," 2.49495"," -0.359591"," 1.38556"
5," 2.49489"," -0.344893"," 1.38556"
5," 2.4968"," -0.328509"," 1.38756"
5," 2.4975"," -0.311376"," 1.38756"
5," 2.49903"," -0.302077"," 1.39445"
5," 2.50007"," -0.286229"," 1.39445"
5," 2.49941"," -0.270566"," 1.41056"
5," 2.49989"," -0.253637"," 1.41056"
5," 2.50018"," -0.241088"," 1.4229"
5," 2.50072"," -0.223554"," 1.4229"
5," 2.50127"," -0.211732"," 1.41405"
5," 2.50183"," -0.195228"," 1.41405"
5," 2.50121"," -0.178023"," 1.42776"
5," 2.50101"," -0.170385"," 1.42776"
5," 2.50178"," -0.145468"," 1.43146"
5," 2.50205"," -0.129384"," 1.43146"
5," 2.5043"," -0.115855"," 1.43077"
5," 2.50518"," -0.101257"," 1.43077"
5," 2.5086"," -0.0824289"," 1.44283"
5," 2.50956"," -0.0774364"," 1.44283"
5," 2.51331"," -0.0505699"," 1.43904"
5," 2.51544"," -0.0343452"," 1.43904"
5," 2.51567"," -0.023975"," 1.44598"
5," 2.51741"," -0.00738144"," 1.44598"
5," 2.51708"," 0.00897647"," 1.44184"
5," 2.51811"," 0.0252978"," 1.44184"
5," 2.51934"," 0.0427456"," 1.44311"
5," 2.52057"," 0.0612219"," 1.44311"
5," 2.52237"," 0.0730795"," 1.45284"
5," 2.52316"," 0.0798359"," 1.45284"
5," 2.52589"," 0.111019"," 1.44672"
5," 2.52615"," 0.11487"," 1.44672"
5," 2.529"," 0.140976"," 1.4605"
5," 2.5296"," 0.144886"," 1.4605"
5," 2.53311"," 0.171467"," 1.45941"
5," 2.53399"," 0.176348"," 1.45941"
5," 2.53828"," 0.204913"," 1.44975"
5," 2.53903"," 0.208454"," 1.44975"
5," 2.54288"," 0.23747"," 1.45476"
5," 2.54302"," 0.239782"," 1.45476"
5," 2.54721"," 0.267407"," 1.46585"
5," 2.54953"," 0.28266"," 1.46037"
5," 2.5518"," 0.298116"," 1.46037"
5," 2.55257"," 0.304209"," 1.46037"
5," 2.55589"," 0.331387"," 1.47425"
5," 2.55773"," 0.346655"," 1.46614"
5," 2.55968"," 0.361897"," 1.46614"
5," 2.56125"," 0.377983"," 1.46845"
5," 2.56333"," 0.396147"," 1.46845"
5," 2.56329"," 0.399237"," 1.46845"
5," 2.56556"," 0.424816"," 1.46312"
5," 2.56591"," 0.429631"," 1.46312"
5," 2.5684"," 0.458584"," 1.4659"
5," 2.56861"," 0.46178"," 1.4659"
5," 2.57184"," 0.491023"," 1.47852"
5," 2.57265"," 0.495869"," 1.47852"
5," 2.57605"," 0.522615"," 1.48858"
5," 2.57671"," 0.526559"," 1.48858"
5," 2.57876"," 0.552044"," 1.46541"
5," 2.58091"," 0.570397"," 1.46312"
5," 2.58268"," 0.58638"," 1.46312"
5," 2.58371"," 0.589725"," 1.46312"
5," 2.58751"," 0.617831"," 1.46913"
5," 2.5896"," 0.63327"," 1.46913"
5," 2.5914"," 0.647329"," 1.47499"
5," 2.59335"," 0.661905"," 1.47499"
5," 2.59596"," 0.677407"," 1.46905"
5," 2.59717"," 0.68368"," 1.46905"
5," 2.60082"," 0.709119"," 1.48085"
5," 2.60349"," 0.727065"," 1.48085"
5," 2.60444"," 0.736667"," 1.49392"
5," 2.60512"," 0.742452"," 1.49392"
5," 2.60822"," 0.766504"," 1.49028"
5," 2.60886"," 0.771826"," 1.49028"
5," 2.61211"," 0.795706"," 1.48438"
5," 2.61264"," 0.799254"," 1.48438"
5," 2.61498"," 0.82278"," 1.48901"
5," 2.61666"," 0.836715"," 1.48519"
5," 2.61849"," 0.852049"," 1.48519"
5," 2.61915"," 0.854085"," 1.48519"
5," 2.62069"," 0.875286"," 1.48227"
5," 2.62301"," 0.897924"," 1.47488"
5," 2.62527"," 0.909761"," 1.48199"
5," 2.62719"," 0.923511"," 1.48199"
5," 2.62719"," 0.923511"," 1.48199"
5," 2.62772"," 0.925467"," 1.48199"
5," 2.63123"," 0.946196"," 1.48704"
5," 2.63228"," 0.955265"," 1.47356"
5," 2.63356"," 0.964226"," 1.47356"
5," 2.63509"," 0.977334"," 1.46499"
5," 2.63649"," 0.988008"," 1.46499"
5," 2.63681"," 0.989255"," 1.46499"
5," 2.63914"," 1.00671"," 1.47515"
5," 2.64043"," 1.01431"," 1.46814"
5," 2.64192"," 1.02435"," 1.46814"
5," 2.64394"," 1.03379"," 1.46119"
5," 2.64558"," 1.04323"," 1.46119"
5," 2.64736"," 1.05257"," 1.46821"
5," 2.64929"," 1.06333"," 1.46821"
5," 2.64908"," 1.06998"," 1.45696"
5," 2.65003"," 1.07829"," 1.45696"
5," 2.64988"," 1.08868"," 1.47418"
5," 2.65049"," 1.09877"," 1.47418"
5," 2.65101"," 1.10434"," 1.45417"
5," 2.65166"," 1.1136"," 1.45417"
5," 2.65205"," 1.11945"," 1.46082"
5," 2.65265"," 1.12823"," 1.46082"
5," 2.65363"," 1.13493"," 1.45506"
5," 2.65445"," 1.14343"," 1.45506"
5," 2.65455"," 1.14938"," 1.4625"
5," 2.65499"," 1.15605"," 1.4625"
5," 2.65515"," 1.16429"," 1.45826"
5," 2.65555"," 1.17256"," 1.45826"
5," 2.65654"," 1.17915"," 1.4687"
5," 2.65724"," 1.18749"," 1.4687"
5," 2.65786"," 1.19244"," 1.44906"
5," 2.6586"," 1.20029"," 1.44906"
5," 2.65923"," 1.20575"," 1.45389"
5," 2.66086"," 1.21884"," 1.44241"
5," 2.66173"," 1.22605"," 1.44241"
5," 2.66206"," 1.23086"," 1.43794"
5," 2.66268"," 1.23694"," 1.43794"
5," 2.66322"," 1.24262"," 1.45155"
5," 2.66386"," 1.24905"," 1.45155"
5," 2.66571"," 1.25583"," 1.44304"
5," 2.6669"," 1.26286"," 1.44304"
5," 2.66804"," 1.26918"," 1.43614"
5," 2.66908"," 1.27533"," 1.43614"
5," 2.66968"," 1.28038"," 1.44132"
5," 2.67076"," 1.28733"," 1.44132"
5," 2.67157"," 1.2929"," 1.44905"
5," 2.67261"," 1.29981"," 1.44905"
5," 2.67251"," 1.30407"," 1.44146"
5," 2.67308"," 1.30984"," 1.44146"
5," 2.67336"," 1.30908"," 1.43329"
5," 2.67382"," 1.31219"," 1.43329"
5," 2.67531"," 1.31018"," 1.40586"
5," 2.67612"," 1.31142"," 1.40586"
5," 2.67611"," 1.31099"," 1.40127"