ID, ROBOT_X, ROBOT_Y, ANGLE
5, 1.02189, -0.738694, -0.149165
5, 1.02174, -0.739227, -0.150833
5, 1.02199, -0.7394, -0.150833
5, 1.02175, -0.739159, -0.150903
5, 1.02182, -0.739182, -0.150903
5, 1.02082, -0.737696, -0.148717
5, 1.02052, -0.737193, -0.148717
5, 1.02022, -0.73913, -0.157284
5, 1.01987, -0.739566, -0.157284
5, 1.02129, -0.739442, -0.144221
5, 1.0216, -0.739661, -0.144221
5, 1.02158, -0.739426, -0.150936
5, 1.02178, -0.739483, -0.150936
5, 1.02061, -0.739021, -0.157071
5, 1.02029, -0.73888, -0.157071
5, 1.02023, -0.739435, -0.150964
5, 1.02, -0.739548, -0.150964
5, 1.02104, -0.73938, -0.158212
5, 1.02125, -0.739389, -0.158212
5, 1.0207, -0.738734, -0.146334
5, 1.02065, -0.738528, -0.146334
5, 1.02211, -0.738305, -0.145631
5, 1.02263, -0.738064, -0.145631
5, 1.02071, -0.73865, -0.151843
5, 1.02037, -0.738706, -0.151843
5, 1.02079, -0.739505, -0.150942
5, 1.02071, -0.739794, -0.150942
5, 1.02073, -0.738877, -0.14881
5, 1.02068, -0.738779, -0.14881
5, 1.02126, -0.739472, -0.152703
5, 1.02142, -0.739624, -0.152703
5, 1.02249, -0.737677, -0.154709
5, 1.02292, -0.737177, -0.154709
5, 1.02171, -0.739684, -0.153466
5, 1.02161, -0.740181, -0.153466
5, 1.02073, -0.737838, -0.148906
5, 1.02034, -0.737318, -0.148906
5, 1.02072, -0.738716, -0.150896
5, 1.02059, -0.738873, -0.150896
5, 1.02202, -0.737606, -0.152131
5, 1.02238, -0.737312, -0.152131
5, 1.02182, -0.738403, -0.146416
5, 1.02188, -0.738552, -0.146416
5, 1.02159, -0.739399, -0.149984
5, 1.02154, -0.739775, -0.149984
5, 1.02119, -0.737424, -0.153961
5, 1.02105, -0.73693, -0.153961
5, 1.02023, -0.739508, -0.152916
5, 1.01988, -0.740009, -0.152916
5, 1.02022, -0.740406, -0.153124
5, 1.0201, -0.740858, -0.153124
5, 1.02057, -0.739504, -0.149299
5, 1.02063, -0.739387, -0.149299
5, 1.0207, -0.739378, -0.151557
5, 1.02076, -0.739299, -0.151557
5, 1.02124, -0.739448, -0.152062
5, 1.02143, -0.739443, -0.152062
5, 1.02011, -0.739302, -0.154806
5, 1.01985, -0.739258, -0.154806
5, 1.0213, -0.73756, -0.147785
5, 1.02156, -0.737023, -0.147785
5, 1.01999, -0.739398, -0.153631
5, 1.01969, -0.739761, -0.153631
5, 1.0216, -0.739487, -0.139818
5, 1.02203, -0.739662, -0.139818
5, 1.02182, -0.739097, -0.157168
5, 1.02204, -0.739021, -0.157168
5, 1.0214, -0.737602, -0.146897
5, 1.02133, -0.73712, -0.146897
5, 1.0195, -0.739374, -0.155527
5, 1.01884, -0.739773, -0.155527
5, 1.02042, -0.738965, -0.148915
5, 1.02048, -0.738972, -0.148915
5, 1.02155, -0.739368, -0.152791
5, 1.02175, -0.739172, -0.154651
5, 1.02196, -0.739081, -0.154651
5, 1.02221, -0.739044, -0.154651
5, 1.01966, -0.739274, -0.157669
5, 1.01909, -0.739316, -0.157669
5, 1.02125, -0.739595, -0.145883
5, 1.02178, -0.73962, -0.151783
5, 1.02211, -0.739652, -0.151783
5, 1.02122, -0.739118, -0.151848
5, 1.02085, -0.738864, -0.151848
5, 1.02104, -0.738743, -0.151533
5, 1.02111, -0.738598, -0.151533
5, 1.0211, -0.738491, -0.151533
5, 1.02099, -0.738353, -0.143957
5, 1.02133, -0.737865, -0.143957
5, 1.02152, -0.738915, -0.153095
5, 1.02168, -0.739431, -0.153095
5, 1.02061, -0.738322, -0.151294
5, 1.02006, -0.737766, -0.151294
5, 1.02023, -0.738544, -0.146863
5, 1.02022, -0.738891, -0.146863
5, 1.02059, -0.73872, -0.153446
5, 1.02068, -0.738754, -0.153446
5, 1.02118, -0.737846, -0.147611
5, 1.02152, -0.737296, -0.147611
5, 1.02144, -0.737839, -0.152542
5, 1.02151, -0.738017, -0.152542
5, 1.02082, -0.739111, -0.149979
5, 1.02058, -0.739623, -0.149979
5, 1.02081, -0.73897, -0.156877
5, 1.02087, -0.738748, -0.156877
5, 1.02174, -0.738644, -0.148155
5, 1.02227, -0.738559, -0.148155
5, 1.02111, -0.738561, -0.152061
5, 1.02086, -0.738515, -0.152061
5, 1.02205, -0.737588, -0.149721
5, 1.02235, -0.737232, -0.149721
5, 1.02074, -0.737506, -0.15537
5, 1.02025, -0.737389, -0.15537
5, 1.02043, -0.738402, -0.155798
5, 1.0202, -0.738769, -0.155798
5, 1.02009, -0.739731, -0.149495
5, 1.01994, -0.740455, -0.149495
5, 1.02001, -0.73922, -0.155983
5, 1.01993, -0.73907, -0.155983
5, 1.02199, -0.739542, -0.142994
5, 1.02282, -0.739651, -0.142994
5, 1.02164, -0.738217, -0.151159
5, 1.02167, -0.73774, -0.151159
5, 1.02194, -0.738603, -0.155739
5, 1.02204, -0.738653, -0.155739
5, 1.02138, -0.739781, -0.148902
5, 1.02119, -0.740267, -0.148902
5, 1.02102, -0.739556, -0.153583
5, 1.02083, -0.739591, -0.153583
5, 1.02092, -0.739019, -0.15266
5, 1.02084, -0.738835, -0.15266
5, 1.0212, -0.738781, -0.153853
5, 1.02128, -0.738651, -0.153853
5, 1.01975, -0.738657, -0.148457
5, 1.01928, -0.738583, -0.148457
5, 1.02026, -0.739663, -0.148733
5, 1.02031, -0.739989, -0.148733
5, 1.02148, -0.738465, -0.152997
5, 1.02191, -0.738148, -0.152997
5, 1.02144, -0.739769, -0.154828
5, 1.02155, -0.740105, -0.154828
5, 1.02219, -0.738693, -0.150254
5, 1.02253, -0.738364, -0.150254
5, 1.02108, -0.739849, -0.148469
5, 1.02078, -0.740166, -0.148469
5, 1.02072, -0.739474, -0.153555
5, 1.02048, -0.739436, -0.153555
5, 1.02201, -0.739041, -0.150506
5, 1.02246, -0.73886, -0.150506
5, 1.01964, -0.739334, -0.154511
5, 1.01892, -0.739399, -0.154511
5, 1.02132, -0.738607, -0.1512
5, 1.02176, -0.738348, -0.1512
5, 1.02072, -0.739306, -0.153367
5, 1.02059, -0.739518, -0.153367
5, 1.02099, -0.739752, -0.153123
5, 1.02106, -0.739983, -0.153123
5, 1.02137, -0.739201, -0.139226
5, 1.02153, -0.739057, -0.139226
5, 1.02114, -0.73847, -0.150927
5, 1.0211, -0.7382, -0.150927
5, 1.02145, -0.738274, -0.147254
5, 1.02155, -0.738108, -0.147254
5, 1.02062, -0.740048, -0.140537
5, 1.02033, -0.740669, -0.140537
5, 1.02267, -0.738476, -0.154533
5, 1.0234, -0.738034, -0.154533
5, 1.02078, -0.73928, -0.159037
5, 1.02025, -0.739466, -0.159037
5, 1.02152, -0.738983, -0.149599
5, 1.02167, -0.73892, -0.149599
5, 1.02059, -0.739154, -0.148082
5, 1.02028, -0.739202, -0.148082
5, 1.02106, -0.739779, -0.15031
5, 1.02115, -0.74001, -0.15031
5, 1.02077, -0.739276, -0.154375
5, 1.02062, -0.739013, -0.154375
5, 1.02107, -0.739601, -0.156523
5, 1.02118, -0.739723, -0.156523
5, 1.0215, -0.738671, -0.149067
5, 1.02169, -0.738349, -0.149067
5, 1.02035, -0.739486, -0.15533
5, 1.01999, -0.739688, -0.15533
5, 1.02122, -0.739685, -0.150612
5, 1.02143, -0.739822, -0.150612
5, 1.02073, -0.738552, -0.152171
5, 1.02061, -0.738165, -0.152171
5, 1.0204, -0.738861, -0.149391
5, 1.02025, -0.738861, -0.149391
5, 1.02073, -0.739123, -0.149993
5, 1.0208, -0.739208, -0.149993
5, 1.0214, -0.740743, -0.150433
5, 1.02163, -0.741282, -0.150433
5, 1.02139, -0.738886, -0.146315
5, 1.02147, -0.738432, -0.146315
5, 1.02039, -0.738273, -0.145461
5, 1.02006, -0.7379, -0.145461
5, 1.02065, -0.739931, -0.153413
5, 1.02064, -0.740407, -0.153413
5, 1.02088, -0.739052, -0.149492
5, 1.02096, -0.738884, -0.149492
5, 1.02255, -0.737303, -0.155796
5, 1.02312, -0.73668, -0.155796
5, 1.02189, -0.738308, -0.150107
5, 1.02184, -0.738453, -0.150107
5, 1.02184, -0.738453, -0.150107
5, 1.02302, -0.737835, -0.153514
5, 1.02096, -0.738481, -0.147007
5, 1.02096, -0.738481, -0.147007
5, 1.02052, -0.738618, -0.147007
5, 1.02044, -0.738822, -0.15364
5, 1.02044, -0.738822, -0.15364
5, 1.02002, -0.738859, -0.15364
5, 1.02076, -0.739751, -0.146558
5, 1.02076, -0.739751, -0.146558
5, 1.02051, -0.739563, -0.152696
5, 1.02043, -0.739645, -0.152696
5, 1.02131, -0.739341, -0.150124
5, 1.02077, -0.739271, -0.152532
5, 1.02068, -0.739213, -0.152532
5, 1.02213, -0.738769, -0.144007
5, 1.02267, -0.73855, -0.144007
5, 1.0221, -0.737777, -0.149004
5, 1.02222, -0.737343, -0.149004
5, 1.02109, -0.738959, -0.146712
5, 1.02073, -0.739308, -0.146712
5, 1.02194, -0.737719, -0.159198
5, 1.02217, -0.737338, -0.159198
5, 1.02127, -0.738613, -0.149145
5, 1.02109, -0.738842, -0.149145
5, 1.02185, -0.739406, -0.162186
5, 1.02201, -0.739744, -0.162186
5, 1.01995, -0.739527, -0.155646
5, 1.01995, -0.739527, -0.155646
5, 1.01935, -0.739664, -0.155646
5, 1.0228, -0.738801, -0.155024
5, 1.02087, -0.739167, -0.15647
5, 1.02055, -0.739197, -0.15647
5, 1.02077, -0.73982, -0.153461
5, 1.02066, -0.740026, -0.153461
5, 1.02122, -0.738952, -0.15407
5, 1.02133, -0.738757, -0.15407
5, 1.02138, -0.739124, -0.157903
5, 1.02146, -0.739115, -0.157903
5, 1.02079, -0.739261, -0.147714
5, 1.0206, -0.73931, -0.147714
5, 1.02076, -0.739279, -0.15603
5, 1.0207, -0.7393, -0.15603
5, 1.02356, -0.738224, -0.150703
5, 1.0245, -0.737867, -0.150703
5, 1.0213, -0.738902, -0.153967
5, 1.02084, -0.739018, -0.153967
5, 1.02171, -0.738461, -0.149016
5, 1.02171, -0.738339, -0.149016
5, 1.02025, -0.739451, -0.154175
5, 1.01969, -0.73979, -0.154175
5, 1.02093, -0.739623, -0.156689
5, 1.021, -0.73976, -0.156689
5, 1.02157, -0.73835, -0.154413
5, 1.0218, -0.737994, -0.154413
5, 1.02111, -0.73892, -0.154714
5, 1.02102, -0.739006, -0.154714
5, 1.02096, -0.738675, -0.149094
5, 1.02088, -0.738609, -0.149094
5, 1.02061, -0.738454, -0.155738
5, 1.02046, -0.738354, -0.155738
5, 1.0209, -0.738893, -0.148083
5, 1.02096, -0.739015, -0.148083
5, 1.02121, -0.73861, -0.151877
5, 1.02132, -0.738558, -0.151877
5, 1.02091, -0.738698, -0.146617
5, 1.02086, -0.738707, -0.146617
5, 1.02088, -0.739229, -0.157297
5, 1.02085, -0.739418, -0.157297
5, 1.02191, -0.738401, -0.152652
5, 1.02227, -0.738166, -0.152652
5, 1.02221, -0.739308, -0.15717
5, 1.02243, -0.739554, -0.15717
5, 1.0218, -0.738852, -0.152363
5, 1.02173, -0.738768, -0.152363
5, 1.02228, -0.737904, -0.136628
5, 1.02243, -0.737533, -0.136628
5, 1.02091, -0.738435, -0.14897
5, 1.02048, -0.738503, -0.14897
5, 1.02008, -0.738226, -0.155905
5, 1.01964, -0.738174, -0.155905
5, 1.02122, -0.738395, -0.15233
5, 1.02145, -0.738432, -0.15233
5, 1.02098, -0.739736, -0.155743
5, 1.02098, -0.74015, -0.155743
5, 1.02209, -0.73861, -0.153746
5, 1.02244, -0.738381, -0.153746
5, 1.02076, -0.739271, -0.153844
5, 1.02048, -0.739395, -0.153844
5, 1.02149, -0.739527, -0.15356
5, 1.02159, -0.739647, -0.15356
5, 1.0204, -0.7379, -0.14838
5, 1.02059, -0.73888, -0.141058
5, 1.02065, -0.739385, -0.141058
5, 1.0198, -0.739507, -0.152799
5, 1.01935, -0.739601, -0.152799
5, 1.02065, -0.739183, -0.153766
5, 1.02131, -0.738982, -0.153766
5, 1.0212, -0.73877, -0.14609
5, 1.02123, -0.738619, -0.14609
5, 1.02127, -0.739464, -0.15239
5, 1.02133, -0.739948, -0.15239
5, 1.02141, -0.74026, -0.15239
5, 1.02182, -0.739556, -0.148678
5, 1.02199, -0.739568, -0.148678
5, 1.02017, -0.738969, -0.15375
5, 1.02117, -0.737944, -0.154864
5, 1.02166, -0.737338, -0.154864
5, 1.02193, -0.736807, -0.154864
5, 1.02073, -0.739902, -0.149288
5, 1.02055, -0.739698, -0.14785
5, 1.02036, -0.73976, -0.14785
5, 1.02087, -0.738872, -0.151157
5, 1.02111, -0.738433, -0.151157
5, 1.02099, -0.739328, -0.150946
5, 1.02097, -0.739843, -0.150946
5, 1.02122, -0.739052, -0.154544
5, 1.02135, -0.738893, -0.154544
5, 1.02222, -0.73798, -0.148056
5, 1.0226, -0.737574, -0.148056
5, 1.02151, -0.739063, -0.151523
5, 1.02134, -0.739352, -0.151523
5, 1.02032, -0.739096, -0.149529
5, 1.01986, -0.739179, -0.149529
5, 1.02125, -0.739329, -0.151151
5, 1.02149, -0.739443, -0.151151
5, 1.02057, -0.73962, -0.155191
5, 1.02034, -0.739765, -0.155191
5, 1.02151, -0.73815, -0.145119
5, 1.02181, -0.73765, -0.145119
5, 1.02199, -0.739151, -0.156926
5, 1.02223, -0.739374, -0.156926
5, 1.02133, -0.739864, -0.15238
5, 1.02113, -0.74019, -0.15238
5, 1.02201, -0.739584, -0.151202
5, 1.02223, -0.739542, -0.151202
5, 1.02081, -0.739044, -0.15373
5, 1.02046, -0.738861, -0.15373
5, 1.02144, -0.739042, -0.148574
5, 1.0216, -0.738997, -0.148574
5, 1.02082, -0.739545, -0.15721
5, 1.02058, -0.739758, -0.15721
5, 1.02087, -0.739546, -0.154786
5, 1.02098, -0.739476, -0.154786
5, 1.02104, -0.73922, -0.15329
5, 1.02108, -0.739113, -0.15329
5, 1.02151, -0.738237, -0.146639
5, 1.02169, -0.737874, -0.146639
5, 1.0208, -0.73956, -0.150982
5, 1.02057, -0.739972, -0.150982
5, 1.02291, -0.738464, -0.15062
5, 1.02372, -0.738116, -0.15062
5, 1.02226, -0.738096, -0.141605
5, 1.02219, -0.737867, -0.141605
5, 1.02179, -0.737923, -0.152902
5, 1.02162, -0.737814, -0.152902
5, 1.02194, -0.738251, -0.147651
5, 1.02195, -0.73835, -0.147651
5, 1.02154, -0.738982, -0.149288
5, 1.02136, -0.739331, -0.149288
5, 1.02147, -0.739651, -0.152865
5, 1.02143, -0.739944, -0.152865
5, 1.02043, -0.739379, -0.150327
5, 1.02003, -0.739332, -0.150327
5, 1.02131, -0.739627, -0.156374
5, 1.02155, -0.739709, -0.156374
5, 1.02135, -0.73947, -0.150985
5, 1.02142, -0.73943, -0.150985
5, 1.02247, -0.738358, -0.14996
5, 1.02291, -0.737926, -0.14996
5, 1.02101, -0.739553, -0.155634
5, 1.02049, -0.739966, -0.155634
5, 1.02024, -0.739001, -0.15145
5, 1.01986, -0.738881, -0.15145
5, 1.0208, -0.739287, -0.156437
5, 1.02121, -0.739483, -0.156437
5, 1.02103, -0.739931, -0.159472
5, 1.02105, -0.739646, -0.152603
5, 1.02105, -0.739393, -0.152603
5, 1.02146, -0.739122, -0.155007
5, 1.02172, -0.73891, -0.155007
5, 1.02168, -0.738903, -0.148071
5, 1.0218, -0.73878, -0.148071
5, 1.02106, -0.739454, -0.152644
5, 1.02085, -0.739638, -0.152644
5, 1.02087, -0.738941, -0.149403
5, 1.02075, -0.738775, -0.149403
5, 1.02146, -0.738491, -0.156543
5, 1.0217, -0.738258, -0.156543
5, 1.0219, -0.738366, -0.148617
5, 1.02209, -0.738288, -0.148617
5, 1.0212, -0.738745, -0.155002
5, 1.02098, -0.738869, -0.155002
5, 1.02098, -0.738869, -0.155002
5, 1.02087, -0.739286, -0.152679
5, 1.02069, -0.739642, -0.152679
5, 1.02166, -0.738678, -0.150225
5, 1.02191, -0.73848, -0.150225
5, 1.02186, -0.739186, -0.153278
5, 1.02201, -0.739338, -0.153278
5, 1.02156, -0.740007, -0.154986
5, 1.02147, -0.740374, -0.154986
5, 1.0212, -0.740025, -0.153019
5, 1.02106, -0.740099, -0.153019
5, 1.02209, -0.739063, -0.147686
5, 1.02238, -0.738737, -0.147686
5, 1.02079, -0.738885, -0.146011
5, 1.02035, -0.738722, -0.146011
5, 1.02022, -0.73886, -0.14731
5, 1.02091, -0.739603, -0.151097
5, 1.02091, -0.739603, -0.151097
5, 1.02103, -0.739881, -0.151097
5, 1.02126, -0.73876, -0.155712
5, 1.0214, -0.738526, -0.155712
5, 1.02199, -0.73882, -0.143748
5, 1.02229, -0.738777, -0.143748
5, 1.02247, -0.73883, -0.150404
5, 1.0227, -0.738823, -0.150404
5, 1.02197, -0.739141, -0.149822
5, 1.02184, -0.73926, -0.149822
5, 1.02138, -0.739079, -0.157295
5, 1.02112, -0.739085, -0.157295
5, 1.02196, -0.73834, -0.150514
5, 1.02214, -0.738039, -0.150514
5, 1.02089, -0.73887, -0.146162
5, 1.02049, -0.739013, -0.146162
5, 1.02134, -0.738404, -0.150928
5, 1.02142, -0.738259, -0.150928
5, 1.02114, -0.738769, -0.151315
5, 1.02109, -0.73886, -0.151315
5, 1.02211, -0.739786, -0.156623
5, 1.02243, -0.740158, -0.156623
5, 1.02123, -0.739217, -0.148517
5, 1.02101, -0.739128, -0.148517
5, 1.02153, -0.738102, -0.151337
5, 1.02157, -0.737717, -0.151337
5, 1.02084, -0.739263, -0.152805
5, 1.02062, -0.739529, -0.152805
5, 1.02195, -0.739062, -0.150803
5, 1.02226, -0.739075, -0.150803
5, 1.02072, -0.739132, -0.151577
5, 1.02044, -0.739155, -0.151577
5, 1.02036, -0.739013, -0.154654
5, 1.0201, -0.738978, -0.154654
5, 1.02127, -0.739868, -0.148376
5, 1.02155, -0.74019, -0.148376
5, 1.02172, -0.738918, -0.143121
5, 1.02174, -0.739001, -0.158814
5, 1.02182, -0.738951, -0.158814
5, 1.02231, -0.739751, -0.151357
5, 1.02255, -0.740026, -0.151357
5, 1.02187, -0.73938, -0.156582
5, 1.02176, -0.739298, -0.156582
5, 1.02083, -0.739852, -0.152227
5, 1.02044, -0.740002, -0.152227
5, 1.02078, -0.739486, -0.148842
5, 1.02066, -0.739401, -0.148842
5, 1.02086, -0.739229, -0.137483
5, 1.02085, -0.739117, -0.137483
5, 1.02171, -0.739071, -0.150503
5, 1.02199, -0.73899, -0.150503
5, 1.02152, -0.737974, -0.150394
5, 1.02154, -0.737595, -0.150394
5, 1.02376, -0.737794, -0.144425
5, 1.02471, -0.737578, -0.144425
5, 1.02226, -0.738793, -0.151772
5, 1.02195, -0.739081, -0.151772
5, 1.0214, -0.739053, -0.149795
5, 1.02104, -0.739221, -0.149795
5, 1.02099, -0.739884, -0.153066
5, 1.02074, -0.74021, -0.153066
5, 1.0219, -0.739016, -0.151509
5, 1.02213, -0.738821, -0.151509
5, 1.02238, -0.738936, -0.14432
5, 1.02262, -0.738847, -0.14432
5, 1.02152, -0.738944, -0.145096
5, 1.0213, -0.738918, -0.145096
5, 1.02159, -0.7388, -0.154066
5, 1.02155, -0.73875, -0.154066
5, 1.02176, -0.739359, -0.15445
5, 1.0218, -0.739515, -0.15445
5, 1.02184, -0.738853, -0.149283
5, 1.02188, -0.738756, -0.149283
5, 1.0212, -0.739508, -0.149482
5, 1.021, -0.739678, -0.149482
5, 1.02147, -0.738882, -0.153661
5, 1.02149, -0.738719, -0.153661
5, 1.02179, -0.740057, -0.154925
5, 1.02192, -0.74044, -0.154925
5, 1.02157, -0.739938, -0.153304
5, 1.0215, -0.740036, -0.153304
5, 1.02176, -0.739458, -0.146682
5, 1.02183, -0.739289, -0.146682
5, 1.02103, -0.739189, -0.146643
5, 1.02077, -0.73904, -0.146643
5, 1.02236, -0.738895, -0.153082
5, 1.02272, -0.738766, -0.153082
5, 1.02085, -0.739457, -0.150199
5, 1.0204, -0.739627, -0.150199
5, 1.02137, -0.739544, -0.14883
5, 1.02147, -0.739626, -0.14883
5, 1.02166, -0.738312, -0.153132
5, 1.02178, -0.737913, -0.153132
5, 1.02105, -0.739664, -0.15654
5, 1.02088, -0.739995, -0.15654
5, 1.02196, -0.739228, -0.150485
5, 1.02224, -0.739165, -0.150485
5, 1.02299, -0.737468, -0.144958
5, 1.02349, -0.73673, -0.144958
5, 1.02132, -0.738605, -0.146959
5, 1.02081, -0.738859, -0.146959
5, 1.02139, -0.73992, -0.141324
5, 1.02128, -0.740431, -0.141324
5, 1.02077, -0.739207, -0.158208
5, 1.02054, -0.739126, -0.158208
5, 1.02138, -0.739409, -0.148674
5, 1.02152, -0.739453, -0.148674
5, 1.02174, -0.739525, -0.144199
5, 1.02189, -0.739573, -0.144199
5, 1.02119, -0.739215, -0.149954
5, 1.02106, -0.73913, -0.149954
5, 1.02194, -0.738549, -0.146788
5, 1.02214, -0.738307, -0.146788
5, 1.0208, -0.738676, -0.15305
5, 1.02055, -0.738645, -0.15305
5, 1.02285, -0.737219, -0.150431
5, 1.02341, -0.736737, -0.150431
5, 1.02074, -0.739396, -0.15164
5, 1.02018, -0.740012, -0.15164
5, 1.02059, -0.739758, -0.151294
5, 1.02037, -0.740077, -0.151294
5, 1.02236, -0.738355, -0.147701
5, 1.02293, -0.737939, -0.147701
5, 1.02116, -0.738789, -0.161165
5, 1.02095, -0.738805, -0.161165
5, 1.02163, -0.738508, -0.14338
5, 1.02172, -0.738412, -0.14338
5, 1.02153, -0.738852, -0.156501
5, 1.02152, -0.738946, -0.156501
5, 1.02189, -0.738039, -0.155369
5, 1.02201, -0.737777, -0.155369
5, 1.02084, -0.739211, -0.154252
5, 1.02049, -0.739558, -0.154252
5, 1.02142, -0.738579, -0.149063
5, 1.0215, -0.73848, -0.149063
5, 1.02075, -0.738806, -0.144225
5, 1.02058, -0.738841, -0.144225
5, 1.02179, -0.739334, -0.142454
5, 1.02211, -0.73954, -0.142454
5, 1.02392, -0.738205, -0.152359
5, 1.02466, -0.73792, -0.152359
5, 1.02165, -0.738944, -0.144296
5, 1.0212, -0.739073, -0.144296
5, 1.02146, -0.738728, -0.147682
5, 1.02123, -0.738702, -0.147682
5, 1.02025, -0.738691, -0.154024
5, 1.01983, -0.738672, -0.154024
5, 1.02067, -0.738715, -0.14749
5, 1.02064, -0.738715, -0.14749
5, 1.02022, -0.737805, -0.147248
5, 1.02007, -0.737533, -0.147248
5, 1.02206, -0.737905, -0.151733
5, 1.02157, -0.738062, -0.151063
5, 1.02135, -0.738142, -0.151063
5, 1.02131, -0.738195, -0.151063
5, 1.02275, -0.739205, -0.153539
5, 1.02322, -0.73959, -0.153539
5, 1.02147, -0.739165, -0.15663
5, 1.02181, -0.73869, -0.15663
5, 1.02181, -0.73869, -0.15663
5, 1.02198, -0.738364, -0.15663
5, 1.0214, -0.73823, -0.148125
5, 1.02136, -0.739216, -0.154269
5, 1.02198, -0.738277, -0.144178
5, 1.02232, -0.737784, -0.144178
5, 1.02264, -0.737372, -0.144178
5, 1.0212, -0.738752, -0.147277
5, 1.02097, -0.738919, -0.147277
5, 1.02128, -0.738935, -0.142605
5, 1.02105, -0.738982, -0.151153
5, 1.02089, -0.739047, -0.151153
5, 1.02075, -0.739123, -0.151153
5, 1.02196, -0.738776, -0.15159
5, 1.02175, -0.738788, -0.14832
5, 1.02169, -0.73878, -0.14832
5, 1.02188, -0.739092, -0.144008
5, 1.02188, -0.739092, -0.144008
5, 1.02198, -0.73926, -0.144008
5, 1.02131, -0.738917, -0.153626
5, 1.02173, -0.738791, -0.145007
5, 1.02173, -0.738791, -0.145007
5, 1.02124, -0.739126, -0.150967
5, 1.02078, -0.739316, -0.150967
5, 1.0213, -0.739505, -0.14994
5, 1.02151, -0.739647, -0.14994
5, 1.02151, -0.739647, -0.14994
5, 1.02155, -0.739464, -0.145364
5, 1.02162, -0.739472, -0.145364
5, 1.02118, -0.738902, -0.151285
5, 1.02097, -0.738616, -0.151285
5, 1.02097, -0.739255, -0.14594
5, 1.0209, -0.739583, -0.14594
5, 1.02138, -0.738828, -0.146286
5, 1.02154, -0.738608, -0.146286
5, 1.02047, -0.73919, -0.146102
5, 1.02011, -0.739306, -0.146102
5, 1.02091, -0.739349, -0.157863
5, 1.02103, -0.739436, -0.157863
5, 1.02158, -0.738784, -0.157235
5, 1.02184, -0.738589, -0.157235
5, 1.0221, -0.738524, -0.149768
5, 1.02235, -0.73839, -0.149768
5, 1.02144, -0.739059, -0.153586
5, 1.02126, -0.739224, -0.153586
5, 1.02079, -0.739517, -0.151211
5, 1.02047, -0.739757, -0.151211
5, 1.02077, -0.739736, -0.147975
5, 1.02068, -0.739875, -0.147975
5, 1.02208, -0.739068, -0.147065
5, 1.0225, -0.738874, -0.147065
5, 1.02095, -0.738975, -0.153916
5, 1.02065, -0.738878, -0.153916
5, 1.02172, -0.73792, -0.146718
5, 1.02194, -0.737468, -0.146718
5, 1.02281, -0.739044, -0.151386
5, 1.02071, -0.739307, -0.148279
5, 1.02016, -0.739533, -0.148279
5, 1.01974, -0.738502, -0.149333
5, 1.01927, -0.738278, -0.149333
5, 1.02067, -0.739673, -0.149158
5, 1.02092, -0.740094, -0.149158
5, 1.01962, -0.740061, -0.154687
5, 1.01925, -0.740316, -0.154687
5, 1.02155, -0.739226, -0.149807
5, 1.02221, -0.738964, -0.149807
5, 1.02225, -0.738689, -0.15598
5, 1.02269, -0.738408, -0.15598
5, 1.02112, -0.739948, -0.151483
5, 1.02081, -0.740347, -0.151483
5, 1.02117, -0.739264, -0.156739
5, 1.0211, -0.739119, -0.156739
5, 1.02183, -0.73836, -0.153968
5, 1.02204, -0.73803, -0.153968
5, 1.02212, -0.738255, -0.144222
5, 1.02228, -0.738123, -0.144222
5, 1.02105, -0.739047, -0.159964
5, 1.02069, -0.73931, -0.159964
5, 1.02194, -0.738981, -0.160465
5, 1.02219, -0.739023, -0.160465
5, 1.02175, -0.739282, -0.147961
5, 1.02174, -0.739398, -0.147961
5, 1.0216, -0.73962, -0.153573
5, 1.02155, -0.739762, -0.153573
5, 1.02044, -0.738295, -0.149414
5, 1.02005, -0.737909, -0.149414
5, 1.02005, -0.737909, -0.149414
5, 1.0207, -0.738764, -0.149223
5, 1.02065, -0.738787, -0.149223
5, 1.02246, -0.738734, -0.144192
5, 1.02297, -0.738731, -0.144192
5, 1.02139, -0.740186, -0.147591
5, 1.02162, -0.737844, -0.151486
5, 1.02161, -0.737371, -0.151486
5, 1.02248, -0.738724, -0.146135
5, 1.02273, -0.738808, -0.146135
5, 1.02015, -0.738869, -0.150168
5, 1.02099, -0.739189, -0.146889
5, 1.0214, -0.739441, -0.146889
5, 1.02154, -0.739633, -0.151202
5, 1.02166, -0.739793, -0.151202
5, 1.02099, -0.739541, -0.151881
5, 1.02063, -0.739449, -0.151881
5, 1.02206, -0.738458, -0.150793
5, 1.02249, -0.738051, -0.150793
5, 1.02264, -0.738488, -0.149251
5, 1.02276, -0.738654, -0.149251
5, 1.02253, -0.738591, -0.148203
5, 1.02248, -0.738552, -0.148203
5, 1.02215, -0.738632, -0.149821
5, 1.02202, -0.738649, -0.149821
5, 1.02125, -0.739361, -0.150936
5, 1.02076, -0.739788, -0.150936
5, 1.02154, -0.738846, -0.148449
5, 1.02161, -0.73867, -0.148449
5, 1.02239, -0.739269, -0.147989
5, 1.02273, -0.739399, -0.147989
5, 1.02134, -0.740138, -0.142582
5, 1.02069, -0.740526, -0.142582
5, 1.02125, -0.739084, -0.151052
5, 1.02122, -0.738739, -0.151052
5, 1.02027, -0.739821, -0.14864
5, 1.01985, -0.74007, -0.14864
5, 1.02019, -0.738026, -0.146649
5, 1.02028, -0.737044, -0.146649
5, 1.02193, -0.738046, -0.15698
5, 1.02261, -0.738019, -0.15698
5, 1.02296, -0.737899, -0.144897
5, 1.02353, -0.737829, -0.144897
5, 1.0221, -0.738856, -0.147012
5, 1.02143, -0.739419, -0.147012
5, 1.02117, -0.738887, -0.150167
5, 1.02082, -0.738929, -0.150167
5, 1.02079, -0.738362, -0.152062
5, 1.02056, -0.738146, -0.152062
5, 1.02176, -0.73859, -0.147093
5, 1.02212, -0.738639, -0.147093
5, 1.02098, -0.738126, -0.146847
5, 1.02075, -0.737965, -0.146847
5, 1.02046, -0.739595, -0.151803
5, 1.02019, -0.740143, -0.151803
5, 1.02139, -0.73898, -0.154441
5, 1.02166, -0.738886, -0.154441
5, 1.02172, -0.73955, -0.145141
5, 1.02193, -0.73977, -0.145141
5, 1.02104, -0.739417, -0.152169
5, 1.02079, -0.739403, -0.152169
5, 1.0231, -0.738922, -0.146995
5, 1.02378, -0.738746, -0.146995
5, 1.02131, -0.739134, -0.149672
5, 1.02081, -0.739171, -0.149672
5, 1.02189, -0.739422, -0.158774
5, 1.02201, -0.739536, -0.158774
5, 1.02093, -0.739717, -0.155068
5, 1.02061, -0.739849, -0.155068
5, 1.02153, -0.739195, -0.150891
5, 1.02171, -0.738997, -0.150891
5, 1.02084, -0.739506, -0.151382
5, 1.02058, -0.739602, -0.151382
5, 1.02081, -0.739123, -0.155481
5, 1.02074, -0.738988, -0.155481
5, 1.02092, -0.737896, -0.151275
5, 1.02094, -0.737415, -0.151275
5, 1.02071, -0.739413, -0.151617
5, 1.02064, -0.739855, -0.151617
5, 1.02258, -0.738725, -0.1505
5, 1.02322, -0.738584, -0.1505
5, 1.02157, -0.738486, -0.144894
5, 1.02134, -0.738352, -0.144894
5, 1.02174, -0.738377, -0.14674
5, 1.02175, -0.7383, -0.14674
5, 1.02042, -0.738354, -0.14896
5, 1.01989, -0.738328, -0.14896
5, 1.02165, -0.739822, -0.153686
5, 1.02046, -0.738571, -0.148306
5, 1.02016, -0.738329, -0.148306
5, 1.02091, -0.739568, -0.145304
5, 1.02102, -0.739928, -0.145304
5, 1.02001, -0.738508, -0.149775
5, 1.0197, -0.738184, -0.149775
5, 1.02173, -0.738789, -0.140491
5, 1.02229, -0.738815, -0.140491
5, 1.02125, -0.739123, -0.152473
5, 1.02121, -0.739265, -0.152473
5, 1.02138, -0.739084, -0.146997
5, 1.02142, -0.739098, -0.146997
5, 1.02144, -0.739164, -0.154734
5, 1.02147, -0.739196, -0.154734
5, 1.02178, -0.73898, -0.159767
5, 1.02193, -0.738914, -0.159767
5, 1.02111, -0.739243, -0.154222
5, 1.02086, -0.739339, -0.154222
5, 1.02026, -0.738454, -0.150464
5, 1.0199, -0.738191, -0.150464
5, 1.02168, -0.737892, -0.155663
5, 1.02209, -0.737634, -0.155663
5, 1.02198, -0.738803, -0.1525
5, 1.02221, -0.739077, -0.1525
5, 1.02199, -0.73985, -0.147701
5, 1.02204, -0.740254, -0.147701
5, 1.02186, -0.739064, -0.150185
5, 1.02184, -0.738922, -0.150185
5, 1.02195, -0.738996, -0.152814
5, 1.02197, -0.738935, -0.152814
5, 1.02092, -0.738983, -0.140293
5, 1.02055, -0.738958, -0.140293
5, 1.02138, -0.739253, -0.15727
5, 1.02144, -0.739346, -0.15727
5, 1.02064, -0.739729, -0.158485
5, 1.02036, -0.739938, -0.158485
5, 1.02045, -0.738795, -0.144705
5, 1.02031, -0.738496, -0.144705
5, 1.02058, -0.739662, -0.153824
5, 1.02058, -0.739897, -0.153824
5, 1.02187, -0.738297, -0.153305
5, 1.02227, -0.737928, -0.153305
5, 1.02186, -0.738536, -0.154757
5, 1.022, -0.738488, -0.154757
5, 1.02089, -0.740196, -0.153177
5, 1.02066, -0.740633, -0.153177
5, 1.02229, -0.740093, -0.151565
5, 1.02268, -0.740232, -0.151565
5, 1.02081, -0.73883, -0.14797
5, 1.02044, -0.738464, -0.14797
5, 1.02059, -0.738636, -0.145625
5, 1.0204, -0.738456, -0.145625
5, 1.02123, -0.739326, -0.154316
5, 1.02139, -0.739517, -0.154316
5, 1.02119, -0.739609, -0.145171
5, 1.02123, -0.739773, -0.145171
5, 1.02014, -0.738771, -0.151767
5, 1.01981, -0.738544, -0.151767
5, 1.02262, -0.738407, -0.157832
5, 1.0233, -0.738226, -0.157832
5, 1.02198, -0.738519, -0.151225
5, 1.022, -0.738494, -0.151225
5, 1.02138, -0.73713, -0.147459
5, 1.02118, -0.736624, -0.147459
5, 1.01994, -0.74008, -0.153214
5, 1.01936, -0.740959, -0.153214
5, 1.02075, -0.74082, -0.152184
5, 1.02069, -0.739756, -0.152153
5, 1.02067, -0.739162, -0.152153
5, 1.02067, -0.738842, -0.152153
5, 1.02185, -0.738962, -0.150966
5, 1.02147, -0.738495, -0.154283
5, 1.0213, -0.738178, -0.154283
5, 1.02106, -0.738759, -0.145126
5, 1.02093, -0.739034, -0.145126
5, 1.02082, -0.739168, -0.145126
5, 1.02079, -0.738268, -0.146733
5, 1.02106, -0.739192, -0.156283
5, 1.02121, -0.739763, -0.156283
5, 1.02101, -0.739151, -0.15387
5, 1.02092, -0.738904, -0.15387
5, 1.02118, -0.738359, -0.150976
5, 1.02126, -0.73809, -0.150976
5, 1.02129, -0.738671, -0.155588
5, 1.02134, -0.738743, -0.155588
5, 1.02146, -0.738211, -0.151894
5, 1.02154, -0.737931, -0.151894
5, 1.0215, -0.738565, -0.157108
5, 1.02151, -0.738875, -0.157108
5, 1.02107, -0.739582, -0.15405
5, 1.02092, -0.739941, -0.15405
5, 1.02078, -0.7396, -0.152332
5, 1.02068, -0.7395, -0.152332
5, 1.02087, -0.738853, -0.156582
5, 1.02087, -0.738622, -0.156582
5, 1.02107, -0.738767, -0.147512
5, 1.02115, -0.738691, -0.147512
5, 1.02069, -0.739717, -0.156524
5, 1.02057, -0.740052, -0.156524
5, 1.02147, -0.738905, -0.144297
5, 1.02178, -0.738624, -0.144297
5, 1.02086, -0.738871, -0.153581
5, 1.02066, -0.738804, -0.153581
5, 1.02136, -0.739422, -0.148225
5, 1.0215, -0.739605, -0.148225
5, 1.02149, -0.737841, -0.149956
5, 1.02157, -0.737325, -0.149956
5, 1.02229, -0.73841, -0.148518
5, 1.02258, -0.738482, -0.148518
5, 1.021, -0.738378, -0.154931
5, 1.02063, -0.738387, -0.154931
5, 1.02173, -0.7387, -0.156792
5, 1.0219, -0.738816, -0.156792
5, 1.02141, -0.738458, -0.154103
5, 1.02133, -0.738398, -0.154103
5, 1.02127, -0.73938, -0.14966
5, 1.02121, -0.739702, -0.14966
5, 1.02216, -0.738903, -0.1538
5, 1.02252, -0.738771, -0.1538
5, 1.02264, -0.738429, -0.15594
5, 1.02289, -0.738226, -0.15594
5, 1.02137, -0.73933, -0.143542
5, 1.02097, -0.739606, -0.143542
5, 1.02015, -0.739104, -0.150022
5, 1.01961, -0.739087, -0.150022
5, 1.02082, -0.738882, -0.15102
5, 1.02094, -0.738799, -0.15102
5, 1.02087, -0.739079, -0.157351
5, 1.02093, -0.739134, -0.157351
5, 1.02092, -0.739136, -0.159174
5, 1.02095, -0.73917, -0.159174
5, 1.02105, -0.738576, -0.151217
5, 1.0211, -0.738364, -0.151217
5, 1.02178, -0.739064, -0.147398
5, 1.02208, -0.739199, -0.147398
5, 1.02134, -0.739792, -0.154606
5, 1.02125, -0.74006, -0.154606
5, 1.02117, -0.739581, -0.159914
5, 1.02108, -0.739588, -0.159914
5, 1.02045, -0.739765, -0.153374
5, 1.02015, -0.739838, -0.153374
5, 1.02166, -0.739048, -0.147472
5, 1.02204, -0.73879, -0.147472
5, 1.02107, -0.740133, -0.145837
5, 1.02094, -0.740486, -0.145837
5, 1.02306, -0.738662, -0.153583
5, 1.02368, -0.73826, -0.153583
5, 1.02116, -0.73839, -0.153976
5, 1.02071, -0.738184, -0.153976
5, 1.02143, -0.738644, -0.155482
5, 1.02139, -0.738663, -0.155482
5, 1.02146, -0.73981, -0.151806
5, 1.02145, -0.74024, -0.151806
5, 1.02202, -0.738178, -0.154239
5, 1.02222, -0.737693, -0.154239
5, 1.02087, -0.73879, -0.152647
5, 1.02051, -0.738874, -0.152647
5, 1.02123, -0.739578, -0.155098
5, 1.02123, -0.739885, -0.155098
5, 1.02168, -0.739017, -0.151038
5, 1.02185, -0.738908, -0.151038
5, 1.02295, -0.737764, -0.16044
5, 1.02348, -0.737261, -0.16044
5, 1.02162, -0.739078, -0.14407
5, 1.02132, -0.739379, -0.14407
5, 1.02215, -0.738506, -0.152524
5, 1.02224, -0.738405, -0.152524
5, 1.02127, -0.73899, -0.148038
5, 1.02103, -0.739107, -0.148038
5, 1.02082, -0.739663, -0.153764
5, 1.02061, -0.739903, -0.153764
5, 1.02049, -0.740204, -0.152183
5, 1.02028, -0.740497, -0.152183
5, 1.02084, -0.738963, -0.144127
5, 1.02088, -0.738685, -0.144127
5, 1.02144, -0.739183, -0.149698
5, 1.02163, -0.739144, -0.149698
5, 1.02166, -0.739439, -0.146783
5, 1.02181, -0.739512, -0.146783
5, 1.02184, -0.739386, -0.148309
5, 1.02195, -0.739393, -0.148309
5, 1.02291, -0.738201, -0.146799
5, 1.02326, -0.737853, -0.146799
5, 1.0202, -0.739804, -0.152027
5, 1.02081, -0.739338, -0.151793
5, 1.02096, -0.739158, -0.151793
5, 1.02093, -0.739305, -0.156115
5, 1.02091, -0.739377, -0.156115
5, 1.02153, -0.738596, -0.151222
5, 1.02189, -0.738142, -0.151222
5, 1.0211, -0.737882, -0.151684
5, 1.02071, -0.737647, -0.151684
5, 1.01986, -0.739503, -0.142836
5, 1.01935, -0.740485, -0.142836
5, 1.02015, -0.738958, -0.153297
5, 1.02048, -0.738288, -0.153297
5, 1.02076, -0.738854, -0.151727
5, 1.02133, -0.739195, -0.148157
5, 1.02159, -0.739278, -0.148157
5, 1.02159, -0.739278, -0.148157
5, 1.02122, -0.738913, -0.147456
5, 1.02109, -0.738739, -0.147456
5, 1.02006, -0.738973, -0.153669
5, 1.01962, -0.739002, -0.153669
5, 1.02097, -0.739513, -0.149786
5, 1.02124, -0.739719, -0.149786
5, 1.02182, -0.739644, -0.148132
5, 1.02219, -0.739733, -0.148132
5, 1.02211, -0.738525, -0.156492
5, 1.02081, -0.738776, -0.150753
5, 1.02001, -0.739073, -0.150753
5, 1.02042, -0.738896, -0.152739
5, 1.02042, -0.738896, -0.152739
5, 1.02022, -0.738885, -0.152739
5, 1.02183, -0.737815, -0.156293
5, 1.02163, -0.739583, -0.141465
5, 1.02176, -0.740048, -0.141465
5, 1.0213, -0.738001, -0.148834
5, 1.02118, -0.737415, -0.148834
5, 1.02045, -0.73843, -0.153601
5, 1.02011, -0.738498, -0.153601
5, 1.0207, -0.738943, -0.150405
5, 1.02072, -0.739141, -0.150405
5, 1.02012, -0.739094, -0.146076
5, 1.01993, -0.739187, -0.146076
5, 1.02053, -0.739285, -0.147615
5, 1.02063, -0.739378, -0.147615
5, 1.0218, -0.737934, -0.152926
5, 1.02233, -0.737416, -0.152926
5, 1.0208, -0.739777, -0.145209
5, 1.02013, -0.740932, -0.145209
5, 1.02088, -0.739818, -0.154499
5, 1.02093, -0.739845, -0.154499
5, 1.02232, -0.738868, -0.158151
5, 1.02293, -0.738486, -0.158151
5, 1.02182, -0.738691, -0.150885
5, 1.02174, -0.738567, -0.150885
5, 1.02099, -0.738492, -0.153726
5, 1.02063, -0.738377, -0.153726
5, 1.02059, -0.739769, -0.15378
5, 1.02038, -0.740204, -0.15378
5, 1.021, -0.739818, -0.153768
5, 1.02112, -0.739956, -0.153768
5, 1.02232, -0.738709, -0.156125
5, 1.02292, -0.73826, -0.156125
5, 1.02218, -0.73841, -0.153701
5, 1.02223, -0.738223, -0.153701
5, 1.02168, -0.738874, -0.153187
5, 1.02151, -0.739002, -0.153187
5, 1.02234, -0.737304, -0.153904
5, 1.02254, -0.736778, -0.153904
5, 1.02267, -0.73769, -0.147065
5, 1.02286, -0.737697, -0.147065
5, 1.02103, -0.738603, -0.158444
5, 1.02046, -0.738937, -0.158444
5, 1.02079, -0.738729, -0.153514
5, 1.0208, -0.738712, -0.153514
5, 1.02156, -0.737947, -0.153871
5, 1.0218, -0.737663, -0.153871
5, 1.02201, -0.737414, -0.153871
5, 1.02126, -0.740121, -0.149843
5, 1.02085, -0.739174, -0.151433
5, 1.02055, -0.738733, -0.151433
5, 1.02066, -0.739762, -0.154891
5, 1.02066, -0.74033, -0.154891
5, 1.02093, -0.738895, -0.157128
5, 1.02101, -0.73852, -0.157128
5, 1.02105, -0.738295, -0.155663
5, 1.02111, -0.737961, -0.155663
5, 1.02115, -0.738117, -0.151199
5, 1.0212, -0.738114, -0.151199
5, 1.0212, -0.739073, -0.149018
5, 1.02122, -0.739657, -0.149018
5, 1.02123, -0.738488, -0.153678
5, 1.02126, -0.737903, -0.153678
5, 1.02116, -0.738602, -0.15106
5, 1.02111, -0.738935, -0.15106
5, 1.0217, -0.739094, -0.155207
5, 1.02205, -0.739255, -0.155207
5, 1.02178, -0.739333, -0.147935
5, 1.02182, -0.739465, -0.147935
5, 1.02116, -0.739406, -0.1489
5, 1.0208, -0.739403, -0.1489
5, 1.02089, -0.739907, -0.142645
5, 1.02075, -0.740147, -0.142645
5, 1.02078, -0.738537, -0.155811
5, 1.02073, -0.73808, -0.155811
5, 1.02016, -0.738423, -0.153493
5, 1.01991, -0.738283, -0.153493
5, 1.01979, -0.738835, -0.145694
5, 1.01959, -0.738947, -0.145694
5, 1.02131, -0.738918, -0.155437
5, 1.02173, -0.738976, -0.155437
5, 1.02188, -0.739643, -0.146302
5, 1.02221, -0.73989, -0.146302
5, 1.0222, -0.738431, -0.15095
5, 1.0224, -0.738137, -0.15095
5, 1.01996, -0.738663, -0.154819
5, 1.01923, -0.738629, -0.154819
5, 1.01983, -0.739602, -0.151611
5, 1.01954, -0.739936, -0.151611
5, 1.02079, -0.739422, -0.145846
5, 1.02107, -0.739454, -0.145846
5, 1.02233, -0.739126, -0.152972
5, 1.02296, -0.739028, -0.152972
5, 1.0207, -0.739282, -0.152622
5, 1.02039, -0.739302, -0.152622
5, 1.02019, -0.739596, -0.149819
5, 1.01992, -0.739699, -0.149819
5, 1.02128, -0.738992, -0.151489
5, 1.02151, -0.738846, -0.151489
5, 1.02287, -0.737288, -0.158648
5, 1.02342, -0.736733, -0.158648
5, 1.02197, -0.739274, -0.152658
5, 1.0219, -0.739684, -0.152658
5, 1.02119, -0.739665, -0.153176
5, 1.02064, -0.739571, -0.158784
5, 1.02031, -0.739546, -0.158784
5, 1.01996, -0.739603, -0.158784
5, 1.0206, -0.739104, -0.15582
5, 1.02056, -0.738989, -0.15582
5, 1.02167, -0.73854, -0.144385
5, 1.02198, -0.738333, -0.144385
5, 1.02142, -0.739369, -0.156453
5, 1.02146, -0.739534, -0.156453
5, 1.02124, -0.738289, -0.15026
5, 1.0212, -0.738026, -0.15026
5, 1.0195, -0.739477, -0.150948
5, 1.02029, -0.73899, -0.160073
5, 1.02064, -0.738754, -0.160073
5, 1.02078, -0.738628, -0.160073
5, 1.02171, -0.739913, -0.159401
5, 1.02088, -0.73942, -0.154205
5, 1.02044, -0.739189, -0.154205
5, 1.02028, -0.739294, -0.154697
5, 1.0201, -0.739328, -0.154697
5, 1.01991, -0.73933, -0.154697
5, 1.0221, -0.737853, -0.153968
5, 1.02175, -0.738463, -0.148404
5, 1.02169, -0.738727, -0.148404
5, 1.02099, -0.739188, -0.14952
5, 1.0206, -0.739476, -0.14952
5, 1.02082, -0.739365, -0.152295
5, 1.02086, -0.739388, -0.152295
5, 1.02112, -0.739235, -0.148954
5, 1.02121, -0.739216, -0.148954
5, 1.02047, -0.739276, -0.147794
5, 1.02009, -0.739305, -0.147794
5, 1.0205, -0.738857, -0.145944
5, 1.02064, -0.738599, -0.145944
5, 1.02033, -0.739074, -0.14703
5, 1.02022, -0.739162, -0.14703
5, 1.02171, -0.739021, -0.145525
5, 1.02255, -0.738965, -0.145525
5, 1.02151, -0.739258, -0.149041
5, 1.0211, -0.739432, -0.149041
5, 1.02132, -0.738813, -0.15303
5, 1.02132, -0.738616, -0.15303
5, 1.02098, -0.739381, -0.149085
5, 1.02078, -0.739766, -0.149085
5, 1.02137, -0.738545, -0.155268
5, 1.02168, -0.737881, -0.155268
5, 1.02078, -0.738957, -0.15324
5, 1.0205, -0.739159, -0.15324
5, 1.02125, -0.738637, -0.152263
5, 1.0214, -0.738536, -0.152263
5, 1.0209, -0.738992, -0.156172
5, 1.02078, -0.739127, -0.156172
5, 1.02164, -0.739734, -0.157122
5, 1.02193, -0.740074, -0.157122
5, 1.0206, -0.738817, -0.15228
5, 1.02023, -0.738511, -0.15228
5, 1.02136, -0.738601, -0.149263
5, 1.0216, -0.738447, -0.149263
5, 1.02141, -0.739354, -0.154953
5, 1.02148, -0.739633, -0.154953
5, 1.02086, -0.739105, -0.149126
5, 1.02065, -0.739067, -0.149126
5, 1.02032, -0.739303, -0.152441
5, 1.02006, -0.739373, -0.152441
5, 1.02029, -0.739401, -0.159484
5, 1.02023, -0.739448, -0.159484
5, 1.02096, -0.739776, -0.141892
5, 1.02117, -0.739915, -0.141892
5, 1.02084, -0.737289, -0.158145
5, 1.02085, -0.736435, -0.158145
5, 1.02146, -0.738846, -0.154209
5, 1.02168, -0.739199, -0.154209
5, 1.02054, -0.739227, -0.152227
5, 1.02024, -0.739487, -0.152227
5, 1.02123, -0.739722, -0.148751
5, 1.02144, -0.739989, -0.148751
5, 1.02107, -0.739485, -0.151657
5, 1.02107, -0.739466, -0.151657
5, 1.02028, -0.738175, -0.151904
5, 1.02002, -0.737755, -0.151904
5, 1.0216, -0.739156, -0.152938
5, 1.02196, -0.739351, -0.152938
5, 1.02131, -0.739791, -0.15118
5, 1.02132, -0.74006, -0.15118
5, 1.02134, -0.738474, -0.153575
5, 1.02136, -0.738062, -0.153575
5, 1.02064, -0.739037, -0.146015
5, 1.02038, -0.739145, -0.146015
5, 1.01994, -0.739607, -0.148473
5, 1.01964, -0.739826, -0.148473
5, 1.0203, -0.739192, -0.145231
5, 1.02033, -0.739119, -0.145231
5, 1.02177, -0.739269, -0.153418
5, 1.02234, -0.739273, -0.153418
5, 1.02189, -0.739122, -0.152423
5, 1.02208, -0.739076, -0.152423
5, 1.02171, -0.738738, -0.159627
5, 1.02071, -0.739326, -0.148546
5, 1.0204, -0.739446, -0.148546
5, 1.02124, -0.739201, -0.150707
5, 1.02132, -0.739198, -0.150707
5, 1.02186, -0.739601, -0.151093
5, 1.02207, -0.739728, -0.151093
5, 1.02088, -0.738998, -0.14949
5, 1.02057, -0.738803, -0.14949
5, 1.02108, -0.739546, -0.156574
5, 1.02108, -0.739707, -0.156574
5, 1.02154, -0.739061, -0.151044
5, 1.02171, -0.738929, -0.151044
5, 1.02174, -0.739712, -0.151524
5, 1.02185, -0.739908, -0.151524
5, 1.01972, -0.739813, -0.157344
5, 1.01914, -0.739897, -0.157344
5, 1.0203, -0.739061, -0.157103
5, 1.02027, -0.738865, -0.157103
5, 1.02152, -0.738326, -0.155245
5, 1.02195, -0.737983, -0.155245
5, 1.02212, -0.739431, -0.148812
5, 1.02248, -0.739719, -0.148812
5, 1.02041, -0.738434, -0.149681
5, 1.01998, -0.738207, -0.149681
5, 1.02051, -0.738813, -0.150097
5, 1.02039, -0.738862, -0.150097
5, 1.02213, -0.738872, -0.149257
5, 1.02264, -0.738909, -0.149257
5, 1.02092, -0.738459, -0.155265
5, 1.02068, -0.738327, -0.155265
5, 1.02031, -0.739759, -0.152139
5, 1.02001, -0.74019, -0.152139
5, 1.02034, -0.739683, -0.144102
5, 1.02054, -0.738956, -0.159698
5, 1.02064, -0.738565, -0.159698
5, 1.02071, -0.738232, -0.159698
5, 1.02045, -0.739085, -0.147686
5, 1.02042, -0.73913, -0.147686
5, 1.02316, -0.738855, -0.149991
5, 1.02211, -0.738856, -0.152977
5, 1.02167, -0.738848, -0.152977
5, 1.02102, -0.738402, -0.157454
5, 1.02057, -0.738114, -0.157454
5, 1.02106, -0.738336, -0.149513
5, 1.02124, -0.738402, -0.149513
5, 1.021, -0.739279, -0.150079
5, 1.02088, -0.739768, -0.150079
5, 1.02073, -0.739645, -0.14584
5, 1.02062, -0.739692, -0.14584
5, 1.02161, -0.738973, -0.158476
5, 1.02218, -0.73857, -0.158476
5, 1.02238, -0.738353, -0.152407
5, 1.02253, -0.738209, -0.152407
5, 1.02282, -0.73798, -0.152407
5, 1.01985, -0.739483, -0.155977
5, 1.02062, -0.739774, -0.153436
5, 1.02096, -0.740011, -0.153436
5, 1.02067, -0.739497, -0.150222
5, 1.02052, -0.739253, -0.150222
5, 1.02042, -0.739137, -0.150222
5, 1.02089, -0.739436, -0.152346
5, 1.02095, -0.739443, -0.152346
5, 1.02144, -0.738915, -0.154446
5, 1.02086, -0.739635, -0.154502
5, 1.02054, -0.740038, -0.154502
5, 1.02033, -0.740339, -0.154502
5, 1.02075, -0.739889, -0.150394
5, 1.02074, -0.739938, -0.150394
5, 1.02063, -0.739032, -0.148538
5, 1.02059, -0.738824, -0.148538
5, 1.02007, -0.739786, -0.150609
5, 1.01989, -0.739927, -0.150609
5, 1.02218, -0.739489, -0.154354
5, 1.02275, -0.739447, -0.154354
5, 1.02183, -0.738393, -0.146923
5, 1.02193, -0.738047, -0.146923
5, 1.02034, -0.736691, -0.14916
5, 1.0206, -0.738934, -0.14878
5, 1.0205, -0.739451, -0.14878
5, 1.02017, -0.739951, -0.150459
5, 1.01999, -0.740434, -0.150459
5, 1.02042, -0.739765, -0.152788
5, 1.02062, -0.739489, -0.152788
5, 1.02039, -0.739838, -0.152388
5, 1.02029, -0.740032, -0.152388
5, 1.02113, -0.739261, -0.148828
5, 1.02148, -0.739001, -0.148828
5, 1.02118, -0.738683, -0.153267
5, 1.02111, -0.738417, -0.153267
5, 1.02137, -0.738521, -0.153867
5, 1.02154, -0.738482, -0.153867
5, 1.02074, -0.738753, -0.148189
5, 1.02047, -0.738818, -0.148189
5, 1.02108, -0.739145, -0.151232
5, 1.02117, -0.739307, -0.151232
5, 1.02209, -0.739056, -0.152717
5, 1.02269, -0.738969, -0.152717
5, 1.02185, -0.738908, -0.154251
5, 1.02178, -0.738862, -0.154251
5, 1.0217, -0.739139, -0.1534
5, 1.02165, -0.739271, -0.1534
5, 1.02078, -0.739496, -0.151534
5, 1.02018, -0.739681, -0.151534
5, 1.02078, -0.739505, -0.15534
5, 1.02098, -0.739455, -0.15534
5, 1.0222, -0.738613, -0.156496
5, 1.02298, -0.738089, -0.156496
5, 1.02212, -0.737776, -0.1527
5, 1.02183, -0.737444, -0.1527
5, 1.02138, -0.739346, -0.147972
5, 1.02117, -0.739883, -0.147972
5, 1.02105, -0.737761, -0.157486
5, 1.02095, -0.736793, -0.157486
5, 1.02073, -0.738174, -0.156528
5, 1.02055, -0.738863, -0.156528
5, 1.02066, -0.739064, -0.158535
5, 1.02061, -0.739336, -0.158535
5, 1.02183, -0.73803, -0.147647
5, 1.02254, -0.73733, -0.147647
5, 1.02215, -0.73864, -0.149755
5, 1.0221, -0.739309, -0.149755
5, 1.02157, -0.739693, -0.151001
5, 1.02141, -0.740088, -0.151001
5, 1.02203, -0.737795, -0.149291
5, 1.02235, -0.736543, -0.149291
5, 1.02124, -0.739097, -0.148777
5, 1.02093, -0.739607, -0.148777
5, 1.02031, -0.739333, -0.148252
5, 1.01991, -0.739516, -0.148252
5, 1.02098, -0.739977, -0.151605
5, 1.02114, -0.740252, -0.151605
5, 1.02024, -0.739548, -0.144253
5, 1.02, -0.73945, -0.144253
5, 1.02212, -0.73865, -0.147002
5, 1.02278, -0.738288, -0.147002
5, 1.02204, -0.738745, -0.154717
5, 1.02181, -0.738901, -0.154717
5, 1.0216, -0.738941, -0.152845
5, 1.02152, -0.738966, -0.152845
5, 1.02336, -0.738454, -0.150393
5, 1.02146, -0.73851, -0.155566
5, 1.02098, -0.738443, -0.155566
5, 1.02064, -0.738347, -0.148442
5, 1.0202, -0.738265, -0.148442
5, 1.02155, -0.739131, -0.15021
5, 1.02183, -0.73942, -0.15021
5, 1.02086, -0.738611, -0.156216
5, 1.02064, -0.73847, -0.156216
5, 1.02053, -0.739019, -0.149471
5, 1.02034, -0.739152, -0.149471
5, 1.02007, -0.739248, -0.154031
5, 1.01985, -0.739371, -0.154031
5, 1.0204, -0.739866, -0.150494
5, 1.02046, -0.7401, -0.150494
5, 1.02059, -0.739499, -0.146365
5, 1.02066, -0.739433, -0.146365
5, 1.02077, -0.738745, -0.15085
5, 1.02086, -0.73843, -0.15085
5, 1.0204, -0.738909, -0.154382
5, 1.02028, -0.738891, -0.154382
5, 1.02044, -0.73889, -0.144985
5, 1.02043, -0.738878, -0.144985
5, 1.0213, -0.73813, -0.157
5, 1.02164, -0.737833, -0.157
5, 1.02133, -0.739175, -0.149815
5, 1.02142, -0.739512, -0.149815
5, 1.02136, -0.739535, -0.146789
5, 1.02139, -0.739729, -0.146789
5, 1.02077, -0.737627, -0.153263
5, 1.02058, -0.737051, -0.153263
5, 1.02122, -0.739585, -0.14956
5, 1.02131, -0.740046, -0.14956
5, 1.02112, -0.739343, -0.14591
5, 1.02111, -0.7394, -0.14591
5, 1.02135, -0.739467, -0.152599
5, 1.02144, -0.739532, -0.152599
5, 1.0206, -0.74005, -0.158824
5, 1.02033, -0.740291, -0.158824
5, 1.02159, -0.73879, -0.156273
5, 1.02187, -0.73842, -0.156273
5, 1.02109, -0.739664, -0.150811
5, 1.021, -0.739852, -0.150811
5, 1.02085, -0.739774, -0.150946
5, 1.02075, -0.739864, -0.150946
5, 1.02102, -0.739282, -0.148967
5, 1.02105, -0.739145, -0.148967
5, 1.01968, -0.738857, -0.14884
5, 1.01918, -0.738648, -0.14884
5, 1.02167, -0.738432, -0.153619
5, 1.02227, -0.738215, -0.153619
5, 1.021, -0.738286, -0.152848
5, 1.02091, -0.738169, -0.152848
5, 1.02058, -0.738564, -0.157896
5, 1.02041, -0.738629, -0.157896
5, 1.02115, -0.739414, -0.152201
5, 1.0213, -0.739742, -0.152201
5, 1.02002, -0.739787, -0.154731
5, 1.01969, -0.73999, -0.154731
5, 1.02183, -0.738102, -0.152036
5, 1.02232, -0.737611, -0.152036
5, 1.02053, -0.739874, -0.153372
5, 1.02024, -0.74032, -0.153372
5, 1.02072, -0.739654, -0.152881
5, 1.02071, -0.739705, -0.152881
5, 1.02096, -0.738446, -0.148335
5, 1.02104, -0.738016, -0.148335
5, 1.02136, -0.738445, -0.147529
5, 1.02153, -0.738318, -0.147529
5, 1.02099, -0.737123, -0.1491
5, 1.02092, -0.736664, -0.1491
5, 1.02248, -0.738183, -0.153733
5, 1.02305, -0.738437, -0.153733
5, 1.0206, -0.739341, -0.152086
5, 1.02014, -0.739767, -0.152086
5, 1.02233, -0.73814, -0.14663
5, 1.02274, -0.73789, -0.14663
5, 1.02078, -0.738452, -0.146814
5, 1.02048, -0.738464, -0.146814
5, 1.02067, -0.73885, -0.152215
5, 1.02052, -0.738979, -0.152215
5, 1.02182, -0.738188, -0.155176
5, 1.02213, -0.738023, -0.155176
5, 1.02143, -0.739134, -0.150157
5, 1.0214, -0.739375, -0.150157
5, 1.02055, -0.739413, -0.147732
5, 1.02025, -0.739584, -0.147732
5, 1.02076, -0.738981, -0.144285
5, 1.02073, -0.738894, -0.144285
5, 1.02104, -0.739293, -0.151534
5, 1.02115, -0.739383, -0.151534
5, 1.0203, -0.740028, -0.151023
5, 1.02005, -0.740328, -0.151023
5, 1.01967, -0.739759, -0.151178
5, 1.01936, -0.739743, -0.151178
5, 1.02068, -0.738939, -0.153361
5, 1.02095, -0.738633, -0.153361
5, 1.02058, -0.73917, -0.147658
5, 1.02063, -0.739156, -0.147658
5, 1.02138, -0.739252, -0.155475
5, 1.02165, -0.739274, -0.155475
5, 1.02168, -0.739643, -0.149988
5, 1.02186, -0.739771, -0.149988
5, 1.0202, -0.739641, -0.149408
5, 1.01981, -0.739684, -0.149408
5, 1.02163, -0.737634, -0.146955
5, 1.02193, -0.73704, -0.146955
5, 1.02062, -0.73893, -0.156683
5, 1.02106, -0.739478, -0.151319
5, 1.02126, -0.739805, -0.151319
5, 1.0214, -0.740178, -0.151319
5, 1.02232, -0.739058, -0.150931
5, 1.02129, -0.738894, -0.149819
5, 1.02073, -0.738769, -0.149819
5, 1.02045, -0.739206, -0.146602
5, 1.02019, -0.73944, -0.146602
5, 1.01992, -0.739579, -0.146602
5, 1.02049, -0.739434, -0.145381
5, 1.0206, -0.739251, -0.148824
5, 1.02066, -0.739157, -0.148824
5, 1.02132, -0.7377, -0.147834
5, 1.02167, -0.736921, -0.147834
5, 1.02198, -0.736255, -0.147834
5, 1.02076, -0.738315, -0.154076
5, 1.02111, -0.739314, -0.15569
5, 1.0213, -0.740042, -0.15569
5, 1.02033, -0.740025, -0.149206
5, 1.01984, -0.740121, -0.149206
5, 1.01968, -0.739797, -0.148175
5, 1.0195, -0.73967, -0.148175
5, 1.02019, -0.73924, -0.147739
5, 1.02033, -0.739054, -0.147739
5, 1.0209, -0.739022, -0.153812
5, 1.02123, -0.738967, -0.153812
5, 1.02032, -0.739206, -0.154881
5, 1.01989, -0.739314, -0.154881
5, 1.0203, -0.739526, -0.15433
5, 1.02032, -0.739643, -0.15433
5, 1.02013, -0.739035, -0.150586
5, 1.02003, -0.7387, -0.150586
5, 1.02014, -0.739287, -0.158901
5, 1.02019, -0.739567, -0.158901
5, 1.02103, -0.738981, -0.148268
5, 1.02142, -0.738821, -0.148268
5, 1.02136, -0.738954, -0.155806
5, 1.02139, -0.738993, -0.155806
5, 1.02142, -0.738904, -0.153931
5, 1.02152, -0.738862, -0.153931
5, 1.02063, -0.739072, -0.155187
5, 1.0203, -0.739138, -0.155187
5, 1.02166, -0.73871, -0.143497
5, 1.02199, -0.738589, -0.143497
5, 1.02177, -0.73977, -0.147393
5, 1.02189, -0.740191, -0.147393
5, 1.02134, -0.738941, -0.155922
5, 1.02118, -0.738665, -0.155922
5, 1.02071, -0.739334, -0.148616
5, 1.02046, -0.73943, -0.148616
5, 1.02229, -0.73858, -0.153626
5, 1.02284, -0.738314, -0.153626
5, 1.01979, -0.738409, -0.15275
5, 1.02003, -0.739114, -0.148376
5, 1.02003, -0.739114, -0.148376
5, 1.01977, -0.739318, -0.148376
5, 1.02051, -0.738861, -0.152138
5, 1.02066, -0.738799, -0.152138
5, 1.02009, -0.739029, -0.147079
5, 1.02136, -0.738465, -0.147681
5, 1.02213, -0.738124, -0.147681
5, 1.02165, -0.739256, -0.154332
5, 1.0218, -0.739587, -0.154332
5, 1.02071, -0.740046, -0.146314
5, 1.02034, -0.740449, -0.146314
5, 1.02045, -0.73893, -0.149447
5, 1.02043, -0.738173, -0.149447
5, 1.02079, -0.738768, -0.149211
5, 1.02087, -0.738712, -0.149211
5, 1.02128, -0.739597, -0.154559
5, 1.02151, -0.739946, -0.154559
5, 1.02046, -0.740377, -0.150795
5, 1.02021, -0.74072, -0.150795
5, 1.02105, -0.738903, -0.152207
5, 1.0212, -0.738439, -0.152207
5, 1.02066, -0.738781, -0.148528
5, 1.02054, -0.738606, -0.148528
5, 1.02183, -0.739055, -0.146823
5, 1.02228, -0.739129, -0.146823
5, 1.02156, -0.738787, -0.15036
5, 1.02155, -0.73871, -0.15036
5, 1.02124, -0.739322, -0.138428
5, 1.02112, -0.739484, -0.138428
5, 1.02, -0.738659, -0.14846
5, 1.01954, -0.738469, -0.14846
5, 1.02102, -0.738496, -0.152443
5, 1.02126, -0.738394, -0.152443
5, 1.02156, -0.738497, -0.153439
5, 1.02181, -0.73847, -0.153439
5, 1.02045, -0.740113, -0.152529
5, 1.02013, -0.740655, -0.152529
5, 1.0211, -0.739088, -0.145434
5, 1.02127, -0.738836, -0.145434
5, 1.02213, -0.738645, -0.150483
5, 1.02259, -0.738406, -0.150483
5, 1.02133, -0.73796, -0.148953
5, 1.02116, -0.73768, -0.148953
5, 1.02188, -0.739074, -0.14471
5, 1.02205, -0.739421, -0.14471
5, 1.02042, -0.73957, -0.155258
5, 1.01998, -0.739811, -0.155258
5, 1.02014, -0.738936, -0.153389
5, 1.01991, -0.738801, -0.153389
5, 1.02103, -0.738408, -0.149003
5, 1.02125, -0.738197, -0.149003
5, 1.02055, -0.739151, -0.150681
5, 1.02045, -0.739357, -0.150681
5, 1.02065, -0.739064, -0.147559
5, 1.02066, -0.739094, -0.147559
5, 1.02079, -0.738876, -0.151339
5, 1.02085, -0.738816, -0.151339
5, 1.02117, -0.738773, -0.148785
5, 1.02133, -0.738715, -0.148785
5, 1.02009, -0.738591, -0.152526
5, 1.01978, -0.738519, -0.152526
5, 1.02089, -0.739358, -0.143253
5, 1.02106, -0.739585, -0.143253
5, 1.02038, -0.739106, -0.153516
5, 1.02027, -0.739096, -0.153516
5, 1.0209, -0.739941, -0.152002
5, 1.02102, -0.740199, -0.152002
5, 1.02099, -0.738453, -0.156633
5, 1.02107, -0.73807, -0.156633
5, 1.0206, -0.738619, -0.155999
5, 1.02048, -0.738524, -0.155999
5, 1.02093, -0.737975, -0.157543
5, 1.02101, -0.737722, -0.157543
5, 1.01657, -0.740477, -0.168023
5, 1.01529, -0.741149, -0.168023
5, 1.0119, -0.74177, -0.282098
5, 1.01002, -0.742406, -0.282098
5, 1.01092, -0.739558, -0.464587
5, 1.00999, -0.739121, -0.464587
5, 1.00755, -0.737798, -0.643169
5, 1.0062, -0.737116, -0.643169
5, 0.999561, -0.736109, -0.818161
5, 0.996734, -0.735372, -0.818161
5, 0.991154, -0.734242, -0.961694
5, 0.987187, -0.733318, -0.961694
5, 0.981874, -0.73126, -1.09826
5, 0.977269, -0.729906, -1.09826
5, 0.972527, -0.728011, -1.23015
5, 0.965194, -0.727479, -1.3429
5, 0.960244, -0.726952, -1.3429
5, 0.954391, -0.726027, -1.3429
5, 0.949128, -0.72428, -1.44913
5, 0.941124, -0.724173, -1.54017
5, 0.934971, -0.723868, -1.54017
5, 0.928464, -0.724683, -1.65765
5, 0.923756, -0.72502, -1.65765
5, 0.917446, -0.72518, -1.65765
5, 0.909103, -0.728943, -1.73783
5, 0.899669, -0.730528, -1.80724
5, 0.891595, -0.731924, -1.80724
5, 0.884496, -0.733755, -1.90312
5, 0.878341, -0.735181, -1.90312
5, 0.871608, -0.736635, -1.90312
5, 0.859328, -0.740138, -1.94818
5, 0.849601, -0.74359, -2.01303
5, 0.841133, -0.746335, -2.01303
5, 0.830288, -0.749541, -2.07175
5, 0.822758, -0.751781, -2.07175
5, 0.814881, -0.754142, -2.07175
5, 0.807289, -0.757431, -2.1162
5, 0.796509, -0.759489, -2.16994
5, 0.788378, -0.761316, -2.16994
5, 0.777437, -0.766348, -2.20593
5, 0.769418, -0.769724, -2.20593
5, 0.761145, -0.772803, -2.20593
5, 0.753297, -0.772631, -2.25488
5, 0.74409, -0.776887, -2.29195
5, 0.736002, -0.780145, -2.29195
5, 0.723573, -0.782987, -2.33455
5, 0.715039, -0.785157, -2.33455
5, 0.706783, -0.787569, -2.36802
5, 0.699618, -0.789625, -2.36802
5, 0.689235, -0.792829, -2.40188
5, 0.679995, -0.795622, -2.40188
5, 0.671225, -0.79916, -2.4255
5, 0.663063, -0.802167, -2.4255
5, 0.65384, -0.805475, -2.44745
5, 0.644612, -0.808753, -2.44745
5, 0.636512, -0.810558, -2.46894
5, 0.628495, -0.812986, -2.46894
5, 0.618502, -0.817699, -2.50243
5, 0.612596, -0.820326, -2.50243
5, 0.604282, -0.8233, -2.5151
5, 0.595916, -0.826403, -2.5151
5, 0.587571, -0.82968, -2.53173
5, 0.578603, -0.833116, -2.53173
5, 0.570015, -0.836895, -2.54909
5, 0.5632, -0.839777, -2.54909
5, 0.557567, -0.841605, -2.56279
5, 0.550923, -0.844146, -2.56279
5, 0.545559, -0.849413, -2.57134
5, 0.538543, -0.853557, -2.57134
5, 0.531278, -0.854922, -2.58638
5, 0.525761, -0.856665, -2.58638
5, 0.520798, -0.861082, -2.60207
5, 0.515187, -0.864905, -2.60207
5, 0.505073, -0.867868, -2.61904
5, 0.498468, -0.870723, -2.61904
5, 0.493071, -0.874001, -2.61037
5, 0.487241, -0.876865, -2.61037
5, 0.477893, -0.879603, -2.62274
5, 0.467986, -0.882045, -2.6223
5, 0.460884, -0.884188, -2.6223
5, 0.45249, -0.887656, -2.64723
5, 0.4464, -0.889978, -2.64723
5, 0.439679, -0.892401, -2.64723
5, 0.4383, -0.893101, -2.63838
5, 0.433371, -0.894553, -2.66554
5, 0.428722, -0.896131, -2.66554
5, 0.42428, -0.890021, -2.68435
5, 0.42095, -0.887156, -2.68435
5, 0.420661, -0.897456, -2.54115
5, 0.419388, -0.902792, -2.54115
5, 0.420269, -0.896577, -2.356
5, 0.419526, -0.89616, -2.356
5, 0.423086, -0.898387, -2.18418
5, 0.424871, -0.899516, -2.18418
5, 0.431788, -0.897024, -2.00781
5, 0.436724, -0.895709, -2.00781
5, 0.43756, -0.893326, -1.84231
5, 0.439553, -0.891523, -1.84231
5, 0.440045, -0.891848, -1.71452
5, 0.44108, -0.891584, -1.71452
5, 0.450654, -0.885882, -1.56898
5, 0.455826, -0.882957, -1.56898
5, 0.462656, -0.880546, -1.4665
5, 0.467902, -0.878111, -1.4665
5, 0.472181, -0.880114, -1.36292
5, 0.476773, -0.879439, -1.36292
5, 0.486033, -0.879546, -1.26831
5, 0.49218, -0.879201, -1.26831
5, 0.498784, -0.881174, -1.18053
5, 0.504744, -0.881717, -1.18053
5, 0.513764, -0.880849, -1.09812
5, 0.52131, -0.880847, -1.09812
5, 0.528962, -0.883763, -1.03583
5, 0.53697, -0.88498, -1.03583
5, 0.544611, -0.886455, -0.968563
5, 0.552926, -0.88785, -0.968563
5, 0.568556, -0.88948, -0.907863
5, 0.578675, -0.890824, -0.907863
5, 0.58831, -0.892024, -0.841991
5, 0.597847, -0.893262, -0.841991
5, 0.609319, -0.893304, -0.781131
5, 0.620599, -0.894166, -0.781131
5, 0.63151, -0.893602, -0.736359
5, 0.642912, -0.89391, -0.736359
5, 0.654664, -0.893913, -0.688064
5, 0.664789, -0.894076, -0.688064
5, 0.680716, -0.894125, -0.625876
5, 0.694206, -0.894258, -0.625876
5, 0.705331, -0.894727, -0.595903
5, 0.718554, -0.895001, -0.595903
5, 0.732118, -0.894571, -0.564597
5, 0.744274, -0.894575, -0.564597
5, 0.760016, -0.891991, -0.51025
5, 0.775139, -0.890953, -0.51025
5, 0.786363, -0.891773, -0.48581
5, 0.798833, -0.891473, -0.48581
5, 0.814739, -0.890831, -0.443466
5, 0.827587, -0.890432, -0.443466
5, 0.842411, -0.889025, -0.414909
5, 0.855343, -0.888295, -0.414909
5, 0.870822, -0.888767, -0.379471
5, 0.884403, -0.888478, -0.379471
5, 0.89888, -0.888912, -0.347802
5, 0.913988, -0.88888, -0.347802
5, 0.925505, -0.888947, -0.310376
5, 0.940116, -0.888953, -0.310376
5, 0.95396, -0.888181, -0.291087
5, 0.968736, -0.887884, -0.291087
5, 0.98395, -0.888377, -0.265608
5, 0.999475, -0.888379, -0.265608
5, 1.01302, -0.889303, -0.252093
5, 1.02896, -0.889674, -0.252093
5, 1.04378, -0.88954, -0.225814
5, 1.05949, -0.889722, -0.225814
5, 1.07203, -0.889783, -0.218444
5, 1.08473, -0.889903, -0.218444
5, 1.10414, -0.888801, -0.202161
5, 1.11864, -0.888503, -0.202161
5, 1.1321, -0.891575, -0.190793
5, 1.1472, -0.892528, -0.190793
5, 1.1627, -0.893546, -0.165135
5, 1.17917, -0.894602, -0.165135
5, 1.19242, -0.894042, -0.165411
5, 1.20828, -0.894509, -0.165411
5, 1.22434, -0.897016, -0.150557
5, 1.2391, -0.898149, -0.150557
5, 1.25545, -0.901462, -0.137896
5, 1.26986, -0.903256, -0.137896
5, 1.28518, -0.903118, -0.136414
5, 1.29854, -0.904135, -0.136414
5, 1.31614, -0.903349, -0.134234
5, 1.33221, -0.903787, -0.134234
5, 1.34701, -0.903469, -0.1218
5, 1.3634, -0.903645, -0.1218
5, 1.38105, -0.899538, -0.119206
5, 1.39564, -0.898364, -0.119206
5, 1.40888, -0.898399, -0.116357
5, 1.42267, -0.897642, -0.116357
5, 1.44034, -0.894678, -0.0958725
5, 1.45456, -0.893255, -0.0958725
5, 1.47218, -0.890116, -0.0921513
5, 1.48684, -0.888206, -0.0921513
5, 1.49993, -0.889241, -0.0844028
5, 1.51591, -0.888184, -0.0844028
5, 1.54199, -0.907695, -0.0748637
5, 1.56276, -0.914893, -0.0748637
5, 1.57852, -0.92944, -0.0785456
5, 1.59648, -0.938583, -0.0785456
5, 1.60861, -0.928771, -0.0896382
5, 1.63893, -0.926816, -0.0757834
5, 1.65411, -0.927, -0.0757834
5, 1.67022, -0.927068, -0.0779917
5, 1.68828, -0.92724, -0.0779917
5, 1.70228, -0.931026, -0.0748709
5, 1.71758, -0.932427, -0.0748709
5, 1.73541, -0.935102, -0.0695618
5, 1.75084, -0.936849, -0.0695618
5, 1.76831, -0.938768, -0.0544025
5, 1.78637, -0.940789, -0.0544025
5, 1.80168, -0.943519, -0.0585071
5, 1.81765, -0.945648, -0.0585071
5, 1.83168, -0.947368, -0.0553563
5, 1.84601, -0.94923, -0.0553563
5, 1.86435, -0.950828, -0.0411885
5, 1.87985, -0.952573, -0.0411885
5, 1.90175, -0.97162, -0.0480371
5, 1.91932, -0.97934, -0.0480371
5, 1.94066, -0.991909, -0.0503504
5, 1.9595, -1.00109, -0.0503504
5, 1.97151, -0.995328, -0.0363559
5, 1.98729, -0.999339, -0.0363559
5, 1.99911, -0.99268, -0.0558486
5, 2.00771, -0.993036, -0.0558486
5, 2.02053, -0.991675, -0.0666292
5, 2.03505, -0.991626, -0.0666292
5, 2.04834, -0.992852, -0.0660752
5, 2.06335, -0.99329, -0.0660752
5, 2.07594, -0.992623, -0.0532041
5, 2.09156, -0.992617, -0.0532041
5, 2.09997, -0.990552, -0.0612917
5, 2.11156, -0.989906, -0.0612917
5, 2.12447, -0.990003, -0.0381383
5, 2.13637, -0.989618, -0.0381383
5, 2.14537, -0.989692, -0.0482475
5, 2.15801, -0.989359, -0.0482475
5, 2.16619, -0.988599, -0.0450025
5, 2.17838, -0.988081, -0.0450025
5, 2.1861, -0.98819, -0.0406164
5, 2.19739, -0.987874, -0.0406164
5, 2.2067, -0.987749, -0.0278679
5, 2.21848, -0.987466, -0.0278679
5, 2.22619, -0.987539, -0.0300158
5, 2.23723, -0.987373, -0.0300158
5, 2.24492, -0.987441, -0.0292846
5, 2.25443, -0.987356, -0.0292846
5, 2.25973, -0.987872, -0.0233793
5, 2.26927, -0.98802, -0.0233793
5, 2.27805, -0.988233, -0.0359624
5, 2.28632, -0.988378, -0.0359624
5, 2.2952, -0.988387, -0.0307453
5, 2.30351, -0.988492, -0.0307453
5, 2.31185, -0.988585, -0.0335464
5, 2.31995, -0.988675, -0.0335464
5, 2.32554, -0.988976, -0.0318888
5, 2.33383, -0.989158, -0.0318888
5, 2.34092, -0.990742, -0.0155221
5, 2.34323, -0.991359, -0.0155221
5, 2.35636, -0.993124, -0.0303176
5, 2.36394, -0.994088, -0.0303176
5, 2.36931, -0.994602, -0.0271677
5, 2.37239, -0.994815, -0.0271677
5, 2.38399, -0.996072, -0.0236305
5, 2.38598, -0.996298, -0.0236305
5, 2.3964, -0.997702, -0.00635661
5, 2.40378, -0.998603, -0.00635661
5, 2.40824, -0.999235, -0.00995457
5, 2.4105, -0.999457, -0.00995457
5, 2.42087, -1.00086, -0.0115602
5, 2.42347, -1.00127, -0.0115602
5, 2.43322, -1.00266, -0.000783274
5, 2.43463, -1.00288, -0.000783274
5, 2.44488, -1.00446, 0.0653356
5, 2.44915, -1.00364, 0.200331
5, 2.45415, -1.00375, 0.200331
5, 2.45396, -1.00245, 0.200331
5, 2.45771, -0.998931, 0.317709
5, 2.45717, -0.997787, 0.317709
5, 2.45863, -0.992335, 0.477763
5, 2.45658, -0.987301, 0.619258
5, 2.45656, -0.98383, 0.619258
5, 2.45499, -0.98248, 0.619258
5, 2.45221, -0.975093, 0.732525
5, 2.45135, -0.973493, 0.732525
5, 2.44809, -0.964146, 0.75792
5, 2.4466, -0.957358, 0.793493
5, 2.44501, -0.951816, 0.793493
5, 2.44466, -0.948926, 0.793493
5, 2.4443, -0.93811, 0.822948
5, 2.44716, -0.929341, 0.843783
5, 2.44784, -0.922266, 0.843783
5, 2.45109, -0.912221, 0.894046
5, 2.45278, -0.904042, 0.894046
5, 2.45356, -0.900663, 0.894046
5, 2.457, -0.883675, 0.930629
5, 2.45854, -0.872554, 0.974074
5, 2.46024, -0.862799, 0.974074
5, 2.46219, -0.851153, 1.02326
5, 2.46426, -0.839127, 1.02326
5, 2.46529, -0.827538, 1.0629
5, 2.46705, -0.814369, 1.0629
5, 2.46726, -0.805558, 1.10587
5, 2.46849, -0.793231, 1.10587
5, 2.47002, -0.781821, 1.1329
5, 2.4713, -0.770488, 1.1329
5, 2.47328, -0.756303, 1.15957
5, 2.47485, -0.743766, 1.15957
5, 2.47503, -0.732329, 1.18415
5, 2.47622, -0.718098, 1.18415
5, 2.47666, -0.703442, 1.21459
5, 2.47762, -0.687951, 1.21459
5, 2.47785, -0.672842, 1.23438
5, 2.47856, -0.655207, 1.23438
5, 2.47788, -0.642005, 1.26812
5, 2.47802, -0.62726, 1.26812
5, 2.47784, -0.609794, 1.2706
5, 2.47786, -0.594786, 1.2706
5, 2.47788, -0.580687, 1.28368
5, 2.4779, -0.565977, 1.28368
5, 2.4791, -0.552981, 1.31354
5, 2.47958, -0.539211, 1.31354
5, 2.48227, -0.522283, 1.31996
5, 2.48361, -0.507172, 1.31996
5, 2.48549, -0.492453, 1.34189
5, 2.48706, -0.476842, 1.34189
5, 2.4876, -0.462292, 1.34806
5, 2.48869, -0.448242, 1.34806
5, 2.48916, -0.429972, 1.35947
5, 2.48999, -0.414906, 1.35947
5, 2.48985, -0.400382, 1.37087
5, 2.49033, -0.385527, 1.37087
5, 2.4904, -0.371555, 1.38795
5, 2.49074, -0.357054, 1.38795
5, 2.49187, -0.341827, 1.40097
5, 2.49252, -0.32679, 1.40097
5, 2.49325, -0.311977, 1.41253
5, 2.49401, -0.294402, 1.41253
5, 2.49405, -0.282017, 1.40828
5, 2.49449, -0.267769, 1.40828
5, 2.49485, -0.250681, 1.41855
5, 2.49519, -0.238144, 1.41855
5, 2.49527, -0.222972, 1.41957
5, 2.49553, -0.208204, 1.41957
5, 2.49502, -0.193515, 1.42741
5, 2.49498, -0.177104, 1.42741
5, 2.49489, -0.161036, 1.44635
5, 2.49484, -0.143747, 1.44635
5, 2.49708, -0.130549, 1.4437
5, 2.49805, -0.113015, 1.4437
5, 2.5005, -0.100336, 1.45418
5, 2.50214, -0.0837039, 1.45418
5, 2.5038, -0.0667457, 1.44775
5, 2.50558, -0.0485596, 1.44775
5, 2.50704, -0.0342383, 1.44298
5, 2.50892, -0.0154801, 1.44298
5, 2.50985, -0.00411698, 1.44713
5, 2.51144, 0.0126894, 1.44713
5, 2.5129, 0.029129, 1.4545
5, 2.51455, 0.0468263, 1.4545
5, 2.51568, 0.0612331, 1.45897
5, 2.51726, 0.0793479, 1.45897
5, 2.51855, 0.0918784, 1.45238
5, 2.52019, 0.10958, 1.45238
5, 2.52307, 0.12558, 1.461
5, 2.52534, 0.143842, 1.461
5, 2.52768, 0.156886, 1.44994
5, 2.53029, 0.175627, 1.44994
5, 2.53208, 0.187062, 1.45802
5, 2.53458, 0.204416, 1.45802
5, 2.53736, 0.220215, 1.46672
5, 2.53979, 0.235844, 1.46672
5, 2.54238, 0.251391, 1.45721
5, 2.54535, 0.270073, 1.45721
5, 2.54727, 0.283961, 1.45293
5, 2.55009, 0.302403, 1.45293
5, 2.55184, 0.317311, 1.46205
5, 2.55401, 0.332612, 1.46205
5, 2.55657, 0.348495, 1.46137
5, 2.55911, 0.36543, 1.46137
5, 2.56055, 0.379515, 1.46769
5, 2.56253, 0.394249, 1.46769
5, 2.5634, 0.411764, 1.45669
5, 2.5652, 0.429185, 1.45669
5, 2.56643, 0.444755, 1.46662
5, 2.56824, 0.463582, 1.46662
5, 2.56982, 0.477111, 1.46461
5, 2.57168, 0.495343, 1.46461
5, 2.57383, 0.509168, 1.46453
5, 2.57592, 0.526923, 1.46453
5, 2.57825, 0.543899, 1.45954
5, 2.58023, 0.559934, 1.45954
5, 2.58257, 0.571887, 1.45859
5, 2.58473, 0.586999, 1.45859
5, 2.58731, 0.608355, 1.46889
5, 2.5874, 0.613699, 1.46889
5, 2.59134, 0.640871, 1.45321
5, 2.59348, 0.657296, 1.45321
5, 2.59564, 0.668184, 1.46895
5, 2.59778, 0.682968, 1.46895
5, 2.6001, 0.696571, 1.46533
5, 2.60238, 0.711521, 1.46533
5, 2.604, 0.727328, 1.47582
5, 2.60624, 0.743993, 1.47582
5, 2.60669, 0.75489, 1.47174
5, 2.60847, 0.77071, 1.47174
5, 2.6101, 0.784719, 1.47041
5, 2.61165, 0.798328, 1.47041
5, 2.61342, 0.812109, 1.46593
5, 2.61506, 0.825913, 1.46593
5, 2.61694, 0.835565, 1.46841
5, 2.61863, 0.84785, 1.46841
5, 2.6202, 0.862054, 1.45644
5, 2.62029, 0.866444, 1.45644
5, 2.62381, 0.887413, 1.46505
5, 2.62591, 0.902434, 1.46505
5, 2.62708, 0.911496, 1.46968
5, 2.62872, 0.923578, 1.46968
5, 2.63002, 0.933048, 1.46034
5, 2.63122, 0.93852, 1.46034
5, 2.63298, 0.956789, 1.46985
5, 2.63466, 0.970068, 1.46985
5, 2.63462, 0.975671, 1.46332
5, 2.63511, 0.979475, 1.46332
5, 2.63851, 0.997463, 1.45876
5, 2.63989, 1.00228, 1.45876
5, 2.64203, 1.01886, 1.45169
5, 2.6436, 1.02891, 1.45169
5, 2.64353, 1.03298, 1.45843
5, 2.64384, 1.03532, 1.45843
5, 2.64531, 1.05064, 1.45468
5, 2.64557, 1.05502, 1.45468
5, 2.64644, 1.06888, 1.45888
5, 2.64718, 1.07828, 1.45888
5, 2.64792, 1.08405, 1.44161
5, 2.64867, 1.09233, 1.44161
5, 2.65027, 1.10084, 1.45524
5, 2.65083, 1.10444, 1.45524
5, 2.65156, 1.11655, 1.46198
5, 2.65233, 1.12477, 1.46198
5, 2.65262, 1.13182, 1.45173
5, 2.65323, 1.13941, 1.45173
5, 2.65403, 1.14667, 1.44707
5, 2.65423, 1.14908, 1.44707
5, 2.65519, 1.16095, 1.46026
5, 2.65591, 1.16944, 1.46026
5, 2.65616, 1.17557, 1.44141
5, 2.65629, 1.17864, 1.44141
5, 2.65737, 1.19066, 1.44575
5, 2.65766, 1.19267, 1.44575
5, 2.65854, 1.20464, 1.45147
5, 2.65911, 1.21164, 1.45147
5, 2.66003, 1.21676, 1.45169
5, 2.66051, 1.21856, 1.45169
5, 2.66135, 1.23087, 1.45903
5, 2.66119, 1.23275, 1.45903
5, 2.66301, 1.24398, 1.44367
5, 2.66344, 1.24391, 1.44367
5, 2.66333, 1.25115, 1.53109
5, 2.66071, 1.2541, 1.64023
5, 2.65983, 1.25804, 1.64023
5, 2.65815, 1.25877, 1.64023
5, 2.65346, 1.26238, 1.76869
5, 2.64963, 1.26013, 1.91564
5, 2.64677, 1.26083, 1.91564
5, 2.6419, 1.25831, 2.03509
5, 2.63765, 1.25765, 2.03509
5, 2.63136, 1.25707, 2.10487
5, 2.62567, 1.25638, 2.10487
5, 2.61723, 1.25578, 2.18264
5, 2.61079, 1.25517, 2.18264
5, 2.5992, 1.25534, 2.24074
5, 2.58996, 1.25504, 2.24074
5, 2.57871, 1.25635, 2.28222
5, 2.56857, 1.25671, 2.28222
5, 2.55687, 1.25778, 2.33106
5, 2.54662, 1.25838, 2.33106
5, 2.5339, 1.259, 2.39163
5, 2.52147, 1.25967, 2.39163
5, 2.50978, 1.26034, 2.43555
5, 2.49618, 1.26112, 2.43555
5, 2.4884, 1.26194, 2.48827
5, 2.47601, 1.26282, 2.48827
5, 2.46368, 1.26407, 2.53013
5, 2.45016, 1.2652, 2.53013
5, 2.42409, 1.26652, 2.56369
5, 2.41406, 1.26627, 2.60061
5, 2.4017, 1.26669, 2.60061
5, 2.38824, 1.2667, 2.64126
5, 2.3739, 1.26698, 2.64126
5, 2.36106, 1.26771, 2.66373
5, 2.34803, 1.26819, 2.66373
5, 2.33532, 1.26934, 2.70295
5, 2.32269, 1.27006, 2.70295
5, 2.3081, 1.27067, 2.72812
5, 2.2949, 1.27133, 2.72812
5, 2.27987, 1.27245, 2.76331
5, 2.2659, 1.27334, 2.76331
5, 2.25355, 1.2738, 2.78484
5, 2.24034, 1.27449, 2.78484
5, 2.22687, 1.27515, 2.80394
5, 2.21145, 1.27596, 2.80394
5, 2.19849, 1.27669, 2.81836
5, 2.18437, 1.27741, 2.81836
5, 2.17013, 1.27807, 2.85336
5, 2.15608, 1.27877, 2.85336
5, 2.1409, 1.28074, 2.8644
5, 2.12423, 1.28212, 2.8644
5, 2.1106, 1.28336, 2.88212
5, 2.09552, 1.2846, 2.88212
5, 2.082, 1.28518, 2.89761
5, 2.06723, 1.28619, 2.89761
5, 2.05144, 1.28736, 2.9004
5, 2.03706, 1.28838, 2.9004
5, 2.02024, 1.28836, 2.90725
5, 2.0051, 1.28895, 2.90725
5, 1.99309, 1.28873, 2.92628
5, 1.97666, 1.2891, 2.92628
5, 1.96208, 1.29093, 2.93987
5, 1.94737, 1.29182, 2.93987
5, 1.93368, 1.29449, 2.94075
5, 1.91641, 1.29637, 2.94075
5, 1.90321, 1.29689, 2.95384
5, 1.88923, 1.29806, 2.95384
5, 1.8712, 1.29871, 2.96048
5, 1.8536, 1.29983, 2.96048
5, 1.80713, 1.32305, 2.95862
5, 1.77704, 1.333, 2.95862
5, 1.77242, 1.32976, 2.97093
5, 1.75093, 1.33482, 2.97093
5, 1.74362, 1.33181, 2.97544
5, 1.72829, 1.33362, 2.97544
5, 1.71333, 1.33434, 2.97781
5, 1.69833, 1.3357, 2.97781
5, 1.68441, 1.33702, 2.98574
5, 1.66801, 1.33855, 2.98574
5, 1.65288, 1.34014, 2.98969
5, 1.63635, 1.34176, 2.98969
5, 1.61919, 1.34317, 2.99339
5, 1.60327, 1.34461, 2.99339
5, 1.58949, 1.344, 3.0021
5, 1.57265, 1.34475, 3.0021
5, 1.55671, 1.34646, 2.99991
5, 1.54125, 1.34751, 2.99991
5, 1.52686, 1.34816, 3.0114
5, 1.5112, 1.3491, 3.0114
5, 1.49698, 1.35011, 3.01702
5, 1.47997, 1.3512, 3.01702
5, 1.46398, 1.35303, 3.03148
5, 1.44648, 1.35449, 3.03148
5, 1.41938, 1.36749, 3.01296
5, 1.39629, 1.37422, 3.01296
5, 1.37252, 1.38061, 3.02111
5, 1.3479, 1.38756, 3.02111
5, 1.33193, 1.38509, 3.01887
5, 1.30932, 1.38861, 3.01887
5, 1.30007, 1.38896, 3.01934
5, 1.28234, 1.39131, 3.01934
5, 1.27223, 1.39171, 3.01719
5, 1.25874, 1.39318, 3.01719
5, 1.24354, 1.39255, 3.02633
5, 1.22719, 1.39338, 3.02633
5, 1.20967, 1.39662, 3.02314
5, 1.19478, 1.39817, 3.02314
5, 1.17914, 1.39866, 3.01978
5, 1.1645, 1.39979, 3.01978
5, 1.14521, 1.40136, 3.03824
5, 1.12708, 1.4028, 3.03824
5, 1.1145, 1.40836, 3.03453
5, 1.09787, 1.41138, 3.03453
5, 1.08198, 1.41054, 3.03471
5, 1.06578, 1.41214, 3.03471
5, 1.05076, 1.41529, 3.04469
5, 1.03418, 1.41755, 3.04469
5, 1.01871, 1.42119, 3.04756
5, 1.00466, 1.42358, 3.04756
5, 0.994769, 1.42829, 3.03743
5, 0.982427, 1.43136, 3.03743
5, 0.959569, 1.4289, 3.05343
5, 0.943771, 1.43013, 3.05343
5, 0.933671, 1.43096, 3.05298
5, 0.91975, 1.43206, 3.05298
5, 0.909239, 1.43139, 3.03633
5, 0.895748, 1.4319, 3.03633
5, 0.884052, 1.43828, 3.06946
5, 0.8707, 1.44098, 3.06946
5, 0.859233, 1.44048, 3.05521
5, 0.846359, 1.44207, 3.05521
5, 0.836298, 1.44302, 3.04718
5, 0.825652, 1.44423, 3.04718
5, 0.810173, 1.44598, 3.04608
5, 0.798268, 1.44733, 3.04608
5, 0.791551, 1.45104, 3.06169
5, 0.781745, 1.4531, 3.06169
5, 0.767457, 1.45338, 3.04874
5, 0.756492, 1.45477, 3.04874
5, 0.745089, 1.45388, 3.05721
5, 0.734686, 1.45446, 3.05721
5, 0.725305, 1.45518, 3.05547
5, 0.705897, 1.45579, 3.05333
5, 0.696655, 1.45617, 3.05333
5, 0.686978, 1.45898, 3.06643
5, 0.678161, 1.46013, 3.06643
5, 0.670506, 1.46207, 3.05585
5, 0.662524, 1.46341, 3.05585
5, 0.654112, 1.46196, 3.04821
5, 0.654112, 1.46196, 3.04821
5, 0.635603, 1.46281, 3.05733
5, 0.635603, 1.46281, 3.05733
5, 0.619181, 1.46508, 3.04965
5, 0.609878, 1.46611, 3.04965
5, 0.604264, 1.46583, 3.06714
5, 0.595972, 1.46638, 3.06714
5, 0.587629, 1.46696, 3.06046
5, 0.578898, 1.46755, 3.06046
5, 0.571533, 1.46856, 3.04358
5, 0.564601, 1.4692, 3.04358
5, 0.557301, 1.47045, 3.06049
5, 0.549305, 1.47143, 3.06049
5, 0.541246, 1.47149, 3.06108
5, 0.533354, 1.47212, 3.06108
5, 0.526878, 1.47505, 3.04391
5, 0.519247, 1.47655, 3.04391
5, 0.513392, 1.47561, 3.06307
5, 0.505269, 1.4766, 3.05722
5, 0.4978, 1.47748, 3.05722
5, 0.490434, 1.47869, 3.06988
5, 0.485152, 1.47948, 3.06988
5, 0.477932, 1.48048, 3.06988
5, 0.474635, 1.48076, 3.06299
5, 0.469119, 1.48147, 3.06299
5, 0.462686, 1.47985, 3.06121
5, 0.456401, 1.47975, 3.06121
5, 0.450952, 1.47941, 3.11174
5, 0.445495, 1.47924, 3.11174
5, 0.445024, 1.47288, -3.07331
5, 0.44142, 1.47081, -3.07331
5, 0.442145, 1.46365, -2.97273
5, 0.439675, 1.45948, -2.97273
5, 0.438096, 1.45159, -2.89135
5, 0.435892, 1.44605, -2.89135
5, 0.435817, 1.43929, -2.81524
5, 0.434362, 1.43335, -2.81524
5, 0.43495, 1.42518, -2.71779
5, 0.434151, 1.41815, -2.71779
5, 0.431414, 1.40843, -2.65541
5, 0.428957, 1.39656, -2.59958
5, 0.426869, 1.38626, -2.59958
5, 0.425082, 1.37727, -2.59958
5, 0.430621, 1.3684, -2.52801
5, 0.43103, 1.35967, -2.52801
5, 0.42817, 1.35168, -2.46907
5, 0.427443, 1.34219, -2.46907
5, 0.427072, 1.32932, -2.40204
5, 0.42644, 1.31805, -2.40204
5, 0.428647, 1.30009, -2.34058
5, 0.429033, 1.28593, -2.34058
5, 0.426131, 1.28335, -2.28836
5, 0.42641, 1.26572, -2.24677
5, 0.426175, 1.25359, -2.24677
5, 0.427362, 1.24412, -2.20559
5, 0.428099, 1.23166, -2.20559
5, 0.430415, 1.21501, -2.17096
5, 0.431873, 1.20257, -2.17096
5, 0.429341, 1.18817, -2.12318
5, 0.429054, 1.17325, -2.12318
5, 0.428216, 1.16228, -2.09948
5, 0.427694, 1.14876, -2.09948
5, 0.428724, 1.13399, -2.06641
5, 0.428805, 1.12193, -2.06641
5, 0.431265, 1.10589, -2.0132
5, 0.432321, 1.0911, -2.0132
5, 0.430907, 1.07668, -1.99038
5, 0.431003, 1.0612, -1.99038
5, 0.427823, 1.04707, -1.9557
5, 0.42675, 1.03375, -1.9557
5, 0.431402, 1.0213, -1.93706
5, 0.432454, 1.00888, -1.93706
5, 0.43038, 0.997096, -1.91029
5, 0.430237, 0.983252, -1.91029
5, 0.426617, 0.966151, -1.8878
5, 0.425174, 0.951748, -1.8878
5, 0.430155, 0.935408, -1.86614
5, 0.431069, 0.92151, -1.86614
5, 0.428944, 0.902839, -1.84855
5, 0.428774, 0.887866, -1.84855
5, 0.424387, 0.867613, -1.82365
5, 0.422802, 0.851795, -1.82365
5, 0.424845, 0.840546, -1.81562
5, 0.424552, 0.824416, -1.81562
5, 0.423254, 0.805974, -1.80478
5, 0.422541, 0.788257, -1.80478
5, 0.42832, 0.776529, -1.79173
5, 0.430101, 0.760513, -1.79173
5, 0.425963, 0.743596, -1.76895
5, 0.425512, 0.726501, -1.76895
5, 0.421761, 0.719554, -1.77328
5, 0.420031, 0.70579, -1.77328
5, 0.418189, 0.688715, -1.76266
5, 0.416581, 0.675133, -1.76266
5, 0.419318, 0.659508, -1.74947
5, 0.419208, 0.646059, -1.74947
5, 0.414673, 0.626638, -1.7484
5, 0.413138, 0.611856, -1.7484
5, 0.414571, 0.599265, -1.74409
5, 0.414052, 0.586009, -1.74409
5, 0.412765, 0.570122, -1.75219
5, 0.411971, 0.555628, -1.75219
5, 0.416525, 0.535643, -1.75014
5, 0.417576, 0.519376, -1.75014
5, 0.409439, 0.502537, -1.74388
5, 0.407258, 0.484975, -1.74388
5, 0.408501, 0.473996, -1.73584
5, 0.407578, 0.459722, -1.73584
5, 0.404113, 0.439558, -1.73086
5, 0.402503, 0.424637, -1.73086
5, 0.404969, 0.40737, -1.73239
5, 0.404612, 0.392137, -1.73239
5, 0.401217, 0.378942, -1.717
5, 0.399767, 0.363112, -1.717
5, 0.394645, 0.346234, -1.71682
5, 0.391892, 0.329606, -1.71682
5, 0.390001, 0.318122, -1.71144
5, 0.387335, 0.301996, -1.71144
5, 0.385055, 0.284724, -1.71779
5, 0.382829, 0.270186, -1.71779
5, 0.383695, 0.252884, -1.70479
5, 0.382448, 0.234092, -1.71505
5, 0.381524, 0.220638, -1.71505
5, 0.380451, 0.205676, -1.71505
5, 0.378703, 0.189121, -1.71098
5, 0.377502, 0.174631, -1.71098
5, 0.375616, 0.156218, -1.70303
5, 0.376302, 0.135739, -1.70634
5, 0.376471, 0.12112, -1.70634
5, 0.376232, 0.105321, -1.70634
5, 0.367453, 0.0941203, -1.71137
5, 0.364557, 0.0795758, -1.71137
5, 0.364614, 0.0615773, -1.69745
5, 0.360678, 0.0423767, -1.69704
5, 0.358127, 0.0290849, -1.69704
5, 0.355266, 0.0125867, -1.69704
5, 0.356099, 0.00298281, -1.70852
5, 0.354228, -0.0130322, -1.70852
5, 0.351541, -0.031465, -1.70761
5, 0.349208, -0.0504405, -1.71652
5, 0.347529, -0.0639953, -1.71652
5, 0.345389, -0.0811378, -1.71652
5, 0.340753, -0.0883968, -1.71582
5, 0.333005, -0.127599, -1.70641
5, 0.330076, -0.14595, -1.70101
5, 0.327533, -0.160799, -1.70101
5, 0.324865, -0.175727, -1.70101
5, 0.325377, -0.186048, -1.69192
5, 0.323726, -0.199073, -1.69192
5, 0.321521, -0.218713, -1.68092
5, 0.319247, -0.23726, -1.68869
5, 0.317481, -0.251704, -1.68869
5, 0.317745, -0.266261, -1.68138
5, 0.317465, -0.278314, -1.68138
5, 0.314347, -0.292677, -1.68411
5, 0.312374, -0.304243, -1.68411
5, 0.308372, -0.318733, -1.68929
5, 0.305513, -0.330664, -1.68929
5, 0.303013, -0.342399, -1.68929
5, 0.304803, -0.35738, -1.68812
5, 0.30163, -0.371603, -1.68647
5, 0.299501, -0.382872, -1.68647
5, 0.293641, -0.398189, -1.69596
5, 0.29037, -0.407484, -1.69596
5, 0.290888, -0.418854, -1.69419
5, 0.290378, -0.428292, -1.69419
5, 0.286675, -0.440745, -1.69319
5, 0.284195, -0.450616, -1.69319
5, 0.286243, -0.461777, -1.69385
5, 0.287064, -0.468858, -1.69385
5, 0.282513, -0.483427, -1.69976
5, 0.279847, -0.494236, -1.69976
5, 0.279275, -0.504557, -1.69114
5, 0.278135, -0.515377, -1.69114
5, 0.275301, -0.524544, -1.6892
5, 0.2733, -0.532577, -1.6892
5, 0.276682, -0.537275, -1.69114
5, 0.278134, -0.54393, -1.69114
5, 0.274252, -0.548535, -1.70192
5, 0.273064, -0.554411, -1.70192
5, 0.264663, -0.575328, -1.693
5, 0.260842, -0.586445, -1.693
5, 0.262293, -0.584783, -1.70883
5, 0.260577, -0.590812, -1.70883
5, 0.254092, -0.607314, -1.70102
5, 0.250851, -0.616424, -1.70102
5, 0.248876, -0.624547, -1.71716
5, 0.247174, -0.630793, -1.71716
5, 0.250439, -0.639689, -1.72322
5, 0.250258, -0.648659, -1.72322
5, 0.252397, -0.653547, -1.70673
5, 0.253117, -0.660325, -1.70673
5, 0.246019, -0.676647, -1.70687
5, 0.24287, -0.684483, -1.70687
5, 0.248618, -0.682075, -1.71978
5, 0.251308, -0.683067, -1.71978
5, 0.250399, -0.69015, -1.71379
5, 0.25031, -0.696106, -1.71379
5, 0.245704, -0.706787, -1.71109
5, 0.243128, -0.714121, -1.71109
5, 0.239911, -0.719982, -1.70742
5, 0.237425, -0.725662, -1.70742
5, 0.238097, -0.731567, -1.71442
5, 0.237692, -0.737711, -1.71442
5, 0.238771, -0.742729, -1.70883
5, 0.23915, -0.747693, -1.70883
5, 0.239215, -0.752882, -1.70883
5, 0.226617, -0.761539, -1.73105
5, 0.235482, -0.759966, -1.68269
5, 0.240192, -0.761053, -1.68269
5, 0.2418, -0.762029, -1.59549
5, 0.242981, -0.76286, -1.59549
5, 0.25092, -0.768594, -1.48299
5, 0.255918, -0.772232, -1.48299
5, 0.261438, -0.782729, -1.36552
5, 0.265721, -0.789615, -1.36552
5, 0.272609, -0.778251, -1.27845
5, 0.277203, -0.773018, -1.27845
5, 0.284261, -0.772173, -1.19187
5, 0.289573, -0.771071, -1.19187
5, 0.299612, -0.773324, -1.10936
5, 0.307554, -0.773428, -1.10936
5, 0.317257, -0.772601, -1.03846
5, 0.32381, -0.772193, -1.03846
5, 0.337638, -0.77424, -0.971967
5, 0.34685, -0.77484, -0.971967
5, 0.355549, -0.773722, -0.895728
5, 0.364171, -0.773648, -0.895728
5, 0.377413, -0.771808, -0.837736
5, 0.386863, -0.770782, -0.837736
5, 0.394608, -0.768792, -0.772775
5, 0.404521, -0.767394, -0.772775
5, 0.420031, -0.770905, -0.717518
5, 0.430779, -0.771456, -0.717518
5, 0.443899, -0.769976, -0.682877
5, 0.456222, -0.769735, -0.682877
5, 0.467477, -0.770696, -0.619998
5, 0.480071, -0.770942, -0.619998
5, 0.492205, -0.770944, -0.568475
5, 0.505904, -0.77111, -0.568475
5, 0.515435, -0.770278, -0.515367
5, 0.527701, -0.77004, -0.515367
5, 0.539998, -0.771176, -0.480043
5, 0.552894, -0.771499, -0.480043
5, 0.564075, -0.771364, -0.450525
5, 0.575216, -0.771496, -0.450525
5, 0.598407, -0.773815, -0.426635
5, 0.598407, -0.773815, -0.426635
5, 0.615631, -0.774815, -0.388217
5, 0.630002, -0.775664, -0.388217
5, 0.646436, -0.775764, -0.356302
5, 0.673518, -0.774209, -0.338564
5, 0.688319, -0.773732, -0.338564
5, 0.708816, -0.775357, -0.322192
5, 0.723638, -0.77565, -0.322192
5, 0.723638, -0.77565, -0.322192
5, 0.751461, -0.775483, -0.30969
5, 0.76868, -0.773975, -0.29099
5, 0.782394, -0.773545, -0.29099
5, 0.799439, -0.77195, -0.280063
5, 0.815645, -0.771038, -0.280063
5, 0.815645, -0.771038, -0.280063
5, 0.828449, -0.771934, -0.275862
5, 0.844493, -0.771678, -0.275862
5, 0.857702, -0.774811, -0.252598
5, 0.873075, -0.775849, -0.252598
5, 0.888624, -0.775494, -0.233889
5, 0.921879, -0.776192, -0.210189
5, 0.939179, -0.776612, -0.210189
5, 0.953382, -0.776482, -0.218567
5, 0.968203, -0.776685, -0.218567
5, 0.982202, -0.777735, -0.201732
5, 0.998016, -0.778276, -0.201732
5, 1.0144, -0.77932, -0.186737
5, 1.03099, -0.780069, -0.186737
5, 1.04398, -0.783181, -0.188301
5, 1.05745, -0.784586, -0.188301
5, 1.0751, -0.785943, -0.174783
5, 1.08966, -0.787301, -0.174783
5, 1.10825, -0.787429, -0.17389
5, 1.1239, -0.788348, -0.17389
5, 1.1399, -0.791192, -0.166982
5, 1.15424, -0.792638, -0.166982
5, 1.16909, -0.795794, -0.15594
5, 1.18607, -0.798174, -0.15594
5, 1.20344, -0.801013, -0.149988
5, 1.21754, -0.803114, -0.149988
5, 1.23207, -0.805499, -0.145618
5, 1.24643, -0.807713, -0.145618
5, 1.26306, -0.808695, -0.142371
5, 1.28017, -0.810701, -0.142371
5, 1.29398, -0.814652, -0.154707
5, 1.31115, -0.817622, -0.154707
5, 1.32532, -0.817979, -0.144484
5, 1.34155, -0.819982, -0.144484
5, 1.35836, -0.822548, -0.129967
5, 1.37317, -0.824538, -0.129967
5, 1.39237, -0.828612, -0.134413
5, 1.40818, -0.831227, -0.134413
5, 1.42768, -0.831171, -0.108948
5, 1.44327, -0.832737, -0.108948
5, 1.45524, -0.831529, -0.115073
5, 1.46964, -0.832177, -0.115073
5, 1.49193, -0.829488, -0.113065
5, 1.50795, -0.829034, -0.113065
5, 1.5313, -0.854393, -0.0984111
5, 1.55177, -0.864545, -0.0984111
5, 1.56473, -0.874947, -0.113837
5, 1.58384, -0.885832, -0.113837
5, 1.59581, -0.878459, -0.112817
5, 1.61124, -0.882445, -0.112817
5, 1.63012, -0.879289, -0.120516
5, 1.64622, -0.880773, -0.120516
5, 1.66175, -0.88122, -0.122802
5, 1.67729, -0.882325, -0.122802
5, 1.69239, -0.885881, -0.115488
5, 1.71031, -0.888147, -0.115488
5, 1.72613, -0.890801, -0.112201
5, 1.74199, -0.89301, -0.112201
5, 1.75693, -0.895003, -0.120227
5, 1.77199, -0.897068, -0.120227
5, 1.78925, -0.900417, -0.108718
5, 1.80442, -0.902824, -0.108718
5, 1.82495, -0.907302, -0.108754
5, 1.84132, -0.91032, -0.108754
5, 1.85207, -0.911406, -0.107592
5, 1.86581, -0.913634, -0.107592
5, 1.87342, -0.914333, -0.104515
5, 1.90032, -0.938797, -0.105546
5, 1.93783, -0.957069, -0.104626
5, 1.96143, -0.970218, -0.104626
5, 1.96304, -0.961299, -0.105296
5, 1.98364, -0.968976, -0.105296
5, 1.99899, -0.965637, -0.112305
5, 2.01592, -0.968968, -0.112305
5, 2.01192, -0.964636, -0.106949
5, 2.02449, -0.965762, -0.106949
5, 2.03604, -0.966376, -0.0873404
5, 2.04799, -0.967296, -0.0873404
5, 2.0708, -0.969549, -0.0836636
5, 2.08659, -0.970937, -0.0836636
5, 2.09279, -0.970989, -0.0913626
5, 2.10755, -0.972053, -0.0913626
5, 2.11333, -0.971014, -0.0871902
5, 2.12419, -0.971295, -0.0871902
5, 2.13518, -0.971194, -0.0941369
5, 2.14602, -0.971355, -0.0941369
5, 2.15715, -0.972184, -0.0848071
5, 2.16966, -0.972624, -0.0848071
5, 2.17849, -0.971924, -0.0773899
5, 2.19053, -0.971925, -0.0773899
5, 2.199, -0.972213, -0.0788106
5, 2.21027, -0.972338, -0.0788106
5, 2.21684, -0.97287, -0.0681804
5, 2.2225, -0.972692, -0.0681804
5, 2.23968, -0.972912, -0.0712776
5, 2.24952, -0.973008, -0.0712776
5, 2.25678, -0.973299, -0.0518671
5, 2.26592, -0.973454, -0.0518671
5, 2.27432, -0.973424, -0.0538202
5, 2.27887, -0.973369, -0.0538202
5, 2.29413, -0.974115, -0.061919
5, 2.30008, -0.974663, -0.0709151
5, 2.30941, -0.975086, -0.0709151
5, 2.31051, -0.975077, -0.0709151
5, 2.3253, -0.976573, -0.0486572
5, 2.33349, -0.977182, -0.0486572
5, 2.34389, -0.977201, -0.0529925
5, 2.35245, -0.977625, -0.0529925
5, 2.35794, -0.977795, -0.0582625
5, 2.36559, -0.978145, -0.0582625
5, 2.36538, -0.979087, -0.0592366
5, 2.37349, -0.98165, -0.0525187
5, 2.38113, -0.983327, -0.0525187
5, 2.38692, -0.985216, -0.0345755
5, 2.3954, -0.987013, -0.0345755
5, 2.4061, -0.989343, -0.0440199
5, 2.41176, -0.99119, -0.045501
5, 2.41772, -0.992754, -0.045501
5, 2.42337, -0.994048, -0.0446173
5, 2.42936, -0.995525, -0.0446173
5, 2.42998, -0.995186, -0.0446173
5, 2.43978, -0.995586, -0.013375
5, 2.44611, -0.99627, -0.013375
5, 2.45051, -0.994578, 0.103543
5, 2.45654, -0.994452, 0.103543
5, 2.45433, -0.992583, 0.257165
5, 2.45541, -0.98887, 0.423518
5, 2.45742, -0.986876, 0.423518
5, 2.45414, -0.983661, 0.591127
5, 2.45402, -0.981272, 0.591127
5, 2.45042, -0.978121, 0.716886
5, 2.44874, -0.975133, 0.716886
5, 2.44614, -0.971488, 0.745841
5, 2.44426, -0.968471, 0.745841
5, 2.44294, -0.966219, 0.735505
5, 2.44129, -0.963538, 0.735505
5, 2.44171, -0.959378, 0.750049
5, 2.44092, -0.956046, 0.750049
5, 2.44408, -0.949471, 0.768562
5, 2.44487, -0.944978, 0.768562
5, 2.44866, -0.937428, 0.811399
5, 2.45062, -0.931767, 0.811399
5, 2.45403, -0.921777, 0.873344
5, 2.45679, -0.913688, 0.873344
5, 2.45671, -0.912326, 0.873344
5, 2.46057, -0.897158, 0.927613
5, 2.46155, -0.888166, 0.978885
5, 2.46328, -0.879688, 0.978885
5, 2.46375, -0.86856, 1.01344
5, 2.46516, -0.857823, 1.01344
5, 2.46614, -0.84581, 1.05933
5, 2.46729, -0.835496, 1.05933
5, 2.46857, -0.825269, 1.08441
5, 2.46976, -0.815059, 1.08441
5, 2.47106, -0.801457, 1.11748
5, 2.47224, -0.790293, 1.11748
5, 2.47371, -0.776098, 1.14108
5, 2.47502, -0.763738, 1.14108
5, 2.47721, -0.751251, 1.1654
5, 2.47881, -0.739121, 1.1654
5, 2.48004, -0.724311, 1.21394
5, 2.48169, -0.709296, 1.21394
5, 2.48162, -0.691417, 1.2276
5, 2.48255, -0.676242, 1.2276
5, 2.48264, -0.663546, 1.23867
5, 2.48337, -0.646935, 1.23867
5, 2.48334, -0.633525, 1.26591
5, 2.4838, -0.61725, 1.26591
5, 2.48326, -0.602309, 1.28713
5, 2.48334, -0.584992, 1.28713
5, 2.48336, -0.574267, 1.30025
5, 2.48344, -0.558192, 1.30025
5, 2.48545, -0.540907, 1.32032
5, 2.48622, -0.525146, 1.32032
5, 2.48863, -0.512427, 1.3383
5, 2.49021, -0.494938, 1.3383
5, 2.49087, -0.484721, 1.3554
5, 2.49218, -0.468938, 1.3554
5, 2.4934, -0.452655, 1.37284
5, 2.49468, -0.436782, 1.37284
5, 2.49551, -0.420373, 1.3699
5, 2.49671, -0.402618, 1.3699
5, 2.49553, -0.391519, 1.38387
5, 2.49587, -0.37682, 1.38387
5, 2.49495, -0.359591, 1.38556
5, 2.49489, -0.344893, 1.38556
5, 2.4968, -0.328509, 1.38756
5, 2.4975, -0.311376, 1.38756
5, 2.49903, -0.302077, 1.39445
5, 2.50007, -0.286229, 1.39445
5, 2.49941, -0.270566, 1.41056
5, 2.49989, -0.253637, 1.41056
5, 2.50018, -0.241088, 1.4229
5, 2.50072, -0.223554, 1.4229
5, 2.50127, -0.211732, 1.41405
5, 2.50183, -0.195228, 1.41405
5, 2.50121, -0.178023, 1.42776
5, 2.50101, -0.170385, 1.42776
5, 2.50178, -0.145468, 1.43146
5, 2.50205, -0.129384, 1.43146
5, 2.5043, -0.115855, 1.43077
5, 2.50518, -0.101257, 1.43077
5, 2.5086, -0.0824289, 1.44283
5, 2.50956, -0.0774364, 1.44283
5, 2.51331, -0.0505699, 1.43904
5, 2.51544, -0.0343452, 1.43904
5, 2.51567, -0.023975, 1.44598
5, 2.51741, -0.00738144, 1.44598
5, 2.51708, 0.00897647, 1.44184
5, 2.51811, 0.0252978, 1.44184
5, 2.51934, 0.0427456, 1.44311
5, 2.52057, 0.0612219, 1.44311
5, 2.52237, 0.0730795, 1.45284
5, 2.52316, 0.0798359, 1.45284
5, 2.52589, 0.111019, 1.44672
5, 2.52615, 0.11487, 1.44672
5, 2.529, 0.140976, 1.4605
5, 2.5296, 0.144886, 1.4605
5, 2.53311, 0.171467, 1.45941
5, 2.53399, 0.176348, 1.45941
5, 2.53828, 0.204913, 1.44975
5, 2.53903, 0.208454, 1.44975
5, 2.54288, 0.23747, 1.45476
5, 2.54302, 0.239782, 1.45476
5, 2.54721, 0.267407, 1.46585
5, 2.54953, 0.28266, 1.46037
5, 2.5518, 0.298116, 1.46037
5, 2.55257, 0.304209, 1.46037
5, 2.55589, 0.331387, 1.47425
5, 2.55773, 0.346655, 1.46614
5, 2.55968, 0.361897, 1.46614
5, 2.56125, 0.377983, 1.46845
5, 2.56333, 0.396147, 1.46845
5, 2.56329, 0.399237, 1.46845
5, 2.56556, 0.424816, 1.46312
5, 2.56591, 0.429631, 1.46312
5, 2.5684, 0.458584, 1.4659
5, 2.56861, 0.46178, 1.4659
5, 2.57184, 0.491023, 1.47852
5, 2.57265, 0.495869, 1.47852
5, 2.57605, 0.522615, 1.48858
5, 2.57671, 0.526559, 1.48858
5, 2.57876, 0.552044, 1.46541
5, 2.58091, 0.570397, 1.46312
5, 2.58268, 0.58638, 1.46312
5, 2.58371, 0.589725, 1.46312
5, 2.58751, 0.617831, 1.46913
5, 2.5896, 0.63327, 1.46913
5, 2.5914, 0.647329, 1.47499
5, 2.59335, 0.661905, 1.47499
5, 2.59596, 0.677407, 1.46905
5, 2.59717, 0.68368, 1.46905
5, 2.60082, 0.709119, 1.48085
5, 2.60349, 0.727065, 1.48085
5, 2.60444, 0.736667, 1.49392
5, 2.60512, 0.742452, 1.49392
5, 2.60822, 0.766504, 1.49028
5, 2.60886, 0.771826, 1.49028
5, 2.61211, 0.795706, 1.48438
5, 2.61264, 0.799254, 1.48438
5, 2.61498, 0.82278, 1.48901
5, 2.61666, 0.836715, 1.48519
5, 2.61849, 0.852049, 1.48519
5, 2.61915, 0.854085, 1.48519
5, 2.62069, 0.875286, 1.48227
5, 2.62301, 0.897924, 1.47488
5, 2.62527, 0.909761, 1.48199
5, 2.62719, 0.923511, 1.48199
5, 2.62719, 0.923511, 1.48199
5, 2.62772, 0.925467, 1.48199
5, 2.63123, 0.946196, 1.48704
5, 2.63228, 0.955265, 1.47356
5, 2.63356, 0.964226, 1.47356
5, 2.63509, 0.977334, 1.46499
5, 2.63649, 0.988008, 1.46499
5, 2.63681, 0.989255, 1.46499
5, 2.63914, 1.00671, 1.47515
5, 2.64043, 1.01431, 1.46814
5, 2.64192, 1.02435, 1.46814
5, 2.64394, 1.03379, 1.46119
5, 2.64558, 1.04323, 1.46119
5, 2.64736, 1.05257, 1.46821
5, 2.64929, 1.06333, 1.46821
5, 2.64908, 1.06998, 1.45696
5, 2.65003, 1.07829, 1.45696
5, 2.64988, 1.08868, 1.47418
5, 2.65049, 1.09877, 1.47418
5, 2.65101, 1.10434, 1.45417
5, 2.65166, 1.1136, 1.45417
5, 2.65205, 1.11945, 1.46082
5, 2.65265, 1.12823, 1.46082
5, 2.65363, 1.13493, 1.45506
5, 2.65445, 1.14343, 1.45506
5, 2.65455, 1.14938, 1.4625
5, 2.65499, 1.15605, 1.4625
5, 2.65515, 1.16429, 1.45826
5, 2.65555, 1.17256, 1.45826
5, 2.65654, 1.17915, 1.4687
5, 2.65724, 1.18749, 1.4687
5, 2.65786, 1.19244, 1.44906
5, 2.6586, 1.20029, 1.44906
5, 2.65923, 1.20575, 1.45389
5, 2.66086, 1.21884, 1.44241
5, 2.66173, 1.22605, 1.44241
5, 2.66206, 1.23086, 1.43794
5, 2.66268, 1.23694, 1.43794
5, 2.66322, 1.24262, 1.45155
5, 2.66386, 1.24905, 1.45155
5, 2.66571, 1.25583, 1.44304
5, 2.6669, 1.26286, 1.44304
5, 2.66804, 1.26918, 1.43614
5, 2.66908, 1.27533, 1.43614
5, 2.66968, 1.28038, 1.44132
5, 2.67076, 1.28733, 1.44132
5, 2.67157, 1.2929, 1.44905
5, 2.67261, 1.29981, 1.44905
5, 2.67251, 1.30407, 1.44146
5, 2.67308, 1.30984, 1.44146
5, 2.67336, 1.30908, 1.43329
5, 2.67382, 1.31219, 1.43329
5, 2.67531, 1.31018, 1.40586
5, 2.67612, 1.31142, 1.40586
5, 2.67611, 1.31099, 1.40127
5, 2.67666, 1.31177, 1.40127
5, 2.67612, 1.31184, 1.40763
5, 2.67624, 1.31229, 1.40763
5, 2.67649, 1.31149, 1.40814
5, 2.67666, 1.31149, 1.40814
5, 2.6763, 1.31038, 1.4114
5, 2.67627, 1.31001, 1.4114
5, 2.67565, 1.31013, 1.40365
5, 2.67543, 1.30995, 1.40365
5, 2.67475, 1.31062, 1.4113
5, 2.67432, 1.31074, 1.4113
5, 2.67498, 1.31064, 1.40915
5, 2.67501, 1.31066, 1.40915
5, 2.67582, 1.31058, 1.4005
5, 2.67614, 1.31056, 1.4005
5, 2.6763, 1.31062, 1.39208
5, 2.67658, 1.31063, 1.39208
5, 2.67603, 1.31068, 1.4003
5, 2.67598, 1.31072, 1.4003
5, 2.67524, 1.31097, 1.39989
5, 2.67493, 1.3111, 1.39989
5, 2.67596, 1.3108, 1.41689
5, 2.67615, 1.31076, 1.41689
5, 2.67605, 1.31032, 1.40463
5, 2.67607, 1.31013, 1.40463
5, 2.67595, 1.31039, 1.41374
5, 2.67595, 1.31036, 1.41374
5, 2.67585, 1.31097, 1.40999
5, 2.67579, 1.31114, 1.40999
5, 2.67509, 1.31084, 1.4097
5, 2.67485, 1.31084, 1.4097
5, 2.67505, 1.31008, 1.40654
5, 2.67495, 1.30984, 1.40654
5, 2.67567, 1.3102, 1.40128
5, 2.67602, 1.31054, 1.40128
5, 2.67551, 1.31126, 1.4063
5, 2.67548, 1.31165, 1.4063
5, 2.67502, 1.31114, 1.39954
5, 2.6751, 1.31067, 1.39954
5, 2.67562, 1.31029, 1.40643
5, 2.67593, 1.31025, 1.40643
5, 2.67596, 1.31024, 1.40517
5, 2.6758, 1.31037, 1.40517
5, 2.67489, 1.3104, 1.41076
5, 2.67462, 1.3104, 1.41076
5, 2.67587, 1.30974, 1.40428
5, 2.67706, 1.30933, 1.40428
5, 2.67571, 1.31022, 1.40455
5, 2.67564, 1.31036, 1.40455
5, 2.67481, 1.31055, 1.4117
5, 2.67584, 1.31049, 1.40408
5, 2.67613, 1.31054, 1.40408
5, 2.67662, 1.31084, 1.40408
5, 2.67652, 1.3108, 1.40289
5, 2.67619, 1.31067, 1.40289
5, 2.67612, 1.31057, 1.40796
5, 2.6761, 1.31053, 1.40796
5, 2.67625, 1.30954, 1.40844
5, 2.67636, 1.30906, 1.40844
5, 2.67565, 1.30982, 1.40811
5, 2.67551, 1.30982, 1.40811
5, 2.6756, 1.31061, 1.40803
5, 2.67602, 1.31058, 1.41133
5, 2.67614, 1.3107, 1.41133
5, 2.67616, 1.31069, 1.41133
5, 2.67481, 1.31118, 1.40853
5, 2.67531, 1.31098, 1.39881
5, 2.67532, 1.31101, 1.39881
5, 2.67626, 1.31064, 1.40496
5, 2.67662, 1.31052, 1.40496
5, 2.67638, 1.30983, 1.41586
5, 2.6765, 1.30944, 1.41586
5, 2.67662, 1.30961, 1.3993
5, 2.67677, 1.30943, 1.3993
5, 2.67621, 1.31039, 1.40783
5, 2.67606, 1.31066, 1.40783
5, 2.67523, 1.31082, 1.39371
5, 2.6748, 1.31105, 1.39371
5, 2.6755, 1.31048, 1.40746
5, 2.67554, 1.31038, 1.40746
5, 2.67614, 1.31026, 1.40426
5, 2.67638, 1.31017, 1.40426
5, 2.67671, 1.31029, 1.41057
5, 2.67699, 1.31027, 1.41057
5, 2.67655, 1.31045, 1.41009
5, 2.67654, 1.31051, 1.41009
5, 2.67537, 1.31063, 1.41329
5, 2.67488, 1.31072, 1.41329
5, 2.6753, 1.31045, 1.40479
5, 2.67519, 1.3104, 1.40479
5, 2.67584, 1.31012, 1.40792
5, 2.67601, 1.30998, 1.40792
5, 2.67571, 1.3103, 1.40518
5, 2.67571, 1.31034, 1.40518
5, 2.67626, 1.31069, 1.39946
5, 2.67647, 1.31083, 1.39946
5, 2.67693, 1.31085, 1.40152
5, 2.67725, 1.31096, 1.40152
5, 2.67626, 1.31026, 1.40424
5, 2.67608, 1.31004, 1.40424
5, 2.6756, 1.31001, 1.40217
5, 2.6753, 1.30988, 1.40217
5, 2.67552, 1.31042, 1.40493
5, 2.6754, 1.31053, 1.40493
5, 2.67549, 1.31069, 1.40667
5, 2.67545, 1.31083, 1.40667
5, 2.67604, 1.3097, 1.40654
5, 2.67629, 1.30926, 1.40654
5, 2.67577, 1.30921, 1.39869
5, 2.6757, 1.30898, 1.39869
5, 2.67577, 1.31016, 1.41056
5, 2.67577, 1.31042, 1.41056
5, 2.67639, 1.3107, 1.41255
5, 2.67657, 1.31096, 1.41255
5, 2.67573, 1.31062, 1.40214
5, 2.67555, 1.31066, 1.40214
5, 2.67489, 1.31058, 1.4096
5, 2.67454, 1.31058, 1.4096
5, 2.67535, 1.31077, 1.41408
5, 2.67547, 1.31084, 1.41408
5, 2.67648, 1.31104, 1.41417
5, 2.6769, 1.31115, 1.41417
5, 2.67637, 1.3109, 1.39957
5, 2.67645, 1.31088, 1.39957
5, 2.67563, 1.31075, 1.41463
5, 2.67538, 1.3107, 1.41463
5, 2.67554, 1.31083, 1.41307
5, 2.67544, 1.31084, 1.41307
5, 2.67528, 1.31041, 1.41104
5, 2.67513, 1.31025, 1.41104
5, 2.67506, 1.31066, 1.40261
5, 2.67495, 1.31074, 1.40261
5, 2.67511, 1.31101, 1.40053
5, 2.67508, 1.31115, 1.40053
5, 2.67561, 1.31062, 1.39955
5, 2.67578, 1.31053, 1.39955
5, 2.67606, 1.31008, 1.39579
5, 2.67624, 1.30988, 1.39579
5, 2.67629, 1.31028, 1.40873
5, 2.67644, 1.31027, 1.40873
5, 2.6752, 1.31064, 1.41883
5, 2.67437, 1.31053, 1.41883
5, 2.67474, 1.31096, 1.39888
5, 2.67455, 1.31111, 1.39888
5, 2.67524, 1.31109, 1.41323
5, 2.67531, 1.31118, 1.41323
5, 2.67558, 1.31017, 1.40528
5, 2.67586, 1.30975, 1.40528
5, 2.67615, 1.31001, 1.39961
5, 2.67641, 1.30988, 1.39961
5, 2.67554, 1.31027, 1.40727
5, 2.67506, 1.31017, 1.40727
5, 2.67506, 1.31099, 1.40656
5, 2.67529, 1.31149, 1.40656
5, 2.67512, 1.31101, 1.40495
5, 2.67505, 1.31056, 1.40495
5, 2.67489, 1.30969, 1.40687
5, 2.67488, 1.30942, 1.40687
5, 2.67578, 1.30996, 1.40596
5, 2.67637, 1.31059, 1.40596
5, 2.67649, 1.31068, 1.40874
5, 2.67628, 1.31056, 1.40874
5, 2.67541, 1.31084, 1.41441
5, 2.67473, 1.31081, 1.40816
5, 2.67476, 1.31074, 1.40816
5, 2.67495, 1.31088, 1.41045
5, 2.6749, 1.31093, 1.41045
5, 2.67517, 1.31086, 1.39708
5, 2.67512, 1.31075, 1.39708
5, 2.67576, 1.31062, 1.40974
5, 2.67607, 1.3106, 1.40974
5, 2.67624, 1.31087, 1.40534
5, 2.67646, 1.31093, 1.40534
5, 2.67625, 1.31117, 1.41081
5, 2.67636, 1.3113, 1.41081
5, 2.67636, 1.3113, 1.41081
5, 2.67575, 1.31128, 1.39307
5, 2.67534, 1.31132, 1.39307
5, 2.67535, 1.31077, 1.41131
5, 2.67519, 1.31063, 1.41131
5, 2.67601, 1.31088, 1.40406
5, 2.67614, 1.31087, 1.40406
5, 2.67615, 1.31116, 1.40349
5, 2.676, 1.31098, 1.40349
5, 2.67641, 1.31077, 1.40387
5, 2.67641, 1.31057, 1.4087
5, 2.67646, 1.31043, 1.4087
5, 2.67577, 1.31012, 1.4015
5, 2.67549, 1.30988, 1.4015
5, 2.67559, 1.30999, 1.41164
5, 2.67548, 1.30991, 1.41164
5, 2.67614, 1.31024, 1.41323
5, 2.67634, 1.31031, 1.41323
5, 2.6765, 1.31033, 1.41323
5, 2.67646, 1.31072, 1.40388
5, 2.67601, 1.31068, 1.40861
5, 2.67586, 1.31074, 1.40861
5, 2.67592, 1.31028, 1.40787
5, 2.67586, 1.31011, 1.40787
5, 2.67559, 1.31038, 1.40961
5, 2.67544, 1.31039, 1.40961
5, 2.67557, 1.31063, 1.40777
5, 2.67557, 1.31072, 1.40777
5, 2.67605, 1.31028, 1.41055
5, 2.67624, 1.31015, 1.41055
5, 2.67585, 1.31037, 1.4067
5, 2.6758, 1.31038, 1.4067
5, 2.67595, 1.31056, 1.40417
5, 2.676, 1.31062, 1.40417
5, 2.67608, 1.31045, 1.39852
5, 2.67561, 1.3106, 1.41785
5, 2.67545, 1.31066, 1.41785
5, 2.67534, 1.31073, 1.41785
5, 2.67561, 1.31089, 1.4046
5, 2.67582, 1.3109, 1.4046
5, 2.6761, 1.31029, 1.40131
5, 2.67615, 1.30993, 1.40131
5, 2.67551, 1.31002, 1.40086
5, 2.67505, 1.31031, 1.40086
5, 2.67472, 1.31027, 1.40216
5, 2.67481, 1.31023, 1.40216
5, 2.67524, 1.31114, 1.41064
5, 2.67592, 1.31118, 1.4066
5, 2.67625, 1.31135, 1.4066
5, 2.67639, 1.31083, 1.4066
5, 2.67565, 1.30996, 1.41572
5, 2.675, 1.30964, 1.40428
5, 2.67471, 1.30931, 1.40428
5, 2.67532, 1.30969, 1.4031
5, 2.67541, 1.30966, 1.4031
5, 2.67678, 1.3096, 1.41215
5, 2.67734, 1.30953, 1.41215
5, 2.67678, 1.30973, 1.40049
5, 2.67697, 1.30977, 1.40049
5, 2.6762, 1.31018, 1.41018
5, 2.67604, 1.31035, 1.41018
5, 2.676, 1.31043, 1.41486
5, 2.67588, 1.31056, 1.41486
5, 2.67562, 1.31049, 1.41141
5, 2.67545, 1.31054, 1.41141
5, 2.6752, 1.31051, 1.41111
5, 2.675, 1.31053, 1.41111
5, 2.67548, 1.31064, 1.41189
5, 2.67553, 1.3107, 1.41189
5, 2.67545, 1.31016, 1.39959
5, 2.67544, 1.30999, 1.39959
5, 2.67574, 1.31015, 1.40527
5, 2.67585, 1.31011, 1.40527
5, 2.67611, 1.31004, 1.40147
5, 2.67628, 1.30997, 1.40147
5, 2.67647, 1.31028, 1.40033
5, 2.67667, 1.31037, 1.40033
5, 2.6762, 1.31059, 1.4228
5, 2.67613, 1.31074, 1.4228
5, 2.67634, 1.31061, 1.41032
5, 2.67639, 1.31067, 1.41032
5, 2.67611, 1.31057, 1.40179
5, 2.67602, 1.31057, 1.40179
5, 2.67593, 1.31018, 1.41175
5, 2.67586, 1.31006, 1.41175
5, 2.67566, 1.31009, 1.39897
5, 2.67547, 1.31002, 1.39897
5, 2.67583, 1.3098, 1.40688
5, 2.67587, 1.30965, 1.40688
