ID, ROBOT_X, ROBOT_Y, ROBOT_W, ROBOT_M1, ROBOT_M2, ROBOT_M3, ROBOT_M4, VISION_X, VISION_Y, VISION_W, NAV_X, NAV_Y, NAV_W, BEHAVIOR, LABEL
5, -2.247, -1.29, 1.704, -20.47, -2.07, 4.37, -7.59, -2.262, -1.28879, 1.80006, -0.0731331, -0.169142, -1.01427, 0, 1
5, -2.247, -1.29, 1.704, -20.47, -2.07, 4.37, -7.59, -2.26142, -1.2885, 1.77144, -0.0698032, -0.171915, -0.96016, 0, 1
5, -2.235, -1.295, 1.6061, -21.85, -3.45, 4.14, -8.51, -2.26101, -1.28827, 1.77144, -0.0704739, -0.171136, -0.974516, 0, 1
5, -2.235, -1.295, 1.6061, -21.85, -3.45, 4.14, -8.51, -2.26121, -1.28862, 1.77144, -0.0694271, -0.171599, -0.974516, 0, 1
5, -2.21, -1.311, 1.4245, -18.17, -0.69, 8.97, -6.44, -2.24915, -1.29609, 1.54298, -0.0101409, -0.196348, -0.389974, 0, 1
5, -2.199, -1.32, 1.3574, -17.02, 0.23, 7.82, -6.67, -2.23515, -1.30825, 1.46817, 0.0614954, -0.177686, 0.0832784, 0, 1
5, -2.196, -1.322, 1.3421, -16.33, 0.46, 8.05, -6.44, -2.2248, -1.31674, 1.46817, 0.282628, -0.38196, 1.5822, 0, 1
5, -2.192, -1.325, 1.3225, -14.72, 0.92, 7.82, -6.21, -2.22695, -1.31627, 1.4362, 0.0808582, -0.565998, 0.358096, 0, 1
5, -2.186, -1.328, 1.2991, -14.26, 5.29, 8.51, -6.21, -2.2214, -1.3212, 1.4362, 0.0821405, -0.565934, 0.356583, 0, 1
5, -2.186, -1.328, 1.2991, -14.26, 5.29, 8.51, -6.21, -2.22038, -1.32151, 1.378, 0.112588, -0.54843, 0.508613, 0, 1
5, -2.178, -1.333, 1.278, -9.66, 8.28, 9.43, -8.28, -2.21709, -1.32427, 1.378, 0.113288, -0.548328, 0.508089, 0, 1
5, -2.148, -1.338, 1.2826, -4.6, 15.64, 11.5, -9.66, -2.19928, -1.33359, 1.31954, 0.14441, -0.528916, 0.655521, 0, 1
5, -2.126, -1.339, 1.3141, -3.22, 19.78, 11.96, -12.19, -2.18666, -1.33645, 1.35404, 0.128191, -0.539155, 0.580625, 0, 1
5, -2.126, -1.339, 1.3141, -3.22, 19.78, 11.96, -12.19, -2.18512, -1.33687, 1.35404, 0.128236, -0.538865, 0.584074, 0, 1
5, -2.101, -1.337, 1.3615, 0.46, 19.78, 12.65, -11.73, -2.17237, -1.33804, 1.35532, 0.127949, -0.539193, 0.580872, 0, 1
5, -2.059, -1.33, 1.4562, 0, 22.77, 13.8, -13.8, -2.14123, -1.33548, 1.46488, 0.0703312, -0.571341, 0.308555, 0, 1
5, -2.041, -1.325, 1.4956, -2.76, 22.77, 12.42, -14.26, -2.13086, -1.33339, 1.503, 0.0486149, -0.581143, 0.213253, 0, 1
5, -1.993, -1.31, 1.5924, 0, 22.08, 14.49, -11.5, -2.08866, -1.32081, 1.61887, -0.0231062, -0.605953, -0.0810221, 0, 1
5, -1.981, -1.306, 1.6216, 0.23, 21.39, 14.72, -13.11, -2.06259, -1.30944, 1.63829, -0.0384592, -0.610461, -0.147911, 0, 1
5, -1.981, -1.306, 1.6216, 0.23, 21.39, 14.72, -13.11, -2.06373, -1.3091, 1.63829, -0.038563, -0.610454, -0.147911, 0, 1
5, -1.952, -1.295, 1.6925, 0, 20.24, 15.41, -10.81, -2.04865, -1.30232, 1.66987, -0.0605025, -0.615803, -0.23785, 0, 1
5, -1.948, -1.293, 1.7041, 0, 19.78, 14.72, -12.42, -2.04981, -1.30291, 1.66987, -0.060395, -0.616525, -0.246831, 0, 1
5, -1.941, -1.291, 1.7193, -1.61, 18.4, 15.64, -10.35, -2.0395, -1.29904, 1.70769, -0.0838714, -0.606746, -0.341385, 0, 1
5, -1.932, -1.287, 1.7418, -0.46, 17.48, 16.1, -10.58, -2.03738, -1.29855, 1.70769, -0.0840229, -0.606766, -0.340877, 0, 1
5, -1.925, -1.284, 1.7605, -0.46, 17.94, 15.41, -8.51, -2.02565, -1.29343, 1.7523, -0.110837, -0.593089, -0.457458, 0, 1
5, -1.921, -1.283, 1.7734, -0.69, 18.17, 17.02, -10.58, -2.01771, -1.29014, 1.7523, -0.111773, -0.5927, -0.46011, 0, 1
5, -1.906, -1.281, 1.7664, -20.93, 15.41, 16.33, -11.27, -2.01823, -1.28985, 1.78178, -0.12795, -0.58309, -0.538488, 0, 1
5, -1.895, -1.281, 1.7467, -30.6, 15.41, 19.55, -11.96, -2.01276, -1.28743, 1.78178, -0.128649, -0.582881, -0.539168, 0, 1
5, -1.886, -1.281, 1.7276, -33.13, 14.95, 21.16, -13.11, -2.00851, -1.28506, 1.81128, -0.144988, -0.572786, -0.615942, 0, 1
5, -1.867, -1.283, 1.6853, -29.68, 10.58, 14.95, -14.03, -2.00332, -1.28258, 1.81128, -0.145639, -0.572344, -0.619342, 0, 1
5, -1.86, -1.284, 1.6636, -28.3, 8.97, 17.48, -12.42, -1.99824, -1.28111, 1.82792, -0.154648, -0.566317, -0.664089, 0, 1
5, -1.848, -1.286, 1.6313, -27.84, 8.05, 18.86, -11.96, -1.99271, -1.27884, 1.82792, -0.155257, -0.565958, -0.666442, 0, 1
5, -1.841, -1.288, 1.6119, -27.15, 8.97, 15.87, -12.42, -1.98494, -1.27936, 1.75326, -0.115308, -0.59044, -0.479802, 0, 1
5, -1.825, -1.292, 1.5685, -28.76, 6.44, 19.32, -11.73, -1.97838, -1.27811, 1.75326, -0.115658, -0.590138, -0.482708, 0, 1
5, -1.825, -1.292, 1.5685, -28.76, 6.44, 19.32, -11.73, -1.96625, -1.27948, 1.68334, -0.0754468, -0.610406, -0.309255, 0, 1
5, -1.807, -1.299, 1.5137, -29.45, 7.82, 20.93, -8.74, -1.95841, -1.27928, 1.68334, -0.0755508, -0.610528, -0.307562, 0, 1
5, -1.8, -1.302, 1.5009, -25.08, 8.74, 21.39, -9.66, -1.95138, -1.28261, 1.61168, -0.0303694, -0.60941, -0.128837, 0, 1
5, -1.784, -1.308, 1.4701, -24.16, 10.35, 18.17, -11.73, -1.9428, -1.28385, 1.61168, -0.0299872, -0.609034, -0.12384, 0, 1
5, -1.778, -1.311, 1.4567, -23.46, 10.35, 19.78, -10.12, -1.94171, -1.28537, 1.61168, -0.0295052, -0.608923, -0.12214, 0, 1
5, -1.761, -1.317, 1.4321, -22.08, 13.57, 20.7, -11.04, -1.9274, -1.2893, 1.57547, -0.00615735, -0.60208, -0.0267616, 0, 1
5, -1.755, -1.319, 1.4239, -20.47, 12.65, 19.32, -10.35, -1.92016, -1.29119, 1.57547, -0.00557557, -0.601865, -0.023964, 0, 1
5, -1.746, -1.322, 1.4148, -18.86, 14.26, 19.55, -10.58, -1.91472, -1.29344, 1.51777, 0.0292786, -0.589782, 0.120286, 0, 1
5, -1.703, -1.337, 1.3822, -15.41, 15.64, 18.4, -10.81, -1.88166, -1.30588, 1.48134, 0.0538994, -0.580533, 0.215073, 0, 1
5, -1.687, -1.341, 1.3775, -14.49, 17.71, 17.71, -11.27, -1.85308, -1.31775, 1.47036, 0.0636306, -0.576068, 0.258893, 0, 1
5, -1.672, -1.344, 1.3764, -13.11, 17.71, 16.56, -11.73, -1.83263, -1.32611, 1.47036, 0.0661714, -0.5745, 0.275027, 0, 1
5, -1.666, -1.345, 1.3762, -12.65, 17.25, 17.02, -12.65, -1.83311, -1.3234, 1.45425, 0.0741408, -0.570165, 0.317279, 0, 1
5, -1.657, -1.347, 1.3772, -11.73, 18.63, 17.25, -11.96, -1.81933, -1.32817, 1.45425, 0.0756175, -0.569421, 0.324186, 0, 1
5, -1.645, -1.349, 1.3799, -10.58, 18.4, 16.56, -12.19, -1.82192, -1.32459, 1.44854, 0.0775148, -0.567481, 0.345339, 0, 1
5, -1.636, -1.35, 1.3814, -10.35, 17.48, 17.02, -13.8, -1.81251, -1.32688, 1.44854, 0.078322, -0.567731, 0.34081, 0, 1
5, -1.595, -1.354, 1.3975, -8.28, 20.7, 14.72, -14.26, -1.78144, -1.33018, 1.4752, 0.0649356, -0.574558, 0.276077, 0, 1
5, -1.567, -1.354, 1.4159, -6.9, 19.55, 14.49, -11.96, -1.7557, -1.3321, 1.47984, 0.063089, -0.575235, 0.270135, 0, 1
5, -1.562, -1.354, 1.4207, -7.13, 20.01, 14.95, -14.03, -1.73696, -1.33369, 1.47984, 0.0637291, -0.575165, 0.270135, 0, 1
5, -1.547, -1.354, 1.4326, -6.44, 20.7, 15.18, -12.65, -1.73436, -1.33277, 1.4941, 0.0554724, -0.578574, 0.237909, 0, 1
5, -1.539, -1.354, 1.4385, -7.82, 18.4, 16.1, -13.11, -1.72103, -1.33349, 1.4941, 0.055773, -0.578249, 0.241655, 0, 1
5, -1.533, -1.354, 1.4424, -7.13, 19.55, 14.72, -14.03, -1.72239, -1.33158, 1.51372, 0.0440635, -0.583224, 0.191545, 0, 1
5, -1.528, -1.354, 1.4447, -6.9, 18.17, 15.64, -12.42, -1.7138, -1.33136, 1.51372, 0.0440607, -0.583465, 0.188496, 0, 1
5, -1.513, -1.354, 1.4554, -8.05, 19.09, 14.95, -11.96, -1.71012, -1.33062, 1.52353, 0.0382325, -0.585822, 0.163887, 0, 1
5, -1.513, -1.354, 1.4554, -8.05, 19.09, 14.95, -11.96, -1.7025, -1.33021, 1.52353, 0.0381381, -0.585828, 0.163887, 0, 1
5, -1.5, -1.354, 1.4651, -6.44, 19.09, 15.18, -12.65, -1.69513, -1.33001, 1.55186, 0.0217111, -0.59235, 0.091911, 0, 1
5, -1.485, -1.354, 1.4754, -8.28, 19.55, 15.64, -11.96, -1.68846, -1.32971, 1.55186, 0.0216483, -0.592384, 0.0915083, 0, 1
5, -1.479, -1.354, 1.4799, -7.82, 18.86, 15.18, -12.65, -1.6878, -1.32941, 1.55186, 0.0215463, -0.592392, 0.0914553, 0, 1
5, -1.471, -1.353, 1.4838, -8.05, 17.94, 15.18, -12.65, -1.67387, -1.32787, 1.56274, 0.0146949, -0.594776, 0.0639009, 0, 1
5, -1.466, -1.353, 1.4865, -7.82, 19.32, 15.18, -12.42, -1.66955, -1.32747, 1.56274, 0.0145823, -0.594929, 0.0619981, 0, 1
5, -1.426, -1.353, 1.5014, -10.12, 17.71, 16.1, -12.42, -1.63875, -1.32257, 1.58862, -0.00243393, -0.600266, -0.00342995, 0, 1
5, -1.402, -1.354, 1.5077, -11.5, 18.17, 15.41, -11.96, -1.6151, -1.32024, 1.60148, -0.0109492, -0.603267, -0.0426665, 0, 1
5, -1.39, -1.354, 1.5099, -10.58, 17.02, 16.33, -12.42, -1.59806, -1.31836, 1.60148, -0.011581, -0.603502, -0.045796, 0, 1
5, -1.34, -1.357, 1.511, -13.11, 15.64, 16.79, -11.5, -1.57805, -1.31909, 1.6161, -0.020138, -0.606335, -0.0845221, 0, 1
5, -1.331, -1.358, 1.5108, -12.88, 17.02, 18.4, -12.19, -1.56052, -1.31871, 1.6161, -0.0202001, -0.606216, -0.0830391, 0, 1
5, -1.325, -1.358, 1.5094, -12.42, 17.94, 17.02, -11.96, -1.54733, -1.31874, 1.6144, -0.019084, -0.605787, -0.0771427, 0, 1
5, -1.31, -1.359, 1.5092, -11.96, 16.56, 18.17, -11.5, -1.53108, -1.31844, 1.6144, -0.0191232, -0.605785, -0.0771427, 0, 1
5, -1.304, -1.36, 1.5079, -12.19, 17.48, 17.71, -12.88, -1.54205, -1.31783, 1.6144, -0.0194187, -0.60592, -0.078963, 0, 1
5, -1.295, -1.36, 1.5069, -14.03, 17.71, 17.71, -12.19, -1.53087, -1.31718, 1.60508, -0.013939, -0.604365, -0.0573558, 0, 1
5, -1.289, -1.361, 1.5064, -13.11, 17.25, 17.25, -11.27, -1.52368, -1.31674, 1.60508, -0.0140825, -0.604416, -0.0580388, 0, 1
5, -1.246, -1.364, 1.5006, -12.65, 17.25, 17.94, -13.11, -1.49574, -1.3151, 1.59674, -0.00954128, -0.601875, -0.0396281, 0, 1
5, -1.216, -1.366, 1.496, -12.88, 16.56, 16.56, -12.19, -1.46966, -1.31507, 1.61755, -0.0218451, -0.598258, -0.0916478, 0, 1
5, -1.206, -1.367, 1.4948, -13.8, 15.41, 18.17, -10.35, -1.45114, -1.31485, 1.61755, -0.0216638, -0.592981, -0.0912458, 0, 1
5, -1.144, -1.375, 1.4807, -13.34, 15.87, 17.25, -10.58, -1.42621, -1.31682, 1.59998, -0.0101371, -0.582889, -0.0473714, 0, 1
5, -1.134, -1.376, 1.4792, -13.11, 16.1, 17.25, -10.81, -1.39502, -1.3187, 1.59185, -0.00437402, -0.572335, -0.0228152, 0, 1
5, -1.122, -1.377, 1.4771, -12.65, 16.1, 16.56, -11.5, -1.39134, -1.31898, 1.59185, -0.00423056, -0.570954, -0.0181153, 0, 1
5, -1.114, -1.378, 1.4766, -12.19, 16.79, 17.48, -11.5, -1.37235, -1.31992, 1.59956, -0.00808338, -0.567018, -0.0374052, 0, 1
5, -1.108, -1.379, 1.477, -12.42, 17.48, 17.94, -11.73, -1.37503, -1.31967, 1.59956, -0.0082122, -0.567751, -0.0371924, 0, 1
5, -1.099, -1.38, 1.475, -12.88, 15.64, 17.25, -12.65, -1.36875, -1.32061, 1.59745, -0.00655488, -0.565434, -0.0294039, 0, 1
5, -1.058, -1.385, 1.473, -12.19, 15.64, 15.64, -10.12, -1.34005, -1.32383, 1.59573, -0.00398696, -0.557062, -0.0246978, 0, 1
5, -1.039, -1.387, 1.4705, -12.42, 14.72, 15.87, -11.27, -1.31391, -1.32477, 1.58899, 0.000364141, -0.548523, -0.00783145, 0, 1
5, -1.039, -1.387, 1.4705, -12.42, 14.72, 15.87, -11.27, -1.29399, -1.32567, 1.58899, 0.000894581, -0.542415, -0.000379384, 0, 1
5, -1.018, -1.389, 1.4692, -10.81, 15.64, 14.95, -11.27, -1.29754, -1.32497, 1.59657, -0.00355579, -0.544576, -0.0169408, 0, 1
5, -1.018, -1.389, 1.4692, -10.81, 15.64, 14.95, -11.27, -1.2955, -1.3251, 1.59657, -0.00348318, -0.544024, -0.0172016, 0, 1
5, -1.005, -1.39, 1.4681, -12.19, 17.02, 16.33, -11.27, -1.28558, -1.32595, 1.59336, -0.00129088, -0.540599, -0.00795603, 0, 1
5, -0.996, -1.391, 1.4666, -11.73, 14.95, 16.1, -11.5, -1.27602, -1.32647, 1.59336, -0.000980607, -0.537825, -0.00654846, 0, 1
5, -0.985, -1.392, 1.4673, -10.58, 16.33, 15.64, -12.65, -1.27263, -1.3264, 1.58887, 0.00143349, -0.535983, 0.0060752, 0, 1
5, -0.985, -1.392, 1.4673, -10.58, 16.33, 15.64, -12.65, -1.26467, -1.32672, 1.58887, 0.0016323, -0.533735, 0.00641376, 0, 1
5, -0.985, -1.392, 1.4673, -10.58, 16.33, 15.64, -12.65, -1.25744, -1.32575, 1.59586, -0.00244433, -0.532859, -0.0101137, 0, 1
5, -0.958, -1.395, 1.4664, -10.58, 14.72, 15.41, -10.58, -1.24927, -1.32562, 1.59586, -0.0024173, -0.530663, -0.0114796, 0, 1
5, -0.952, -1.396, 1.4667, -10.58, 15.64, 14.95, -11.96, -1.24594, -1.3249, 1.60937, -0.00989003, -0.531984, -0.0451687, 0, 1
5, -0.939, -1.397, 1.4644, -11.27, 14.72, 15.41, -10.58, -1.24014, -1.3246, 1.60937, -0.00993946, -0.530437, -0.0464717, 0, 1
5, -0.931, -1.398, 1.4646, -10.81, 15.18, 15.41, -10.35, -1.23183, -1.3243, 1.60003, -0.00500553, -0.526553, -0.0231192, 0, 1
5, -0.931, -1.398, 1.4646, -10.81, 15.18, 15.41, -10.35, -1.22379, -1.32395, 1.60003, -0.00506543, -0.52432, -0.023551, 0, 1
5, -0.92, -1.399, 1.4657, -11.96, 15.41, 14.49, -11.73, -1.21468, -1.32351, 1.59986, -0.00507151, -0.521753, -0.023419, 0, 1
5, -0.908, -1.401, 1.4625, -10.35, 14.26, 15.64, -9.2, -1.20727, -1.32316, 1.59986, -0.00514059, -0.519694, -0.0238052, 0, 1
5, -0.9, -1.402, 1.4645, -9.89, 15.64, 14.95, -10.58, -1.20077, -1.3232, 1.59313, -0.00155698, -0.51682, -0.00802428, 0, 1
5, -0.9, -1.402, 1.4645, -9.89, 15.64, 14.95, -10.58, -1.17336, -1.32259, 1.60082, -0.0054985, -0.510363, -0.0267661, 0, 1
5, -0.9, -1.402, 1.4645, -9.89, 15.64, 14.95, -10.58, -1.16279, -1.32234, 1.60082, -0.00548628, -0.507404, -0.0269464, 0, 1
5, -0.9, -1.402, 1.4645, -9.89, 15.64, 14.95, -10.58, -1.15545, -1.32273, 1.61093, -0.010374, -0.50694, -0.0522101, 0, 1
5, -0.9, -1.402, 1.4645, -9.89, 15.64, 14.95, -10.58, -1.14532, -1.32273, 1.61093, -0.0102268, -0.504095, -0.0523081, 0, 1
5, -0.832, -1.409, 1.4623, -10.58, 14.26, 14.72, -9.66, -1.14658, -1.32275, 1.61093, -0.0102379, -0.504364, -0.0510269, 0, 1
5, -0.825, -1.41, 1.4627, -9.2, 14.95, 14.72, -10.81, -1.13395, -1.32269, 1.60278, -0.00598395, -0.499506, -0.0301573, 0, 1
5, -0.815, -1.411, 1.4616, -9.2, 14.03, 14.72, -10.81, -1.12722, -1.32268, 1.60278, -0.00590651, -0.497613, -0.0301281, 0, 1
5, -0.807, -1.412, 1.4616, -11.5, 13.57, 14.95, -9.43, -1.12183, -1.32249, 1.60842, -0.00873415, -0.496953, -0.0438991, 0, 1
5, -0.802, -1.412, 1.4621, -9.89, 14.03, 13.8, -8.28, -1.11473, -1.32243, 1.60842, -0.00866634, -0.494949, -0.0438398, 0, 1
5, -0.79, -1.414, 1.4617, -11.5, 14.72, 14.26, -10.12, -1.10923, -1.32218, 1.59453, -0.00183408, -0.491232, -0.00911027, 0, 1
5, -0.785, -1.414, 1.4613, -10.35, 12.65, 14.03, -8.51, -1.10219, -1.32205, 1.59453, -0.00182347, -0.489272, -0.00933856, 0, 1
5, -0.777, -1.415, 1.4614, -10.58, 14.26, 14.26, -9.66, -1.09464, -1.32246, 1.59676, -0.00265493, -0.487512, -0.0149047, 0, 1
5, -0.765, -1.417, 1.4598, -10.81, 14.49, 15.18, -9.89, -1.0903, -1.32279, 1.59676, -0.00246139, -0.486186, -0.0131851, 0, 1
5, -0.76, -1.417, 1.4601, -9.66, 12.65, 14.95, -10.12, -1.07889, -1.32303, 1.6036, -0.0055444, -0.483942, -0.0286406, 0, 1
5, -0.755, -1.418, 1.46, -11.04, 14.49, 14.26, -10.58, -1.07042, -1.32325, 1.6036, -0.00533792, -0.481566, -0.0286406, 0, 1
5, -0.742, -1.419, 1.4574, -11.27, 14.26, 14.03, -9.89, -1.06854, -1.32266, 1.60031, -0.00399337, -0.480461, -0.0193578, 0, 1
5, -0.742, -1.419, 1.4574, -11.27, 14.26, 14.03, -9.89, -1.06854, -1.32266, 1.60031, -0.00399337, -0.480461, -0.0193578, 0, 1
5, -0.706, -1.423, 1.4536, -10.81, 13.34, 13.11, -10.58, -1.04443, -1.32185, 1.59047, 0.000587733, -0.472266, 0.00382692, 0, 1
5, -0.696, -1.424, 1.4528, -10.58, 13.8, 14.03, -9.43, -1.02957, -1.32155, 1.58884, 0.00134614, -0.467901, 0.00715196, 0, 1
5, -0.688, -1.425, 1.4516, -10.58, 14.26, 13.34, -8.97, -1.01889, -1.32131, 1.58884, 0.00133216, -0.464909, 0.00718772, 0, 1
5, -0.684, -1.426, 1.4516, -10.12, 13.8, 13.8, -9.2, -1.00657, -1.32104, 1.58884, 0.00131608, -0.461466, 0.00714898, 0, 1
5, -0.672, -1.427, 1.4507, -11.04, 13.11, 14.49, -9.89, -1.00817, -1.32121, 1.59555, -0.00172225, -0.462915, -0.00934511, 0, 1
5, -0.667, -1.428, 1.4502, -11.27, 13.34, 14.49, -8.28, -0.999775, -1.32106, 1.59555, -0.00169877, -0.460556, -0.00925511, 0, 1
5, -0.66, -1.429, 1.4521, -9.2, 12.88, 13.57, -8.97, -0.995975, -1.32143, 1.58503, 0.00333608, -0.457837, 0.018028, 0, 1
5, -0.655, -1.43, 1.4526, -8.74, 12.65, 13.8, -9.43, -0.991874, -1.32145, 1.58503, 0.00337386, -0.456692, 0.018028, 0, 1
5, -0.622, -1.434, 1.4519, -8.74, 12.88, 13.57, -9.89, -0.9677, -1.32201, 1.60698, -0.00609022, -0.453144, -0.0364032, 0, 1
5, -0.612, -1.435, 1.4509, -8.97, 12.42, 13.34, -9.43, -0.956443, -1.32222, 1.60698, -0.00582715, -0.449807, -0.0334203, 0, 1
5, -0.6, -1.436, 1.4505, -8.05, 14.03, 12.65, -8.97, -0.944984, -1.32257, 1.59089, 0.00168012, -0.4442, 0.0080055, 0, 1
5, -0.574, -1.439, 1.4522, -9.2, 13.11, 12.65, -9.66, -0.924471, -1.32287, 1.59848, -0.00129645, -0.439478, -0.00951231, 0, 1
5, -0.563, -1.441, 1.4518, -8.74, 11.5, 12.42, -8.51, -0.915469, -1.32303, 1.59848, -0.00110721, -0.436826, -0.00722647, 0, 1
5, -0.563, -1.441, 1.4518, -8.74, 11.5, 12.42, -8.51, -0.906679, -1.32253, 1.60863, -0.00565634, -0.435712, -0.0315478, 0, 1
5, -0.551, -1.442, 1.454, -7.59, 12.42, 12.19, -9.2, -0.897674, -1.32243, 1.60863, -0.00556446, -0.433227, -0.0323543, 0, 1
5, -0.541, -1.443, 1.4531, -7.82, 12.88, 11.5, -8.51, -0.894446, -1.32144, 1.6039, -0.00394403, -0.431718, -0.0215384, 0, 1
5, -0.536, -1.444, 1.4533, -9.89, 12.88, 11.73, -9.2, -0.886555, -1.321, 1.6039, -0.00404731, -0.429499, -0.0215384, 0, 1
5, -0.529, -1.445, 1.4528, -8.05, 12.88, 12.19, -8.74, -0.884558, -1.32141, 1.60673, -0.00503967, -0.429419, -0.0302109, 0, 1
5, -0.521, -1.446, 1.4515, -9.2, 11.73, 12.42, -9.66, -0.87866, -1.32129, 1.60673, -0.00500778, -0.42771, -0.0292993, 0, 1
5, -0.515, -1.446, 1.4514, -9.66, 13.11, 12.65, -8.05, -0.873587, -1.32119, 1.60673, -0.00498074, -0.42628, -0.0292295, 0, 1
5, -0.51, -1.447, 1.4525, -8.97, 12.19, 11.73, -8.05, -0.869456, -1.32137, 1.60071, -0.00226463, -0.424263, -0.0134197, 0, 1
5, -0.504, -1.448, 1.4531, -7.13, 11.27, 11.96, -8.97, -0.866576, -1.32103, 1.60071, -0.00239238, -0.423435, -0.0131142, 0, 1
5, -0.495, -1.449, 1.4523, -8.74, 12.65, 12.88, -7.82, -0.856594, -1.32075, 1.60328, -0.00347971, -0.420982, -0.0195548, 0, 1
5, -0.489, -1.45, 1.453, -8.28, 10.81, 12.65, -8.51, -0.85456, -1.32074, 1.60328, -0.00345725, -0.420471, -0.0206414, 0, 1
5, -0.478, -1.451, 1.4511, -8.74, 11.27, 12.19, -8.74, -0.844784, -1.32065, 1.59122, 0.00167118, -0.41608, 0.00960946, 0, 1
5, -0.474, -1.451, 1.4505, -8.05, 11.04, 11.96, -8.05, -0.838401, -1.32053, 1.59122, 0.00168338, -0.414295, 0.00960946, 0, 1
5, -0.47, -1.452, 1.4513, -9.2, 12.65, 12.19, -9.43, -0.834347, -1.32066, 1.59789, -0.00097012, -0.414049, -0.00663847, 0, 1
5, -0.47, -1.452, 1.4513, -9.2, 12.65, 12.19, -9.43, -0.833514, -1.32065, 1.59789, -0.000962409, -0.413808, -0.00650495, 0, 1
5, -0.439, -1.456, 1.4524, -8.28, 11.5, 11.73, -8.51, -0.808076, -1.31997, 1.60924, -0.00560603, -0.408119, -0.0341907, 0, 1
5, -0.424, -1.457, 1.453, -7.13, 11.96, 11.73, -7.82, -0.793726, -1.31964, 1.60924, -0.00554159, -0.40409, -0.0343314, 0, 1
5, -0.42, -1.458, 1.4542, -8.05, 12.19, 11.73, -8.28, -0.789646, -1.31969, 1.6089, -0.00530972, -0.402898, -0.033429, 0, 1
5, -0.41, -1.459, 1.4523, -8.74, 11.27, 11.73, -7.13, -0.77847, -1.3195, 1.6089, -0.0052235, -0.399727, -0.0328678, 0, 1
5, -0.403, -1.46, 1.452, -7.82, 10.81, 11.04, -7.59, -0.776599, -1.32003, 1.6074, -0.00431813, -0.399004, -0.0288361, 0, 1
5, -0.4, -1.46, 1.4517, -8.97, 11.27, 12.42, -9.2, -0.769074, -1.32015, 1.6074, -0.00413425, -0.396785, -0.0267595, 0, 1
5, -0.39, -1.462, 1.4499, -9.2, 11.5, 10.58, -8.05, -0.762556, -1.32025, 1.6074, -0.00397422, -0.394897, -0.0256118, 0, 1
5, -0.386, -1.462, 1.449, -9.2, 11.04, 11.96, -7.82, -0.762585, -1.32048, 1.60382, -0.0024333, -0.394413, -0.0158286, 0, 1
5, -0.379, -1.463, 1.4483, -8.05, 11.27, 11.5, -8.28, -0.760073, -1.32035, 1.60382, -0.00246348, -0.393657, -0.0148717, 0, 1
5, -0.371, -1.464, 1.4464, -6.44, 10.12, 11.27, -8.05, -0.751162, -1.32024, 1.60138, -0.00142621, -0.390878, -0.00931948, 0, 1
5, -0.366, -1.465, 1.4464, -9.2, 11.73, 11.27, -8.05, -0.745331, -1.32022, 1.60138, -0.00134849, -0.389217, -0.00879139, 0, 1
5, -0.362, -1.465, 1.4455, -9.43, 12.42, 11.5, -7.82, -0.742468, -1.31994, 1.60801, -0.00403639, -0.389268, -0.0259373, 0, 1
5, -0.355, -1.466, 1.4457, -8.05, 10.81, 11.04, -7.59, -0.73705, -1.31982, 1.60801, -0.00400355, -0.387741, -0.0258282, 0, 1
5, -0.346, -1.467, 1.4451, -6.9, 11.5, 10.81, -8.74, -0.731728, -1.32026, 1.60462, -0.00236968, -0.385733, -0.015358, 0, 1
5, -0.342, -1.468, 1.4448, -7.59, 11.5, 10.81, -8.28, -0.726098, -1.32036, 1.60462, -0.00222537, -0.384155, -0.015358, 0, 1
5, -0.338, -1.468, 1.4448, -8.05, 12.42, 11.04, -7.59, -0.721434, -1.32063, 1.61618, -0.00645503, -0.384211, -0.0433967, 0, 1
5, -0.327, -1.469, 1.4452, -8.28, 10.81, 10.81, -8.51, -0.715737, -1.3208, 1.61618, -0.00625165, -0.382533, -0.0418365, 0, 1
5, -0.322, -1.47, 1.4458, -6.9, 10.81, 11.27, -7.36, -0.707686, -1.32058, 1.61508, -0.00578585, -0.380136, -0.0390896, 0, 1
5, -0.318, -1.471, 1.4456, -8.28, 10.35, 11.73, -8.28, -0.700847, -1.3206, 1.61508, -0.00563595, -0.37819, -0.0385854, 0, 1
5, -0.308, -1.472, 1.4447, -8.74, 11.73, 11.5, -7.36, -0.699963, -1.32045, 1.60753, -0.0028389, -0.376999, -0.0189304, 0, 1
5, -0.304, -1.473, 1.4439, -7.13, 9.2, 9.43, -7.36, -0.695813, -1.32041, 1.60753, -0.00278385, -0.375795, -0.0181329, 0, 1
5, -0.304, -1.473, 1.4439, -7.13, 9.2, 9.43, -7.36, -0.694741, -1.32039, 1.60753, -0.00277671, -0.375521, -0.0186738, 0, 1
5, -0.292, -1.474, 1.4412, -7.82, 9.89, 11.73, -6.9, -0.685464, -1.3208, 1.61663, -0.00579266, -0.373982, -0.0410596, 0, 1
5, -0.292, -1.474, 1.4412, -7.82, 9.89, 11.73, -6.9, -0.682939, -1.32107, 1.61663, -0.00559205, -0.373183, -0.0391296, 0, 1
5, -0.292, -1.474, 1.4412, -7.82, 9.89, 11.73, -6.9, -0.675255, -1.32196, 1.61135, -0.0029786, -0.370365, -0.0248384, 0, 1
5, -0.277, -1.477, 1.4386, -8.05, 9.66, 11.27, -7.59, -0.669904, -1.32238, 1.61135, -0.00263688, -0.368671, -0.0207266, 0, 1
5, -0.27, -1.478, 1.4382, -7.36, 11.5, 10.12, -7.13, -0.668493, -1.32299, 1.61295, -0.00286403, -0.368365, -0.0225157, 0, 1
5, -0.27, -1.478, 1.4382, -7.36, 11.5, 10.12, -7.13, -0.664065, -1.3235, 1.61295, -0.00248589, -0.366982, -0.0194371, 0, 1
5, -0.27, -1.478, 1.4382, -7.36, 11.5, 10.12, -7.13, -0.657351, -1.32398, 1.60404, 0.00117011, -0.363924, 0.00533164, 0, 1
5, -0.255, -1.48, 1.436, -8.74, 10.12, 10.12, -7.82, -0.652053, -1.32448, 1.60404, 0.00155268, -0.362317, 0.00803798, 0, 1
5, -0.248, -1.481, 1.4357, -6.9, 11.96, 9.43, -7.59, -0.646599, -1.32417, 1.60035, 0.00281475, -0.360343, 0.0172612, 0, 1
5, -0.248, -1.481, 1.4357, -6.9, 11.96, 9.43, -7.59, -0.640921, -1.32442, 1.60035, 0.00305743, -0.358632, 0.0199366, 0, 1
5, -0.248, -1.481, 1.4357, -6.9, 11.96, 9.43, -7.59, -0.63652, -1.32399, 1.60144, 0.00251112, -0.357527, 0.0173193, 0, 1
5, -0.229, -1.483, 1.4342, -7.59, 10.35, 10.12, -7.82, -0.631159, -1.32399, 1.60144, 0.00261866, -0.355945, 0.0191164, 0, 1
5, -0.229, -1.483, 1.4342, -7.59, 10.35, 10.12, -7.82, -0.631159, -1.32399, 1.60144, 0.00261912, -0.356008, 0.0177935, 0, 1
5, -0.204, -1.487, 1.4328, -7.13, 10.35, 11.04, -7.13, -0.612053, -1.32356, 1.58857, 0.00722926, -0.349089, 0.0505689, 0, 1
5, -0.19, -1.489, 1.4353, -6.21, 10.12, 11.04, -7.13, -0.599878, -1.32338, 1.58857, 0.00732126, -0.345639, 0.0519252, 0, 1
5, -0.186, -1.489, 1.4367, -7.82, 10.58, 9.2, -7.13, -0.590534, -1.32384, 1.58784, 0.00799025, -0.342896, 0.0549191, 0, 1
5, -0.183, -1.49, 1.4366, -8.05, 9.89, 10.12, -7.36, -0.579597, -1.32392, 1.58784, 0.00822448, -0.339853, 0.0549191, 0, 1
5, -0.173, -1.491, 1.4368, -6.21, 9.43, 9.66, -6.21, -0.58178, -1.32418, 1.59945, 0.00440504, -0.34163, 0.0306159, 0, 1
5, -0.169, -1.491, 1.4375, -7.82, 9.66, 10.58, -6.9, -0.574704, -1.32432, 1.59945, 0.00463586, -0.339656, 0.0306159, 0, 1
5, -0.165, -1.492, 1.4379, -5.52, 10.35, 11.04, -6.67, -0.575513, -1.3241, 1.6021, 0.00358915, -0.340109, 0.0257748, 0, 1
5, -0.157, -1.493, 1.4389, -7.59, 9.43, 9.66, -7.13, -0.570531, -1.32412, 1.6021, 0.00370819, -0.338719, 0.0257748, 0, 1
5, -0.153, -1.494, 1.4395, -5.29, 10.35, 8.97, -6.67, -0.565418, -1.32399, 1.60143, 0.00397085, -0.337162, 0.0286207, 0, 1
5, -0.148, -1.494, 1.4405, -6.44, 9.89, 10.35, -7.36, -0.56107, -1.32396, 1.60143, 0.00404872, -0.335928, 0.0291017, 0, 1
5, -0.145, -1.495, 1.4408, -7.59, 10.12, 9.2, -7.36, -0.556405, -1.3242, 1.60754, 0.00225329, -0.335283, 0.0147212, 0, 1
5, -0.136, -1.496, 1.442, -6.67, 11.27, 9.43, -7.36, -0.551148, -1.32428, 1.60754, 0.00242975, -0.333671, 0.0180027, 0, 1
5, -0.133, -1.496, 1.4425, -7.36, 10.81, 9.43, -7.36, -0.547694, -1.3239, 1.59813, 0.0053982, -0.331672, 0.0406858, 0, 1
5, -0.125, -1.497, 1.445, -7.36, 10.58, 10.12, -6.21, -0.542763, -1.32378, 1.59813, 0.00543446, -0.330298, 0.0406858, 0, 1
5, -0.119, -1.498, 1.445, -7.36, 10.12, 9.66, -6.44, -0.538401, -1.32326, 1.60798, 0.00197968, -0.330188, 0.016064, 0, 1
5, -0.116, -1.498, 1.4469, -4.83, 10.35, 10.58, -7.13, -0.533553, -1.32298, 1.60798, 0.00192645, -0.328812, 0.0165075, 0, 1
5, -0.116, -1.498, 1.4469, -4.83, 10.35, 10.58, -7.13, -0.533553, -1.32298, 1.60798, 0.00192645, -0.328812, 0.0165075, 0, 1
5, -0.084, -1.502, 1.4506, -7.59, 9.66, 8.74, -7.13, -0.511602, -1.32303, 1.61971, -0.00127281, -0.324015, -0.0146744, 0, 1
5, -0.079, -1.502, 1.4511, -5.52, 10.58, 8.97, -7.36, -0.510094, -1.32301, 1.61971, -0.00124, -0.323592, -0.0146744, 0, 1
5, -0.056, -1.505, 1.4531, -4.37, 8.74, 9.2, -6.9, -0.483987, -1.32229, 1.63233, -0.00491946, -0.317329, -0.0411326, 0, 1
5, -0.037, -1.507, 1.4528, -7.13, 9.66, 8.74, -7.13, -0.464436, -1.32252, 1.62851, -0.00288333, -0.31147, -0.0315869, 0, 1
5, -0.034, -1.508, 1.4521, -5.06, 9.66, 9.2, -6.9, -0.462142, -1.32236, 1.62075, -0.000496723, -0.309889, -0.00829846, 0, 1
5, -0.03, -1.508, 1.4534, -6.9, 10.35, 8.51, -5.75, -0.453325, -1.3224, 1.62075, -0.000180818, -0.307207, -0.00299573, 0, 1
5, -0.021, -1.509, 1.4534, -5.29, 8.28, 9.43, -7.36, -0.446065, -1.32243, 1.62075, 8.4507e-05, -0.305183, -0.00317663, 0, 1
5, -0.011, -1.511, 1.4534, -5.06, 9.43, 9.2, -6.44, -0.453879, -1.32118, 1.62224, -0.00147638, -0.307343, -0.00302166, 0, 1
5, 0.01, -1.513, 1.4515, -5.98, 7.82, 9.2, -6.67, -0.427787, -1.32203, 1.63521, -0.00391271, -0.301667, -0.0444496, 0, 1
5, 0.028, -1.516, 1.4522, -5.75, 8.51, 9.43, -5.75, -0.405617, -1.32381, 1.63199, -0.000755824, -0.294583, -0.0211161, 0, 1
5, 0.04, -1.517, 1.4544, -5.52, 9.2, 8.05, -5.75, -0.397433, -1.3239, 1.63566, -0.00139917, -0.291991, -0.0133568, 0, 1
5, 0.043, -1.517, 1.4544, -6.44, 8.97, 8.74, -7.13, -0.383657, -1.32472, 1.63566, -0.000147464, -0.28799, -0.00907332, 0, 1
5, 0.046, -1.518, 1.4544, -4.37, 8.74, 8.97, -6.67, -0.391189, -1.32339, 1.6431, -0.00365519, -0.29034, -0.0166416, 0, 1
5, 0.051, -1.518, 1.4543, -6.9, 8.28, 8.28, -5.52, -0.385478, -1.32345, 1.6431, -0.00333988, -0.289259, -0.0302067, 0, 1
5, 0.058, -1.519, 1.4541, -4.37, 8.51, 7.59, -6.44, -0.386887, -1.32289, 1.63555, -0.00163396, -0.288823, -0.00817299, 0, 1
5, 0.061, -1.519, 1.4538, -7.36, 8.28, 8.97, -5.75, -0.383185, -1.32272, 1.63555, -0.00159766, -0.288005, -0.0139865, 0, 1
5, 0.064, -1.52, 1.453, -6.67, 8.51, 8.51, -6.67, -0.383047, -1.32271, 1.63555, -0.001595, -0.287955, -0.0137097, 0, 1
5, 0.064, -1.52, 1.453, -6.67, 8.51, 8.51, -6.67, -0.383047, -1.32271, 1.63555, -0.001595, -0.287955, -0.0137097, 0, 1
5, 0.089, -1.523, 1.4451, -5.06, 7.13, 7.13, -5.98, -0.363802, -1.32086, 1.64553, -0.00494762, -0.283427, -0.0387812, 0, 1
5, 0.097, -1.524, 1.4409, -5.98, 4.83, 6.44, -4.37, -0.348142, -1.31949, 1.63885, -0.00337441, -0.278418, -0.0220847, 0, 1
5, 0.103, -1.525, 1.4385, -5.52, 6.21, 6.44, -3.68, -0.348704, -1.31927, 1.63885, -0.00358222, -0.278809, -0.0286341, 0, 1
5, 0.106, -1.525, 1.4379, -3.68, 5.06, 5.52, -4.14, -0.338353, -1.31886, 1.63879, -0.00339324, -0.275952, -0.0300804, 0, 1
5, 0.108, -1.526, 1.4374, -5.98, 5.75, 6.21, -4.6, -0.330251, -1.31828, 1.63879, -0.00347435, -0.273707, -0.0311619, 0, 1
5, 0.113, -1.526, 1.4377, -4.83, 5.06, 6.21, -3.91, -0.33581, -1.31954, 1.64886, -0.00550881, -0.276163, -0.056355, 0, 1
5, 0.115, -1.526, 1.437, -3.68, 6.21, 5.29, -5.06, -0.331564, -1.31953, 1.64886, -0.00528829, -0.274764, -0.0505832, 0, 1
5, 0.118, -1.527, 1.4374, -4.37, 5.52, 6.44, -3.91, -0.330858, -1.31994, 1.6396, -0.00235358, -0.27372, -0.0256947, 0, 1
5, 0.122, -1.527, 1.4378, -1.84, 5.75, 6.44, -4.37, -0.32771, -1.32007, 1.6396, -0.00207937, -0.272729, -0.0225404, 0, 1
5, 0.125, -1.527, 1.4432, -0.46, 6.9, 5.75, -4.14, -0.325335, -1.31995, 1.63636, -0.001175, -0.271691, -0.0120118, 0, 1
5, 0.127, -1.527, 1.4476, 0, 7.36, 6.44, -3.22, -0.322223, -1.31999, 1.63636, -0.000972223, -0.270788, -0.0110728, 0, 1
5, 0.13, -1.527, 1.4544, -0.46, 7.59, 6.67, -4.14, -0.320959, -1.31914, 1.63376, -0.00091528, -0.270124, -0.00274628, 0, 1
5, 0.132, -1.527, 1.4557, -7.36, 7.59, 5.75, -3.91, -0.318337, -1.31884, 1.63376, -0.00103891, -0.269588, -0.00847101, 0, 1
5, 0.138, -1.528, 1.4572, -3.45, 6.67, 7.13, -4.83, -0.314337, -1.31789, 1.64096, -0.00358678, -0.269107, -0.0276399, 0, 1
5, 0.138, -1.528, 1.4572, -3.45, 6.67, 7.13, -4.83, -0.314337, -1.31789, 1.64096, -0.00358678, -0.269107, -0.0276399, 0, 1
5, 0.153, -1.526, 1.4904, 0.23, 9.2, 6.67, -3.68, -0.301834, -1.31488, 1.67474, -0.0146903, -0.268312, -0.117749, 0, 1
5, 0.159, -1.525, 1.5156, 2.3, 9.89, 7.13, -4.6, -0.294704, -1.31311, 1.67474, -0.0158983, -0.266906, -0.138422, 0, 1
5, 0.165, -1.524, 1.5299, 1.84, 7.82, 7.36, -5.75, -0.293225, -1.31231, 1.68873, -0.0203816, -0.267796, -0.185474, 0, 1
5, 0.168, -1.523, 1.5381, 1.61, 8.05, 5.52, -5.29, -0.288145, -1.31085, 1.68873, -0.0214482, -0.266546, -0.194519, 0, 1
5, 0.17, -1.523, 1.5413, -1.84, 8.51, 6.9, -5.75, -0.28845, -1.31053, 1.68873, -0.0217944, -0.266979, -0.205444, 0, 1
5, 0.175, -1.521, 1.5548, 1.61, 8.51, 5.75, -5.06, -0.285509, -1.30771, 1.71352, -0.0309349, -0.266132, -0.26742, 0, 1
5, 0.177, -1.521, 1.5587, -3.45, 7.36, 5.98, -4.6, -0.285829, -1.30688, 1.71352, -0.0316623, -0.265581, -0.283425, 0, 1
5, 0.18, -1.52, 1.5638, 0.46, 8.97, 6.44, -4.83, -0.280721, -1.30504, 1.72306, -0.0354445, -0.262314, -0.321132, 0, 1
5, 0.185, -1.519, 1.5781, 0.23, 7.36, 6.21, -4.6, -0.278273, -1.30376, 1.72306, -0.0364719, -0.261146, -0.33028, 0, 1
5, 0.187, -1.518, 1.5836, 0, 7.59, 6.9, -4.6, -0.277239, -1.3031, 1.7584, -0.0456242, -0.255916, -0.43155, 0, 1
5, 0.189, -1.518, 1.589, 0, 7.59, 7.36, -3.91, -0.27496, -1.30184, 1.7584, -0.0466021, -0.254809, -0.439503, 0, 1
5, 0.192, -1.517, 1.5974, -0.23, 7.59, 6.9, -4.6, -0.273035, -1.30024, 1.75345, -0.0467395, -0.254273, -0.438245, 0, 1
5, 0.197, -1.516, 1.6107, -0.23, 6.67, 6.67, -3.22, -0.27079, -1.29884, 1.75345, -0.0478449, -0.252929, -0.452652, 0, 1
5, 0.198, -1.516, 1.6159, 0, 7.13, 7.59, -4.14, -0.267005, -1.29781, 1.77314, -0.0531308, -0.248594, -0.516594, 0, 1
5, 0.2, -1.515, 1.6209, -0.69, 6.9, 7.59, -5.52, -0.266195, -1.29744, 1.77314, -0.0533651, -0.247977, -0.526394, 0, 1
5, 0.213, -1.512, 1.6505, -0.23, 6.67, 6.67, -4.37, -0.255203, -1.29336, 1.81268, -0.0654388, -0.238404, -0.628796, 0, 1
5, 0.219, -1.51, 1.6679, 0.23, 5.75, 6.21, -4.14, -0.249206, -1.29086, 1.81268, -0.0675292, -0.236127, -0.628796, 0, 1
5, 0.221, -1.509, 1.6716, -0.23, 6.44, 6.44, -4.83, -0.248229, -1.28923, 1.82961, -0.0719009, -0.230667, -0.742418, 0, 1
5, 0.223, -1.509, 1.6765, -0.23, 6.21, 5.29, -5.52, -0.244337, -1.2871, 1.82961, -0.0737479, -0.229005, -0.742418, 0, 1
5, 0.227, -1.507, 1.6825, 0, 3.45, 5.06, -3.68, -0.244478, -1.28657, 1.84176, -0.0765019, -0.226421, -0.792504, 0, 1
5, 0.228, -1.507, 1.6841, -0.46, 3.91, 5.75, -4.6, -0.241941, -1.28495, 1.84176, -0.07768, -0.224512, -0.816085, 0, 1
5, 0.23, -1.507, 1.6847, -1.15, 2.99, 5.06, -5.06, -0.239699, -1.28351, 1.84176, -0.0788888, -0.223263, -0.822373, 0, 1
5, 0.232, -1.506, 1.684, -1.38, 3.22, 3.68, -4.37, -0.239657, -1.28278, 1.85545, -0.0820196, -0.220316, -0.874835, 0, 1
5, 0.237, -1.507, 1.6589, -25.08, 1.15, 4.37, -4.14, -0.23902, -1.282, 1.85545, -0.0826105, -0.219605, -0.884205, 0, 1
5, 0.242, -1.509, 1.6322, -31.06, -1.61, 5.52, -5.06, -0.236548, -1.27918, 1.84194, -0.0824639, -0.219794, -0.862016, 0, 1
5, 0.246, -1.512, 1.5994, -35.2, -2.76, 6.21, -7.59, -0.235228, -1.27787, 1.84194, -0.0836708, -0.218996, -0.862016, 0, 1
5, 0.276, -1.534, 1.3587, -26, -1.15, 7.36, -8.05, -0.227444, -1.27918, 1.71116, -0.0553814, -0.234766, -0.585424, 0, 1
5, 0.288, -1.546, 1.2646, -25.77, -0.92, 9.43, -6.44, -0.21687, -1.28481, 1.60113, -0.0247344, -0.245847, -0.303766, 0, 1
5, 0.288, -1.546, 1.2646, -25.77, -0.92, 9.43, -6.44, -0.208532, -1.28877, 1.60113, -0.0206897, -0.245283, -0.244898, 0, 1
5, 0.299, -1.557, 1.1905, -22.31, 0.23, 9.89, -5.98, -0.209565, -1.28973, 1.60113, -0.0195235, -0.245663, -0.244898, 0, 1
5, 0.303, -1.563, 1.1607, -21.62, 0.46, 10.35, -5.75, -0.200873, -1.29637, 1.5132, 0.00930709, -0.2354, 0.0215465, 0, 1
5, 0.306, -1.566, 1.144, -20.7, 1.15, 11.96, -6.21, -0.194534, -1.30062, 1.5132, 0.0141048, -0.231862, 0.0706771, 0, 1
5, 0.31, -1.571, 1.123, -19.32, 1.84, 10.12, -5.75, -0.195234, -1.30218, 1.44535, 0.030702, -0.223371, 0.29805, 0, 1
5, 0.331, -1.594, 1.0343, -8.28, 4.6, 9.89, -4.37, -0.171298, -1.32609, 1.29398, 0.085855, -0.188226, 0.719903, 0, 1
5, 0.337, -1.599, 1.0277, -6.67, 7.13, 8.74, -5.29, -0.159541, -1.33763, 1.29398, 0.0941084, -0.168856, 1.09694, 0, 1
5, 0.34, -1.601, 1.0279, -4.83, 6.9, 8.74, -5.06, -0.152734, -1.34432, 1.29398, 0.101934, -0.162871, 1.09694, 0, 1
5, 0.354, -1.608, 1.0823, 2.07, 9.89, 7.13, -3.22, -0.150705, -1.34553, 1.26636, 0.101793, -0.14948, 1.46709, 0, 1
5, 0.356, -1.608, 1.0913, -0.23, 11.27, 7.13, -3.45, -0.138658, -1.35338, 1.27485, 0.10906, -0.139528, 1.52724, 0, 1
5, 0.36, -1.609, 1.105, -0.23, 11.27, 7.59, -2.76, -0.129487, -1.36006, 1.27485, 0.114285, -0.127639, 1.68143, 0, 1
5, 0.36, -1.609, 1.105, -0.23, 11.27, 7.59, -2.76, -0.13135, -1.3543, 1.30009, 0.106797, -0.136837, 1.5989, 0, 1
5, 0.36, -1.609, 1.105, -0.23, 11.27, 7.59, -2.76, -0.13135, -1.3543, 1.30009, 0.106797, -0.136837, 1.5989, 0, 1
5, 0.36, -1.609, 1.105, -0.23, 11.27, 7.59, -2.76, -0.125438, -1.35122, 1.36949, 0.0974477, -0.14587, 1.48329, 0, 1
5, 0.378, -1.606, 1.226, 8.05, 11.27, 3.91, -1.61, -0.122068, -1.3509, 1.36949, 0.0981184, -0.144539, 1.48329, 0, 1
5, 0.378, -1.606, 1.226, 8.05, 11.27, 3.91, -1.61, -0.117011, -1.34875, 1.3955, 0.0947396, -0.147776, 1.4099, 0, 1
5, 0.384, -1.602, 1.2925, 7.82, 13.8, 5.06, -1.15, -0.112897, -1.34773, 1.3955, 0.0949079, -0.146353, 1.41522, 0, 1
5, 0.384, -1.602, 1.2925, 7.82, 13.8, 5.06, -1.15, -0.116254, -1.34831, 1.3955, 0.094205, -0.147247, 1.42883, 0, 1
5, 0.394, -1.595, 1.4076, 7.13, 11.96, 6.21, -1.61, -0.10904, -1.33964, 1.55358, 0.0657533, -0.171602, 1.02769, 0, 1
5, 0.399, -1.592, 1.4672, 7.82, 13.11, 5.06, -0.92, -0.103763, -1.33339, 1.6058, 0.0506561, -0.17864, 0.897129, 0, 1
5, 0.401, -1.59, 1.4912, 7.36, 12.42, 6.21, -1.15, -0.0983277, -1.32713, 1.6058, 0.0440777, -0.184734, 0.679626, 0, 1
5, 0.404, -1.588, 1.5237, 6.9, 12.42, 5.06, -0.92, -0.0992282, -1.32867, 1.64488, 0.0396842, -0.188806, 0.581927, 0, 1
5, 0.406, -1.586, 1.5496, 6.67, 11.04, 5.29, -0.69, -0.0959188, -1.32506, 1.64488, 0.034946, -0.190428, 0.517923, 0, 1
5, 0.407, -1.585, 1.565, 6.67, 10.81, 5.98, -0.92, -0.0972008, -1.32512, 1.70977, 0.02272, -0.198639, 0.298722, 0, 1
5, 0.41, -1.583, 1.601, 3.45, 10.12, 6.21, -0.69, -0.0957957, -1.32312, 1.70977, 0.0195127, -0.198865, 0.284708, 0, 1
5, 0.412, -1.582, 1.6186, 2.76, 10.12, 4.37, -2.07, -0.0948092, -1.32118, 1.76146, 0.00590329, -0.202878, 0.155486, 0, 1
5, 0.413, -1.581, 1.6303, 5.52, 9.43, 4.37, -2.07, -0.0936188, -1.31935, 1.76146, 0.0026749, -0.203615, 0.115295, 0, 1
5, 0.416, -1.579, 1.6488, 0, 7.59, 5.75, -2.53, -0.0921939, -1.31737, 1.80706, -0.0103796, -0.207306, -0.0478154, 0, 1
5, 0.418, -1.579, 1.6547, 0.23, 8.28, 5.52, -1.84, -0.0907369, -1.31518, 1.80706, -0.0146636, -0.207811, -0.0949138, 0, 1
5, 0.419, -1.578, 1.6602, -0.92, 7.13, 4.83, -3.45, -0.0892842, -1.31301, 1.80706, -0.0191234, -0.208152, -0.139488, 0, 1
5, 0.423, -1.577, 1.6672, -0.23, 5.52, 5.98, -3.22, -0.0900664, -1.31349, 1.83283, -0.0240017, -0.210742, -0.255606, 0, 1
5, 0.425, -1.577, 1.6723, -1.61, 5.75, 5.75, -3.22, -0.0888248, -1.31138, 1.84584, -0.0309626, -0.208177, -0.300023, 0, 1
5, 0.427, -1.577, 1.6753, -1.38, 6.21, 4.83, -3.45, -0.08775, -1.30954, 1.84584, -0.034709, -0.206179, -0.337864, 0, 1
5, 0.431, -1.576, 1.6828, -2.07, 5.75, 5.98, -2.76, -0.0874446, -1.30914, 1.84584, -0.0352704, -0.204395, -0.39603, 0, 1
5, 0.433, -1.576, 1.6841, -4.37, 5.29, 5.29, -4.14, -0.0836614, -1.30736, 1.85771, -0.0404101, -0.20016, -0.474496, 0, 1
5, 0.436, -1.576, 1.6849, -0.92, 5.29, 4.37, -3.91, -0.0819076, -1.30589, 1.85771, -0.0434134, -0.198656, -0.486837, 0, 1
5, 0.44, -1.574, 1.6897, -0.46, 5.52, 5.52, -3.91, -0.0795801, -1.30656, 1.87247, -0.0436474, -0.195715, -0.56895, 0, 1
5, 0.441, -1.574, 1.6927, -0.69, 5.29, 6.21, -2.99, -0.0779016, -1.30585, 1.87247, -0.0451071, -0.195528, -0.54559, 0, 1
5, 0.443, -1.574, 1.6962, -1.15, 5.29, 4.83, -2.53, -0.074867, -1.30569, 1.87639, -0.0453106, -0.19377, -0.576626, 0, 1
5, 0.447, -1.574, 1.6956, -5.29, 4.37, 5.29, -3.91, -0.0729241, -1.30548, 1.87639, -0.0453809, -0.193262, -0.574273, 0, 1
5, 0.45, -1.574, 1.6916, -2.07, 3.68, 4.83, -4.83, -0.0696331, -1.30472, 1.88146, -0.0474696, -0.191464, -0.586942, 0, 1
5, 0.451, -1.573, 1.6909, -0.46, 3.22, 4.14, -4.83, -0.0669421, -1.30414, 1.88146, -0.0483945, -0.190392, -0.589263, 0, 1
5, 0.455, -1.573, 1.693, -2.76, 4.6, 4.83, -3.91, -0.0673144, -1.30372, 1.89345, -0.0515649, -0.188239, -0.64159, 0, 1
