ID, ROBOT_X, ROBOT_Y, ROBOT_W, ROBOT_M1, ROBOT_M2, ROBOT_M3, ROBOT_M4, VISION_X, VISION_Y, VISION_W, BEHAVIOR, LABEL, TIMESTAMP, PCKT, CHANGE_STATE
0, 0.406, -2.484, -3.0246, -2.76, -3.22, -3.22, -4.37, 0.407604, -2.48581, -3.02469, 2, 0, 2022-11-16.19:40:51, 196
0, 0.406, -2.484, -3.0481, -6.9, -6.67, -6.67, -6.44, 0.407585, -2.48596, -3.02469, 2, 0, 2022-11-16.19:40:51, 199
0, 0.406, -2.484, -3.068, -8.97, -8.05, -8.28, -7.59, 0.407507, -2.4861, -3.02469, 2, 0, 2022-11-16.19:40:51, 201
0, 0.407, -2.484, -3.1291, -10.35, -10.12, -10.12, -10.12, 0.407437, -2.48639, -3.02469, 2, 0, 2022-11-16.19:40:51, 205
0, 0.407, -2.484, 3.139, -11.73, -10.58, -10.81, -10.81, 0.407847, -2.4853, -3.02629, 2, 0, 2022-11-16.19:40:51, 206
0, 0.406, -2.484, 2.9559, -12.42, -11.27, -11.5, -13.34, 0.407983, -2.48527, -3.07764, 2, 0, 2022-11-16.19:40:51, 215
0, 0.407, -2.484, 2.8508, -13.11, -13.34, -12.19, -9.66, 0.408025, -2.48543, -3.07764, 2, 0, 2022-11-16.19:40:51, 220
0, 0.407, -2.484, 2.8325, -12.42, -12.65, -12.65, -10.81, 0.408047, -2.48547, -3.07764, 2, 0, 2022-11-16.19:40:51, 221
0, 0.407, -2.484, 2.6988, -11.27, -11.04, -11.04, -11.27, 0.408631, -2.48534, 3.00522, 2, 0, 2022-11-16.19:40:51, 227
0, 0.407, -2.484, 2.6807, -11.5, -10.58, -10.81, -10.81, 0.408768, -2.48533, 3.00522, 2, 0, 2022-11-16.19:40:51, 228
0, 0.407, -2.484, 2.6338, -10.35, -11.27, -11.04, -10.35, 0.409059, -2.48523, 3.00522, 2, 0, 2022-11-16.19:40:51, 231
0, 0.407, -2.484, 2.5848, -9.66, -10.81, -10.58, -10.58, 0.409182, -2.48521, 3.00522, 2, 0, 2022-11-16.19:40:51, 233
0, 0.407, -2.484, 2.5435, -10.35, -9.89, -10.12, -10.81, 0.411044, -2.48637, 2.89819, 2, 0, 2022-11-16.19:40:51, 236
0, 0.407, -2.484, 2.4997, -9.43, -9.89, -9.89, -8.97, 0.411399, -2.48653, 2.89819, 2, 0, 2022-11-16.19:40:51, 238
0, 0.407, -2.484, 2.4612, -9.89, -8.74, -8.51, -8.74, 0.410965, -2.48638, 2.89819, 2, 0, 2022-11-16.19:40:51, 241
0, 0.407, -2.484, 2.4356, -9.66, -8.28, -8.51, -8.51, 0.410447, -2.48519, 2.64727, 2, 0, 2022-11-16.19:40:51, 242
0, 0.407, -2.484, 2.4107, -8.28, -8.05, -9.2, -9.2, 0.410439, -2.48498, 2.64727, 2, 0, 2022-11-16.19:40:51, 244
0, 0.407, -2.484, 2.3979, -8.28, -8.05, -9.66, -8.51, 0.410123, -2.48451, 2.64727, 2, 0, 2022-11-16.19:40:51, 245
0, 0.407, -2.484, 2.3602, -8.28, -7.59, -8.51, -9.2, 0.410029, -2.4842, 2.64727, 2, 0, 2022-11-16.19:40:51, 247
0, 0.407, -2.483, 2.3369, -8.05, -7.59, -8.05, -8.97, 0.409951, -2.48395, 2.64727, 2, 0, 2022-11-16.19:40:51, 249
0, 0.407, -2.483, 2.3137, -7.82, -7.82, -8.05, -7.82, 0.411531, -2.48538, 2.55055, 2, 0, 2022-11-16.19:40:51, 251
0, 0.407, -2.483, 2.2776, -7.59, -7.36, -7.36, -7.82, 0.41185, -2.4855, 2.55055, 2, 0, 2022-11-16.19:40:51, 253
0, 0.407, -2.483, 2.2566, -7.36, -7.36, -7.59, -7.82, 0.412108, -2.48559, 2.55055, 2, 0, 2022-11-16.19:40:51, 255
0, 0.407, -2.483, 2.2455, -7.13, -7.13, -7.82, -7.36, 0.411863, -2.48561, 2.55055, 2, 0, 2022-11-16.19:40:51, 0
0, 0.407, -2.483, 2.2123, -6.9, -7.36, -7.59, -6.67, 0.411992, -2.48568, 2.55055, 2, 0, 2022-11-16.19:40:51, 2
0, 0.407, -2.483, 2.1926, -6.67, -6.9, -7.13, -6.9, 0.409419, -2.48436, 2.3697, 2, 0, 2022-11-16.19:40:51, 4
0, 0.407, -2.483, 2.1607, -6.21, -7.13, -7.13, -6.9, 0.408672, -2.48398, 2.3697, 2, 0, 2022-11-16.19:40:51, 6
0, 0.407, -2.483, 2.1407, -5.52, -6.67, -7.13, -6.9, 0.408063, -2.48367, 2.3697, 2, 0, 2022-11-16.19:40:51, 8
0, 0.407, -2.483, 2.1208, -6.21, -6.67, -6.44, -6.9, 0.407573, -2.48342, 2.3697, 2, 0, 2022-11-16.19:40:51, 10
0, 0.407, -2.483, 2.1008, -6.21, -5.98, -6.67, -7.59, 0.408222, -2.48374, 2.3697, 2, 0, 2022-11-16.19:40:51, 11
0, 0.407, -2.483, 2.0824, -6.21, -5.98, -6.44, -7.13, 0.408826, -2.48397, 2.28515, 2, 0, 2022-11-16.19:40:51, 13
0, 0.407, -2.483, 2.0657, -5.06, -5.52, -6.44, -5.98, 0.408749, -2.48392, 2.28515, 2, 0, 2022-11-16.19:40:51, 15
0, 0.406, -2.483, 2.023, -5.52, -5.52, -6.21, -3.91, 0.409519, -2.48425, 2.28515, 2, 0, 2022-11-16.19:40:51, 19
0, 0.406, -2.483, 2.0142, -5.29, -6.67, -6.44, -3.91, 0.409029, -2.4841, 2.1337, 2, 0, 2022-11-16.19:40:51, 20
0, 0.406, -2.483, 1.9975, -5.75, -6.67, -6.21, -4.6, 0.408843, -2.48404, 2.1337, 2, 0, 2022-11-16.19:40:51, 21
0, 0.406, -2.484, 1.9828, -5.06, -6.21, -5.06, -3.91, 0.408762, -2.48401, 2.1337, 2, 0, 2022-11-16.19:40:51, 23
0, 0.405, -2.484, 1.9695, -4.14, -5.52, -5.06, -3.22, 0.408682, -2.48399, 2.1337, 2, 0, 2022-11-16.19:40:51, 25
0, 0.405, -2.484, 1.9516, -4.37, -4.37, -4.37, -3.91, 0.410053, -2.48351, 2.06951, 2, 0, 2022-11-16.19:40:51, 27
0, 0.405, -2.484, 1.9406, -4.37, -3.91, -4.14, -3.68, 0.410352, -2.48336, 2.06951, 2, 0, 2022-11-16.19:40:51, 29
0, 0.405, -2.484, 1.9229, -4.37, -3.91, -3.45, -3.22, 0.410654, -2.48321, 2.06951, 2, 0, 2022-11-16.19:40:51, 31
0, 0.405, -2.484, 1.907, -3.91, -4.14, -2.53, -3.45, 0.40957, -2.48382, 1.94996, 2, 0, 2022-11-16.19:40:51, 34
0, 0.405, -2.484, 1.9021, -3.68, -3.45, -2.99, -3.45, 0.409463, -2.48389, 1.94996, 2, 0, 2022-11-16.19:40:51, 35
0, 0.405, -2.484, 1.8823, -2.99, -1.61, -2.3, -2.53, 0.40892, -2.48418, 1.94996, 2, 0, 2022-11-16.19:40:51, 39
0, 0.406, -2.484, 1.8786, -2.76, -2.07, -2.76, -2.53, 0.408737, -2.48428, 1.94996, 2, 0, 2022-11-16.19:40:51, 40
0, 0.406, -2.484, 1.8717, -2.76, -1.38, -2.53, -2.76, 0.408995, -2.48564, 1.91655, 2, 0, 2022-11-16.19:40:51, 41
0, 0.406, -2.484, 1.8626, -2.53, -1.84, -1.84, -2.53, 0.409114, -2.48601, 1.91655, 2, 0, 2022-11-16.19:40:51, 44
0, 0.406, -2.484, 1.8595, -2.53, -1.61, -2.07, -2.3, 0.409081, -2.48648, 1.91655, 2, 0, 2022-11-16.19:40:51, 45
0, 0.406, -2.484, 1.8394, -2.76, -2.3, -2.53, -2.76, 0.408778, -2.48521, 1.87004, 2, 0, 2022-11-16.19:40:51, 50
0, 0.406, -2.484, 1.8286, -2.53, -2.07, -2.53, -2.99, 0.408711, -2.48513, 1.87004, 2, 0, 2022-11-16.19:40:51, 52
0, 0.406, -2.484, 1.8096, -2.99, -2.3, -2.3, -3.22, 0.408738, -2.48498, 1.87004, 2, 0, 2022-11-16.19:40:51, 56
0, 0.406, -2.484, 1.8054, -2.76, -2.53, -2.3, -2.99, 0.408527, -2.48418, 1.81961, 2, 0, 2022-11-16.19:40:51, 57
0, 0.406, -2.484, 1.7815, -2.76, -2.99, -2.53, -2.07, 0.408355, -2.48351, 1.81961, 2, 0, 2022-11-16.19:40:51, 62
0, 0.406, -2.484, 1.7649, -2.76, -2.53, -2.3, -1.38, 0.409605, -2.48246, 1.80355, 2, 0, 2022-11-16.19:40:51, 66
0, 0.406, -2.484, 1.7617, -2.76, -2.53, -1.61, -0.92, 0.409899, -2.48246, 1.80355, 2, 0, 2022-11-16.19:40:51, 67
0, 0.406, -2.484, 1.7495, -1.84, -1.61, -1.38, -0.69, 0.410277, -2.48206, 1.80355, 2, 0, 2022-11-16.19:40:51, 71
0, 0.406, -2.484, 1.7473, -2.07, -1.84, -1.84, -0.92, 0.409705, -2.48253, 1.76989, 2, 0, 2022-11-16.19:40:51, 72
0, 0.406, -2.484, 1.7454, -1.84, -1.84, -1.61, -0.92, 0.409751, -2.48246, 1.76989, 2, 0, 2022-11-16.19:40:51, 73
0, 0.406, -2.485, 1.7372, -1.38, -1.38, -1.61, -1.38, 0.40981, -2.48236, 1.76989, 2, 0, 2022-11-16.19:40:51, 76
0, 0.406, -2.485, 1.7334, -1.15, -1.84, -1.38, -1.84, 0.409636, -2.48258, 1.76989, 2, 0, 2022-11-16.19:40:51, 78
0, 0.406, -2.485, 1.7226, -1.38, -2.07, -1.38, -2.07, 0.410136, -2.48405, 1.72412, 2, 0, 2022-11-16.19:40:51, 82
0, 0.406, -2.484, 1.7079, -1.61, -1.38, -1.61, -2.3, 0.410623, -2.48602, 1.70801, 2, 0, 2022-11-16.19:40:51, 87
0, 0.406, -2.484, 1.7032, -1.38, -1.61, -1.15, -2.3, 0.410688, -2.4864, 1.70801, 2, 0, 2022-11-16.19:40:52, 89
0, 0.407, -2.484, 1.6944, -0.92, -0.92, -1.61, -1.38, 0.410864, -2.48713, 1.70801, 2, 0, 2022-11-16.19:40:52, 92
0, 0.407, -2.484, 1.6927, -0.92, -0.92, -1.61, -0.92, 0.410965, -2.48755, 1.70801, 2, 0, 2022-11-16.19:40:52, 93
0, 0.407, -2.484, 1.6831, -0.46, -0.46, -0.69, -0.69, 0.411211, -2.48551, 1.68955, 2, 0, 2022-11-16.19:40:52, 98
0, 0.407, -2.484, 1.6813, 0, 0, 0, 0, 0.412387, -2.48489, 1.63736, 2, 0, 2022-11-16.19:40:52, 182
0, 0.407, -2.484, 1.6813, -0.23, 0, 0, 0, 0.411696, -2.4849, 1.64434, 2, 0, 2022-11-16.19:40:52, 200
0, 0.407, -2.483, 1.6808, 2.3, 0.69, -2.53, -1.61, 0.41264, -2.48374, 1.63661, 2, 0, 2022-11-16.19:40:52, 214
0, 0.407, -2.483, 1.6803, 1.61, 0.92, -2.53, -1.84, 0.412862, -2.48348, 1.63661, 2, 0, 2022-11-16.19:40:52, 215
0, 0.406, -2.482, 1.6773, 1.61, 1.84, -2.07, -2.53, 0.412052, -2.48449, 1.64097, 2, 0, 2022-11-16.19:40:52, 219
0, 0.406, -2.478, 1.672, 3.91, 3.45, -4.14, -6.44, 0.41156, -2.48512, 1.64097, 2, 0, 2022-11-16.19:40:52, 225
0, 0.406, -2.473, 1.6638, 8.05, 5.52, -5.52, -8.74, 0.410737, -2.48455, 1.63357, 2, 0, 2022-11-16.19:40:52, 230
0, 0.406, -2.472, 1.6623, 8.51, 5.98, -5.98, -8.51, 0.410514, -2.48452, 1.63357, 2, 0, 2022-11-16.19:40:52, 231
0, 0.406, -2.466, 1.6507, 8.05, 7.13, -8.28, -10.58, 0.410751, -2.48448, 1.63357, 2, 0, 2022-11-16.19:40:52, 235
0, 0.406, -2.464, 1.6484, 7.82, 8.05, -8.74, -11.27, 0.41066, -2.48444, 1.63357, 2, 0, 2022-11-16.19:40:52, 236
0, 0.406, -2.463, 1.6469, 8.51, 9.2, -9.43, -12.19, 0.411041, -2.48193, 1.62779, 2, 0, 2022-11-16.19:40:52, 237
0, 0.406, -2.452, 1.6419, 11.5, 12.19, -10.35, -14.95, 0.411238, -2.48041, 1.62779, 2, 0, 2022-11-16.19:40:52, 242
0, 0.407, -2.441, 1.6412, 14.49, 14.95, -11.73, -19.09, 0.41156, -2.47721, 1.61913, 2, 0, 2022-11-16.19:40:52, 246
0, 0.407, -2.439, 1.6416, 14.95, 15.87, -11.96, -19.55, 0.411658, -2.47614, 1.61913, 2, 0, 2022-11-16.19:40:52, 247
0, 0.409, -2.426, 1.6394, 17.71, 17.02, -14.26, -21.16, 0.411868, -2.47361, 1.61913, 2, 0, 2022-11-16.19:40:52, 251
0, 0.409, -2.417, 1.6399, 19.55, 17.02, -15.41, -21.39, 0.411957, -2.47259, 1.61913, 2, 0, 2022-11-16.19:40:53, 253
0, 0.408, -2.408, 1.6378, 23.93, 19.32, -17.94, -22.08, 0.413522, -2.4653, 1.60867, 2, 0, 2022-11-16.19:40:53, 0
0, 0.408, -2.398, 1.6299, 25.77, 19.55, -18.17, -24.16, 0.413937, -2.46294, 1.60867, 2, 0, 2022-11-16.19:40:53, 2
0, 0.407, -2.384, 1.6204, 22.77, 20.47, -22.08, -25.54, 0.414524, -2.4596, 1.60867, 2, 0, 2022-11-16.19:40:53, 5
0, 0.407, -2.377, 1.6181, 24.85, 23.23, -22.08, -28.3, 0.413813, -2.46396, 1.60867, 2, 0, 2022-11-16.19:40:53, 7
0, 0.407, -2.373, 1.6178, 26.69, 23.46, -22.08, -28.53, 0.415785, -2.44838, 1.59739, 2, 0, 2022-11-16.19:40:53, 8
0, 0.407, -2.361, 1.6133, 28.99, 24.85, -23, -29.45, 0.41629, -2.44466, 1.59739, 2, 0, 2022-11-16.19:40:53, 10
0, 0.407, -2.356, 1.611, 29.45, 26.69, -24.62, -30.14, 0.416763, -2.44053, 1.59739, 2, 0, 2022-11-16.19:40:53, 11
0, 0.407, -2.343, 1.6028, 28.3, 25.54, -23, -32.9, 0.417354, -2.43599, 1.59739, 2, 0, 2022-11-16.19:40:53, 14
0, 0.407, -2.335, 1.5982, 29.68, 23.93, -23.7, -32.9, 0.417806, -2.43252, 1.59739, 2, 0, 2022-11-16.19:40:53, 15
0, 0.407, -2.325, 1.5967, 31.52, 28.3, -26.69, -37.04, 0.416792, -2.42517, 1.59687, 2, 0, 2022-11-16.19:40:53, 17
0, 0.408, -2.301, 1.597, 34.97, 29.45, -24.85, -34.05, 0.417148, -2.41596, 1.59687, 2, 0, 2022-11-16.19:40:53, 21
0, 0.408, -2.296, 1.5955, 35.89, 30.37, -25.77, -36.12, 0.416746, -2.4223, 1.59687, 2, 0, 2022-11-16.19:40:53, 22
0, 0.408, -2.28, 1.5859, 38.65, 32.44, -30.6, -38.88, 0.416774, -2.4207, 1.59687, 2, 0, 2022-11-16.19:40:53, 24
0, 0.408, -2.275, 1.5835, 39.11, 30.37, -32.21, -39.8, 0.422764, -2.39468, 1.57699, 2, 0, 2022-11-16.19:40:53, 25
0, 0.408, -2.263, 1.5794, 38.42, 29.68, -30.14, -40.03, 0.42462, -2.38697, 1.57699, 2, 0, 2022-11-16.19:40:53, 27
0, 0.408, -2.247, 1.5736, 39.11, 33.36, -29.22, -39.34, 0.425971, -2.38045, 1.57699, 2, 0, 2022-11-16.19:40:53, 29
0, 0.409, -2.235, 1.5646, 40.72, 38.19, -32.67, -41.41, 0.427702, -2.37209, 1.57699, 2, 0, 2022-11-16.19:40:53, 31
0, 0.41, -2.223, 1.5536, 38.88, 37.96, -35.2, -43.94, 0.429039, -2.36565, 1.57699, 2, 0, 2022-11-16.19:40:53, 33
0, 0.411, -2.211, 1.5423, 38.19, 35.89, -34.51, -46.01, 0.428788, -2.35745, 1.54989, 2, 0, 2022-11-16.19:40:53, 34
0, 0.413, -2.192, 1.5384, 43.25, 36.81, -35.2, -48.32, 0.430649, -2.34512, 1.54989, 2, 0, 2022-11-16.19:40:53, 37
0, 0.413, -2.186, 1.5378, 45.78, 39.8, -35.2, -47.16, 0.431382, -2.33587, 1.54989, 2, 0, 2022-11-16.19:40:53, 38
0, 0.417, -2.145, 1.5033, 51.31, 38.42, -38.88, -50.62, 0.439155, -2.30999, 1.534, 2, 0, 2022-11-16.19:40:53, 43
0, 0.417, -2.131, 1.488, 51.54, 34.97, -38.42, -50.62, 0.441527, -2.30331, 1.534, 2, 0, 2022-11-16.19:40:53, 44
0, 0.419, -2.11, 1.4756, 47.86, 41.41, -39.57, -52.23, 0.444006, -2.29389, 1.534, 2, 0, 2022-11-16.19:40:53, 47
0, 0.421, -2.096, 1.4672, 48.78, 41.64, -40.95, -52.23, 0.445985, -2.28637, 1.534, 2, 0, 2022-11-16.19:40:53, 48
0, 0.423, -2.081, 1.4595, 49.24, 43.48, -43.71, -52.69, 0.442184, -2.30279, 1.534, 2, 0, 2022-11-16.19:40:53, 50
0, 0.428, -2.051, 1.4516, 53.15, 46.24, -42.1, -55.22, 0.450893, -2.25922, 1.49474, 2, 0, 2022-11-16.19:40:53, 53
0, 0.429, -2.043, 1.4491, 55.22, 45.32, -43.25, -55.91, 0.453579, -2.24682, 1.49474, 2, 0, 2022-11-16.19:40:53, 54
0, 0.43, -2.036, 1.4476, 57.52, 45.55, -43.02, -56.14, 0.454857, -2.23834, 1.49474, 2, 0, 2022-11-16.19:40:53, 55
0, 0.435, -2.003, 1.4368, 61.66, 51.54, -45.32, -60.05, 0.457305, -2.22633, 1.49474, 2, 0, 2022-11-16.19:40:53, 58
0, 0.436, -1.994, 1.4321, 59.59, 49.47, -46.01, -58.9, 0.463907, -2.21043, 1.4404, 2, 0, 2022-11-16.19:40:53, 59
0, 0.443, -1.945, 1.4199, 60.97, 52.46, -51.54, -60.28, 0.471758, -2.18459, 1.4404, 2, 0, 2022-11-16.19:40:53, 64
0, 0.445, -1.936, 1.4188, 63.04, 54.07, -50.62, -60.97, 0.475341, -2.17208, 1.4404, 2, 0, 2022-11-16.19:40:53, 65
0, 0.45, -1.892, 1.4027, 66.49, 49.24, -52, -62.12, 0.469088, -2.19585, 1.4404, 2, 0, 2022-11-16.19:40:53, 69
0, 0.453, -1.873, 1.3978, 68.33, 51.77, -55.68, -64.88, 0.480949, -2.14184, 1.39664, 2, 0, 2022-11-16.19:40:53, 71
0, 0.454, -1.864, 1.3946, 69.02, 52.23, -56.83, -64.88, 0.4841, -2.12703, 1.39664, 2, 0, 2022-11-16.19:40:53, 72
0, 0.457, -1.845, 1.3913, 68.79, 52.69, -58.44, -63.96, 0.487852, -2.11074, 1.39664, 2, 0, 2022-11-16.19:40:53, 73
0, 0.461, -1.807, 1.3868, 72.02, 54.07, -57.75, -62.58, 0.49232, -2.09135, 1.39664, 2, 0, 2022-11-16.19:40:53, 77
0, 0.465, -1.778, 1.3766, 75.24, 58.21, -57.98, -66.72, 0.493619, -2.09444, 1.38754, 2, 0, 2022-11-16.19:40:53, 79
0, 0.468, -1.758, 1.3673, 78.92, 54.76, -61.2, -68.56, 0.496652, -2.08342, 1.38754, 2, 0, 2022-11-16.19:40:53, 81
0, 0.469, -1.747, 1.362, 76.39, 53.15, -60.97, -67.64, 0.49854, -2.0801, 1.38754, 2, 0, 2022-11-16.19:40:53, 82
0, 0.475, -1.708, 1.3498, 71.1, 54.99, -63.5, -67.41, 0.500656, -2.07325, 1.38754, 2, 0, 2022-11-16.19:40:53, 85
0, 0.477, -1.698, 1.3486, 72.94, 55.91, -63.73, -67.64, 0.503356, -2.06451, 1.38754, 2, 0, 2022-11-16.19:40:53, 86
0, 0.478, -1.688, 1.3486, 75.7, 57.06, -63.27, -68.79, 0.503356, -2.06451, 1.38754, 2, 0, 2022-11-16.19:40:53, 87
0, 0.493, -1.571, 1.3347, 82.83, 57.52, -70.63, -70.17, 0.538111, -1.9468, 1.31053, 2, 0, 2022-11-16.19:40:53, 96
0, 0.502, -1.492, 1.3244, 87.89, 54.3, -71.79, -72.25, 0.564873, -1.86377, 1.30794, 2, 0, 2022-11-16.19:40:53, 102
0, 0.504, -1.469, 1.322, 86.51, 54.53, -71.79, -72.25, 0.58418, -1.80381, 1.30794, 2, 0, 2022-11-16.19:40:53, 103
0, 0.51, -1.4, 1.3172, 86.28, 55.91, -79.61, -68.33, 0.604295, -1.7374, 1.30794, 2, 0, 2022-11-16.19:40:53, 108
0, 0.513, -1.354, 1.3215, 92.26, 54.07, -74.09, -70.4, 0.609025, -1.72246, 1.29825, 2, 0, 2022-11-16.19:40:53, 112
0, 0.517, -1.284, 1.3168, 90.42, 54.07, -75.93, -67.64, 0.614955, -1.70163, 1.2746, 2, 0, 2022-11-16.19:40:53, 117
0, 0.518, -1.261, 1.3113, 89.96, 53.61, -77.31, -67.18, 0.620862, -1.68234, 1.2746, 2, 0, 2022-11-16.19:40:53, 118
0, 0.52, -1.215, 1.3204, 90.42, 54.76, -81.91, -67.41, 0.631896, -1.64571, 1.2746, 2, 0, 2022-11-16.19:40:53, 122
0, 0.521, -1.191, 1.3298, 92.49, 54.76, -80.3, -67.18, 0.637973, -1.6257, 1.2746, 2, 0, 2022-11-16.19:40:53, 123
0, 0.521, -1.179, 1.3319, 94.56, 54.76, -76.16, -67.64, 0.65032, -1.58253, 1.28187, 2, 0, 2022-11-16.19:40:53, 124
0, 0.523, -1.12, 1.3236, 93.18, 51.31, -78.46, -66.26, 0.655975, -1.56277, 1.28187, 2, 0, 2022-11-16.19:40:53, 128
0, 0.523, -1.109, 1.3236, 87.66, 51.08, -80.3, -67.18, 0.662495, -1.54059, 1.28187, 2, 0, 2022-11-16.19:40:53, 129
0, 0.523, -1.086, 1.3291, 85.13, 50.62, -82.37, -66.03, 0.669659, -1.5184, 1.27307, 2, 0, 2022-11-16.19:40:53, 131
0, 0.523, -1.051, 1.3432, 90.42, 52.23, -82.14, -66.26, 0.67379, -1.50511, 1.27307, 2, 0, 2022-11-16.19:40:53, 133
0, 0.523, -1.028, 1.3516, 95.72, 54.3, -75.93, -67.18, 0.679902, -1.48497, 1.27307, 2, 0, 2022-11-16.19:40:53, 135
0, 0.523, -1.004, 1.3531, 94.1, 51.77, -72.71, -66.49, 0.684944, -1.46835, 1.27307, 2, 0, 2022-11-16.19:40:53, 137
0, 0.523, -0.981, 1.3497, 90.19, 50.62, -75.47, -65.34, 0.675098, -1.50108, 1.27307, 2, 0, 2022-11-16.19:40:53, 138
0, 0.523, -0.97, 1.3509, 88.12, 49.93, -78.46, -66.26, 0.692032, -1.43357, 1.28284, 2, 0, 2022-11-16.19:40:53, 139
0, 0.522, -0.947, 1.3571, 86.51, 48.55, -82.37, -64.42, 0.697439, -1.41307, 1.28284, 2, 0, 2022-11-16.19:40:53, 141
0, 0.522, -0.936, 1.3618, 89.73, 48.55, -82.83, -65.11, 0.703226, -1.39113, 1.28284, 2, 0, 2022-11-16.19:40:53, 142
0, 0.52, -0.901, 1.3777, 91.11, 48.09, -82.14, -65.57, 0.707649, -1.37129, 1.28284, 2, 0, 2022-11-16.19:40:53, 144
0, 0.518, -0.877, 1.3898, 95.49, 52.46, -75.7, -65.57, 0.71418, -1.32912, 1.32693, 2, 0, 2022-11-16.19:40:53, 146
0, 0.516, -0.842, 1.3941, 95.72, 52, -78.23, -65.57, 0.719217, -1.30529, 1.32693, 2, 0, 2022-11-16.19:40:53, 148
0, 0.514, -0.819, 1.3959, 94.1, 50.85, -81.45, -64.42, 0.718717, -1.30194, 1.32693, 2, 0, 2022-11-16.19:40:53, 150
0, 0.513, -0.807, 1.4003, 92.26, 49.7, -83.29, -63.5, 0.722061, -1.2848, 1.32693, 2, 0, 2022-11-16.19:40:53, 151
0, 0.507, -0.76, 1.4201, 88.58, 51.31, -82.83, -64.65, 0.728904, -1.24698, 1.32799, 2, 0, 2022-11-16.19:40:53, 154
0, 0.506, -0.749, 1.4284, 90.19, 50.39, -81.68, -64.65, 0.732393, -1.22796, 1.32799, 2, 0, 2022-11-16.19:40:53, 155
0, 0.497, -0.679, 1.4597, 95.26, 51.77, -82.14, -62.12, 0.741689, -1.17844, 1.32799, 2, 0, 2022-11-16.19:40:53, 160
0, 0.493, -0.656, 1.468, 92.03, 51.08, -82.83, -62.35, 0.741239, -1.15984, 1.37839, 2, 0, 2022-11-16.19:40:53, 161
0, 0.479, -0.576, 1.5037, 90.42, 49.24, -83.06, -62.58, 0.750992, -1.0878, 1.37839, 2, 0, 2022-11-16.19:40:54, 167
0, 0.466, -0.519, 1.5302, 90.88, 48.32, -82.37, -63.73, 0.759476, -1.01246, 1.42906, 2, 0, 2022-11-16.19:40:54, 171
0, 0.463, -0.508, 1.5372, 92.49, 47.86, -81.68, -64.42, 0.75988, -1.00523, 1.42906, 2, 0, 2022-11-16.19:40:54, 172
0, 0.455, -0.473, 1.5541, 95.49, 51.77, -81.91, -64.65, 0.764175, -0.969353, 1.42906, 2, 0, 2022-11-16.19:40:54, 175
0, 0.449, -0.45, 1.5622, 93.41, 52, -80.3, -64.65, 0.761003, -0.951468, 1.45899, 2, 0, 2022-11-16.19:40:54, 176
0, 0.432, -0.383, 1.5914, 92.26, 51.31, -81.22, -64.88, 0.762798, -0.905007, 1.45899, 2, 0, 2022-11-16.19:40:54, 181
0, 0.428, -0.371, 1.5971, 91.57, 49.93, -82.14, -65.8, 0.759962, -0.944232, 1.45899, 2, 0, 2022-11-16.19:40:54, 182
0, 0.419, -0.338, 1.6177, 90.65, 51.31, -81.45, -66.49, 0.762913, -0.860819, 1.53856, 2, 0, 2022-11-16.19:40:54, 185
0, 0.412, -0.315, 1.6361, 94.33, 54.53, -79.84, -66.26, 0.763626, -0.840304, 1.53856, 2, 0, 2022-11-16.19:40:54, 186
0, 0.405, -0.292, 1.6473, 93.64, 54.99, -76.62, -67.41, 0.764462, -0.817432, 1.53856, 2, 0, 2022-11-16.19:40:54, 188
0, 0.391, -0.247, 1.665, 93.41, 53.84, -80.07, -68.33, 0.764502, -0.759143, 1.56938, 2, 0, 2022-11-16.19:40:54, 191
0, 0.383, -0.224, 1.6736, 92.03, 54.53, -80.53, -69.02, 0.764911, -0.733582, 1.56938, 2, 0, 2022-11-16.19:40:54, 193
0, 0.38, -0.213, 1.6787, 88.35, 55.22, -78.92, -69.25, 0.76446, -0.723342, 1.56938, 2, 0, 2022-11-16.19:40:54, 194
0, 0.37, -0.18, 1.6936, 89.96, 54.76, -77.77, -71.56, 0.764697, -0.697488, 1.56938, 2, 0, 2022-11-16.19:40:54, 196
0, 0.362, -0.157, 1.7039, 92.03, 57.06, -80.07, -72.94, 0.764886, -0.676981, 1.56938, 2, 0, 2022-11-16.19:40:54, 198
0, 0.344, -0.1, 1.7232, 90.42, 56.37, -74.78, -74.32, 0.761942, -0.632415, 1.62773, 2, 0, 2022-11-16.19:40:54, 202
0, 0.341, -0.089, 1.7257, 92.49, 55.91, -74.78, -74.78, 0.761626, -0.61431, 1.62773, 2, 0, 2022-11-16.19:40:54, 203
0, 0.323, -0.032, 1.7312, 90.88, 57.29, -77.77, -76.39, 0.756343, -0.589303, 1.69273, 2, 0, 2022-11-16.19:40:54, 207
0, 0.319, -0.021, 1.7331, 88.58, 57.29, -76.85, -76.16, 0.75468, -0.565705, 1.69273, 2, 0, 2022-11-16.19:40:54, 208
0, 0.312, 0.001, 1.735, 92.72, 56.14, -78.69, -77.54, 0.753326, -0.546495, 1.69273, 2, 0, 2022-11-16.19:40:54, 210
0, 0.3, 0.036, 1.7355, 92.26, 56.37, -79.61, -78.46, 0.750664, -0.519683, 1.69273, 2, 0, 2022-11-16.19:40:54, 212
0, 0.292, 0.059, 1.7347, 94.8, 56.14, -78.69, -78.92, 0.745738, -0.478507, 1.72161, 2, 0, 2022-11-16.19:40:54, 214
0, 0.267, 0.141, 1.7181, 88.81, 55.91, -79.15, -80.53, 0.738172, -0.405764, 1.72161, 2, 0, 2022-11-16.19:40:54, 220
0, 0.234, 0.268, 1.6895, 87.89, 56.14, -74.78, -80.76, 0.706363, -0.31643, 1.68876, 2, 0, 2022-11-16.19:40:54, 229
0, 0.231, 0.279, 1.6838, 88.81, 55.45, -75.47, -80.3, 0.700929, -0.300078, 1.68876, 2, 0, 2022-11-16.19:40:54, 230
0, 0.218, 0.338, 1.6603, 87.43, 55.91, -78, -81.68, 0.697252, -0.259942, 1.68746, 2, 0, 2022-11-16.19:40:54, 234
0, 0.213, 0.361, 1.653, 86.74, 57.06, -78, -81.91, 0.694996, -0.231962, 1.67756, 2, 0, 2022-11-16.19:40:54, 235
0, 0.211, 0.373, 1.6493, 86.97, 57.75, -77.08, -82.37, 0.69152, -0.211801, 1.67756, 2, 0, 2022-11-16.19:40:54, 236
0, 0.2, 0.433, 1.6323, 88.81, 59.36, -75.24, -81.22, 0.685096, -0.130724, 1.64086, 2, 0, 2022-11-16.19:40:54, 240
0, 0.18, 0.59, 1.605, 90.19, 66.72, -75.24, -86.74, 0.676936, -0.055346, 1.60586, 2, 0, 2022-11-16.19:40:54, 251
0, 0.17, 0.727, 1.5979, 90.65, 71.33, -75.7, -87.66, 0.655613, 0.125643, 1.59141, 2, 0, 2022-11-16.19:40:54, 4
0, 0.169, 0.753, 1.5951, 91.57, 69.94, -76.16, -88.35, 0.654342, 0.141858, 1.58775, 2, 0, 2022-11-16.19:40:54, 6
0, 0.164, 0.815, 1.5922, 91.57, 67.87, -74.78, -84.21, 0.646475, 0.210325, 1.58775, 2, 0, 2022-11-16.19:40:54, 10
0, 0.163, 0.828, 1.5911, 91.57, 69.48, -75.47, -84.67, 0.653824, 0.173953, 1.5774, 2, 0, 2022-11-16.19:40:54, 11
0, 0.159, 0.904, 1.5781, 89.5, 67.64, -75.93, -86.51, 0.650391, 0.21863, 1.5774, 2, 0, 2022-11-16.19:40:54, 16
0, 0.158, 0.917, 1.5781, 90.19, 65.34, -75.24, -85.13, 0.651066, 0.234779, 1.56748, 2, 0, 2022-11-16.19:40:54, 17
0, 0.155, 0.967, 1.5744, 90.65, 68.1, -74.78, -86.28, 0.651623, 0.232938, 1.56748, 2, 0, 2022-11-16.19:40:54, 20
0, 0.155, 0.979, 1.5735, 91.8, 69.25, -75.47, -86.51, 0.651276, 0.241771, 1.56748, 2, 0, 2022-11-16.19:40:54, 21
0, 0.151, 1.055, 1.5646, 89.04, 68.1, -75.47, -84.44, 0.650695, 0.284318, 1.56449, 2, 0, 2022-11-16.19:40:54, 26
0, 0.15, 1.068, 1.5639, 89.73, 67.64, -75.47, -84.44, 0.650787, 0.30282, 1.55602, 2, 0, 2022-11-16.19:40:54, 27
0, 0.147, 1.13, 1.5589, 90.65, 69.02, -76.16, -84.67, 0.650632, 0.31813, 1.55602, 2, 0, 2022-11-16.19:40:54, 31
0, 0.143, 1.205, 1.5544, 90.65, 64.65, -76.39, -83.75, 0.649544, 0.511701, 1.52424, 2, 0, 2022-11-16.19:40:54, 36
0, 0.137, 1.293, 1.5513, 89.96, 65.11, -77.77, -81.91, 0.651834, 0.620305, 1.52231, 2, 0, 2022-11-16.19:40:54, 42
0, 0.136, 1.317, 1.5479, 88.81, 64.88, -77.08, -81.91, 0.652105, 0.652251, 1.52231, 2, 0, 2022-11-16.19:40:54, 43
0, 0.133, 1.367, 1.5498, 89.73, 64.42, -75.01, -81.45, 0.655952, 0.687741, 1.52083, 2, 0, 2022-11-16.19:40:54, 47
0, 0.131, 1.391, 1.5498, 90.19, 63.96, -75.47, -81.91, 0.656766, 0.693434, 1.52083, 2, 0, 2022-11-16.19:40:54, 48
0, 0.131, 1.403, 1.5498, 89.73, 63.5, -75.24, -81.22, 0.657591, 0.716543, 1.52083, 2, 0, 2022-11-16.19:40:54, 49
0, 0.128, 1.44, 1.5491, 90.42, 62.35, -75.01, -80.53, 0.659586, 0.751163, 1.51312, 2, 0, 2022-11-16.19:40:54, 52
0, 0.127, 1.464, 1.5495, 88.35, 62.12, -75.24, -79.84, 0.660849, 0.781063, 1.51312, 2, 0, 2022-11-16.19:40:54, 53
0, 0.126, 1.476, 1.5512, 87.2, 61.89, -75.47, -80.07, 0.661866, 0.805153, 1.51312, 2, 0, 2022-11-16.19:40:54, 54
0, 0.12, 1.548, 1.5557, 88.58, 61.43, -74.78, -79.84, 0.661348, 0.818894, 1.51172, 2, 0, 2022-11-16.19:40:54, 59
0, 0.116, 1.608, 1.563, 88.35, 63.04, -74.09, -78.46, 0.666418, 0.90639, 1.52451, 2, 0, 2022-11-16.19:40:54, 63
0, 0.115, 1.619, 1.5622, 87.89, 63.73, -70.63, -78, 0.667064, 0.914039, 1.52451, 2, 0, 2022-11-16.19:40:54, 64
0, 0.11, 1.69, 1.5551, 88.35, 60.74, -69.48, -74.09, 0.669859, 0.977536, 1.52908, 2, 0, 2022-11-16.19:40:54, 69
0, 0.109, 1.701, 1.5545, 82.37, 60.28, -70.63, -73.86, 0.671298, 1.00796, 1.52908, 2, 0, 2022-11-16.19:40:54, 70
0, 0.1, 1.824, 1.5403, 79.84, 58.44, -69.71, -73.17, 0.673083, 1.13195, 1.52659, 2, 0, 2022-11-16.19:40:55, 79
0, 0.099, 1.846, 1.5412, 80.53, 57.29, -67.87, -70.63, 0.673948, 1.16033, 1.52659, 2, 0, 2022-11-16.19:40:55, 81
0, 0.096, 1.889, 1.534, 78.92, 54.76, -68.1, -69.48, 0.674155, 1.15912, 1.52659, 2, 0, 2022-11-16.19:40:55, 84
0, 0.095, 1.9, 1.5323, 79.38, 53.84, -68.33, -68.79, 0.67586, 1.20246, 1.51567, 2, 0, 2022-11-16.19:40:55, 85
0, 0.094, 1.911, 1.5313, 78, 53.84, -67.64, -67.87, 0.676779, 1.22766, 1.51567, 2, 0, 2022-11-16.19:40:55, 86
0, 0.091, 1.964, 1.5269, 78, 52.46, -66.26, -69.48, 0.678061, 1.26281, 1.51567, 2, 0, 2022-11-16.19:40:55, 90
0, 0.09, 1.974, 1.5257, 77.54, 52, -66.03, -69.48, 0.675811, 1.29978, 1.51884, 2, 0, 2022-11-16.19:40:55, 91
0, 0.086, 2.026, 1.5232, 75.93, 49.7, -66.03, -65.8, 0.6762, 1.3495, 1.51884, 2, 0, 2022-11-16.19:40:55, 95
0, 0.084, 2.057, 1.5228, 77.08, 48.32, -65.8, -68.79, 0.67573, 1.37194, 1.50227, 2, 0, 2022-11-16.19:40:55, 97
0, 0.081, 2.087, 1.524, 76.39, 48.78, -65.11, -68.1, 0.675581, 1.37942, 1.50227, 2, 0, 2022-11-16.19:40:55, 100
0, 0.076, 2.158, 1.5198, 74.55, 47.86, -62.81, -63.73, 0.675024, 1.4636, 1.50216, 2, 0, 2022-11-16.19:40:55, 105
0, 0.074, 2.178, 1.5207, 72.25, 47.63, -62.58, -63.73, 0.675501, 1.50115, 1.49073, 2, 0, 2022-11-16.19:40:55, 107
0, 0.07, 2.226, 1.5235, 71.79, 45.78, -61.66, -60.05, 0.675659, 1.53881, 1.49073, 2, 0, 2022-11-16.19:40:55, 111
0, 0.069, 2.235, 1.523, 71.33, 46.01, -61.66, -59.59, 0.675721, 1.5641, 1.49073, 2, 0, 2022-11-16.19:40:55, 112
0, 0.063, 2.292, 1.5288, 71.33, 47.86, -60.51, -59.36, 0.674122, 1.62678, 1.50284, 2, 0, 2022-11-16.19:40:55, 117
0, 0.062, 2.301, 1.5288, 71.33, 47.16, -60.05, -57.75, 0.673141, 1.62443, 1.50044, 2, 0, 2022-11-16.19:40:55, 118
0, 0.056, 2.356, 1.5404, 68.79, 43.71, -58.67, -56.14, 0.671988, 1.67483, 1.50044, 2, 0, 2022-11-16.19:40:55, 123
0, 0.051, 2.401, 1.5524, 67.87, 45.32, -55.45, -53.84, 0.669638, 1.7366, 1.50987, 2, 0, 2022-11-16.19:40:55, 127
0, 0.049, 2.409, 1.5572, 67.18, 44.4, -55.68, -53.15, 0.668874, 1.77216, 1.51711, 2, 0, 2022-11-16.19:40:55, 128
0, 0.041, 2.469, 1.5795, 64.19, 44.17, -53.84, -53.61, 0.667301, 1.8312, 1.51711, 2, 0, 2022-11-16.19:40:55, 134
0, 0.035, 2.502, 1.5934, 62.58, 39.11, -52.46, -48.55, 0.66635, 1.86984, 1.53907, 2, 0, 2022-11-16.19:40:55, 137
0, 0.023, 2.556, 1.6176, 60.28, 36.12, -50.16, -49.24, 0.661467, 1.93895, 1.55636, 2, 0, 2022-11-16.19:40:55, 143
0, 0.022, 2.564, 1.6209, 58.67, 31.75, -49.24, -48.09, 0.661487, 1.92738, 1.55636, 2, 0, 2022-11-16.19:40:55, 144
0, 0.012, 2.599, 1.6398, 56.83, 29.22, -48.09, -43.48, 0.659561, 1.97771, 1.5781, 2, 0, 2022-11-16.19:40:55, 148
0, 0.005, 2.619, 1.6508, 54.76, 29.22, -46.01, -39.57, 0.658538, 1.99847, 1.5781, 2, 0, 2022-11-16.19:40:55, 150
0, -0.001, 2.637, 1.6585, 51.54, 20.01, -45.32, -33.82, 0.656302, 2.03399, 1.61135, 2, 0, 2022-11-16.19:40:55, 153
0, -0.056, 2.709, 1.8401, 50.85, 12.19, -42.33, -23, 0.646444, 2.14064, 1.65247, 2, 0, 2022-11-16.19:40:55, 165
0, -0.06, 2.713, 1.8634, 49.93, 15.64, -42.1, -23.23, 0.6446, 2.15823, 1.65247, 2, 0, 2022-11-16.19:40:55, 166
0, -0.082, 2.736, 1.9543, 40.49, 8.97, -35.66, -19.32, 0.635038, 2.20584, 1.731, 2, 0, 2022-11-16.19:40:55, 171
0, -0.097, 2.747, 2.0134, 35.43, 6.67, -34.74, -20.7, 0.63057, 2.23479, 1.85955, 2, 0, 2022-11-16.19:40:55, 174
0, -0.1, 2.749, 2.0313, 33.13, 5.75, -34.97, -20.24, 0.6276, 2.25419, 1.85955, 2, 0, 2022-11-16.19:40:55, 175
0, -0.104, 2.751, 2.048, 31.29, 5.06, -34.97, -20.01, 0.6298, 2.23968, 1.85955, 2, 0, 2022-11-16.19:40:55, 176
0, -0.124, 2.763, 2.1571, 24.16, 5.29, -33.82, -15.64, 0.619499, 2.2796, 1.96818, 2, 0, 2022-11-16.19:40:55, 181
0, -0.14, 2.77, 2.2494, 21.39, 6.44, -32.21, -16.1, 0.609659, 2.30991, 2.08871, 2, 0, 2022-11-16.19:40:55, 185
0, -0.158, 2.778, 2.3481, 16.33, 6.21, -29.45, -18.63, 0.600123, 2.34315, 2.22532, 2, 0, 2022-11-16.19:40:55, 190
0, -0.163, 2.78, 2.3731, 14.72, 21.16, -23.46, -19.55, 0.601245, 2.33828, 2.22532, 2, 0, 2022-11-16.19:40:55, 192
0, -0.169, 2.789, 2.3803, 7.13, 11.04, -14.49, -19.32, 0.5988, 2.35734, 2.32776, 2, 0, 2022-11-16.19:40:55, 195
0, -0.172, 2.794, 2.3757, 4.83, 5.98, -14.03, -20.01, 0.59688, 2.36655, 2.32776, 2, 0, 2022-11-16.19:40:55, 197
0, -0.183, 2.813, 2.3004, 5.06, 5.98, -10.35, -18.86, 0.597036, 2.39493, 2.3806, 2, 0, 2022-11-16.19:40:55, 208
0, -0.185, 2.817, 2.2771, 2.3, 3.22, -11.27, -14.95, 0.595353, 2.40362, 2.34139, 2, 0, 2022-11-16.19:40:55, 211
0, -0.187, 2.82, 2.2527, 3.68, 2.53, -12.42, -13.8, 0.594393, 2.40992, 2.34139, 2, 0, 2022-11-16.19:40:55, 213
0, -0.191, 2.826, 2.2178, 4.83, 3.22, -12.65, -16.79, 0.593694, 2.40828, 2.28059, 2, 0, 2022-11-16.19:40:55, 217
0, -0.192, 2.828, 2.2105, 4.83, 3.45, -13.34, -15.41, 0.592861, 2.41213, 2.28059, 2, 0, 2022-11-16.19:40:55, 218
0, -0.196, 2.833, 2.1736, 5.29, 1.61, -13.8, -14.49, 0.588796, 2.41678, 2.22766, 2, 0, 2022-11-16.19:40:55, 222
0, -0.198, 2.835, 2.1584, 5.75, 2.53, -12.65, -13.34, 0.586757, 2.42134, 2.22766, 2, 0, 2022-11-16.19:40:55, 224
0, -0.202, 2.839, 2.1321, 6.9, 2.3, -14.26, -10.81, 0.585584, 2.42325, 2.18089, 2, 0, 2022-11-16.19:40:55, 227
0, -0.203, 2.84, 2.1258, 7.13, 2.3, -14.72, -10.35, 0.585302, 2.42366, 2.18089, 2, 0, 2022-11-16.19:40:55, 228
0, -0.21, 2.845, 2.1001, 8.97, 2.99, -15.64, -11.04, 0.580262, 2.42844, 2.14441, 2, 0, 2022-11-16.19:40:55, 233
0, -0.211, 2.847, 2.0973, 9.89, 2.99, -14.95, -11.27, 0.5785, 2.43054, 2.14441, 2, 0, 2022-11-16.19:40:55, 234
0, -0.217, 2.852, 2.0769, 7.59, 3.22, -14.03, -12.42, 0.576099, 2.43334, 2.10143, 2, 0, 2022-11-16.19:40:55, 238
0, -0.218, 2.853, 2.0727, 7.36, 2.99, -14.03, -12.65, 0.574201, 2.43568, 2.10143, 2, 0, 2022-11-16.19:40:56, 239
0, -0.219, 2.854, 2.0674, 7.59, 2.99, -14.03, -12.42, 0.572668, 2.43758, 2.10143, 2, 0, 2022-11-16.19:40:56, 240
0, -0.223, 2.859, 2.0442, 7.82, 1.15, -14.95, -13.11, 0.570737, 2.43996, 2.10143, 2, 0, 2022-11-16.19:40:56, 243
0, -0.224, 2.86, 2.0392, 7.82, 1.84, -15.41, -12.65, 0.57011, 2.44014, 2.08293, 2, 0, 2022-11-16.19:40:56, 244
0, -0.23, 2.866, 2.0005, 3.45, -4.37, -18.86, -15.87, 0.562217, 2.44896, 2.0636, 2, 0, 2022-11-16.19:40:56, 249
0, -0.231, 2.867, 1.993, 4.14, -4.6, -19.09, -16.56, 0.560157, 2.45124, 2.0636, 2, 0, 2022-11-16.19:40:56, 250
0, -0.236, 2.873, 1.9258, -1.38, -7.36, -21.16, -18.17, 0.556511, 2.45533, 2.0636, 2, 0, 2022-11-16.19:40:56, 254
0, -0.237, 2.874, 1.9102, -2.53, -8.05, -20.7, -18.17, 0.55444, 2.45818, 2.00986, 2, 0, 2022-11-16.19:40:56, 255
0, -0.238, 2.874, 1.8927, -2.99, -8.74, -21.16, -16.56, 0.551838, 2.46124, 2.00986, 2, 0, 2022-11-16.19:40:56, 0
0, -0.242, 2.879, 1.7796, -5.06, -11.96, -21.85, -18.17, 0.549353, 2.46323, 1.9045, 2, 0, 2022-11-16.19:40:56, 5
0, -0.248, 2.886, 1.5516, -10.58, -14.72, -19.55, -14.72, 0.53778, 2.47639, 1.76662, 2, 0, 2022-11-16.19:40:56, 14
0, -0.249, 2.887, 1.4875, -11.5, -16.33, -17.71, -15.41, 0.538822, 2.47657, 1.62647, 2, 0, 2022-11-16.19:40:56, 16
0, -0.25, 2.888, 1.4003, -11.73, -15.18, -12.88, -15.87, 0.538079, 2.47806, 1.62647, 2, 0, 2022-11-16.19:40:56, 20
0, -0.25, 2.888, 1.3568, -11.73, -14.95, -12.65, -16.79, 0.536576, 2.47941, 1.46731, 2, 0, 2022-11-16.19:40:56, 21
0, -0.25, 2.888, 1.2445, -11.04, -11.73, -9.43, -9.43, 0.535559, 2.48037, 1.46731, 2, 0, 2022-11-16.19:40:56, 26
0, -0.25, 2.887, 1.179, -11.04, -9.66, -8.74, -9.66, 0.533539, 2.48059, 1.33877, 2, 0, 2022-11-16.19:40:56, 30
0, -0.25, 2.887, 1.1489, -10.58, -9.66, -8.97, -10.12, 0.532717, 2.48111, 1.33877, 2, 0, 2022-11-16.19:40:56, 31
0, -0.25, 2.887, 1.0941, -9.43, -9.66, -7.82, -8.28, 0.532819, 2.48133, 1.22016, 2, 0, 2022-11-16.19:40:56, 35
0, -0.25, 2.886, 1.0532, -8.74, -9.2, -8.74, -8.97, 0.5323, 2.48171, 1.22016, 2, 0, 2022-11-16.19:40:56, 37
0, -0.25, 2.886, 0.9874, -8.51, -6.67, -6.67, -6.9, 0.533495, 2.48077, 1.09653, 2, 0, 2022-11-16.19:40:56, 42
0, -0.25, 2.886, 0.9784, -8.74, -6.44, -5.75, -6.67, 0.53344, 2.4808, 1.09653, 2, 0, 2022-11-16.19:40:56, 43
0, -0.25, 2.885, 0.941, -7.59, -6.67, -4.6, -5.06, 0.533718, 2.47952, 1.01217, 2, 0, 2022-11-16.19:40:56, 46
0, -0.25, 2.885, 0.8854, -7.13, -6.44, -5.06, -6.9, 0.533017, 2.47881, 0.940903, 2, 0, 2022-11-16.19:40:56, 51
0, -0.25, 2.884, 0.8666, -7.13, -5.52, -5.52, -6.44, 0.532857, 2.47855, 0.940903, 2, 0, 2022-11-16.19:40:56, 53
0, -0.249, 2.884, 0.8234, -6.67, -5.29, -6.21, -5.29, 0.533487, 2.47793, 0.880269, 2, 0, 2022-11-16.19:40:56, 57
0, -0.249, 2.884, 0.8074, -6.9, -6.9, -6.67, -6.44, 0.533516, 2.47766, 0.880269, 2, 0, 2022-11-16.19:40:56, 59
0, -0.249, 2.884, 0.7529, -6.21, -5.75, -6.21, -6.44, 0.533174, 2.47823, 0.803826, 2, 0, 2022-11-16.19:40:56, 64
0, -0.249, 2.884, 0.7185, -5.98, -5.52, -5.98, -5.98, 0.533444, 2.47686, 0.747813, 2, 0, 2022-11-16.19:40:56, 67
0, -0.249, 2.884, 0.7025, -5.98, -5.52, -5.52, -5.98, 0.533487, 2.47649, 0.747813, 2, 0, 2022-11-16.19:40:56, 69
0, -0.249, 2.883, 0.6606, -5.98, -5.06, -5.75, -5.98, 0.533745, 2.47641, 0.617839, 2, 0, 2022-11-16.19:40:56, 73
0, -0.249, 2.883, 0.5955, -4.6, -4.83, -5.52, -5.29, 0.53412, 2.4765, 0.580756, 2, 0, 2022-11-16.19:40:56, 80
0, -0.249, 2.883, 0.5733, -5.06, -4.83, -5.29, -5.29, 0.534354, 2.47654, 0.580756, 2, 0, 2022-11-16.19:40:56, 83
0, -0.248, 2.883, 0.5253, -5.06, -3.91, -4.6, -4.37, 0.534465, 2.47697, 0.513356, 2, 0, 2022-11-16.19:40:56, 89
0, -0.248, 2.883, 0.512, -4.37, -4.6, -4.14, -5.06, 0.534574, 2.47709, 0.513356, 2, 0, 2022-11-16.19:40:56, 90
0, -0.248, 2.883, 0.4867, -3.91, -3.68, -3.68, -4.37, 0.534775, 2.4773, 0.513356, 2, 0, 2022-11-16.19:40:56, 94
0, -0.248, 2.883, 0.4752, -3.91, -3.91, -3.91, -4.37, 0.53512, 2.47596, 0.477293, 2, 0, 2022-11-16.19:40:56, 95
0, -0.248, 2.883, 0.4692, -4.14, -3.45, -3.45, -4.14, 0.535274, 2.4758, 0.477293, 2, 0, 2022-11-16.19:40:56, 96
0, -0.248, 2.883, 0.4464, -2.53, -3.45, -3.22, -2.53, 0.535537, 2.47553, 0.477293, 2, 0, 2022-11-16.19:40:56, 100
0, -0.248, 2.883, 0.4418, -2.76, -3.22, -2.99, -2.99, 0.534786, 2.47558, 0.432331, 2, 0, 2022-11-16.19:40:56, 101
0, -0.248, 2.883, 0.427, -2.76, -2.53, -2.53, -3.22, 0.534585, 2.47562, 0.432331, 2, 0, 2022-11-16.19:40:56, 104
0, -0.248, 2.883, 0.4188, -2.76, -2.76, -2.99, -3.22, 0.534397, 2.47578, 0.399091, 2, 0, 2022-11-16.19:40:56, 106
0, -0.248, 2.883, 0.3967, -2.3, -2.53, -2.99, -3.45, 0.534106, 2.47577, 0.399091, 2, 0, 2022-11-16.19:40:56, 110
0, -0.248, 2.883, 0.3926, -2.07, -2.76, -3.45, -3.45, 0.53408, 2.47559, 0.369521, 2, 0, 2022-11-16.19:40:56, 111
0, -0.248, 2.883, 0.3702, -2.76, -2.53, -3.45, -3.22, 0.533984, 2.4755, 0.369521, 2, 0, 2022-11-16.19:40:56, 115
0, -0.248, 2.883, 0.3632, -2.76, -2.3, -2.76, -2.3, 0.533918, 2.47614, 0.348876, 2, 0, 2022-11-16.19:40:56, 117
0, -0.248, 2.883, 0.3495, -2.53, -1.84, -2.07, -2.53, 0.533804, 2.47636, 0.348876, 2, 0, 2022-11-16.19:40:56, 120
0, -0.248, 2.883, 0.3435, -2.76, -2.53, -2.07, -2.07, 0.534288, 2.47624, 0.320793, 2, 0, 2022-11-16.19:40:56, 122
0, -0.248, 2.883, 0.3008, -2.3, -2.53, -2.76, -2.53, 0.534589, 2.47638, 0.274513, 2, 0, 2022-11-16.19:40:56, 132
0, -0.248, 2.883, 0.2807, -3.22, -2.76, -2.76, -2.07, 0.534772, 2.47643, 0.274513, 2, 0, 2022-11-16.19:40:56, 136
0, -0.248, 2.883, 0.2685, -2.3, -2.76, -2.07, -2.53, 0.534916, 2.47647, 0.274513, 2, 0, 2022-11-16.19:40:56, 138
0, -0.248, 2.883, 0.2578, -2.07, -2.76, -2.3, -2.07, 0.534618, 2.47602, 0.236714, 2, 0, 2022-11-16.19:40:56, 141
0, -0.249, 2.883, 0.2367, -2.53, -1.61, -1.84, -0.69, 0.534262, 2.47559, 0.224579, 2, 0, 2022-11-16.19:40:56, 147
0, -0.249, 2.883, 0.2345, -2.07, -1.15, -0.92, -1.15, 0.534172, 2.47553, 0.224579, 2, 0, 2022-11-16.19:40:56, 148
0, -0.249, 2.882, 0.2231, -1.38, -1.15, -1.38, -1.38, 0.534037, 2.47537, 0.190972, 2, 0, 2022-11-16.19:40:57, 153
0, -0.249, 2.882, 0.2216, -1.84, -1.15, -1.15, -1.38, 0.533969, 2.47528, 0.190972, 2, 0, 2022-11-16.19:40:57, 154
0, -0.249, 2.882, 0.2149, -1.38, -1.15, -0.92, -1.38, 0.534048, 2.4754, 0.190972, 2, 0, 2022-11-16.19:40:57, 157
0, -0.249, 2.882, 0.2041, -0.92, -0.92, -1.15, -1.15, 0.533811, 2.47444, 0.162887, 2, 0, 2022-11-16.19:40:57, 163
0, -0.249, 2.882, 0.2026, -0.92, -1.38, -1.38, -1.61, 0.533779, 2.47427, 0.162887, 2, 0, 2022-11-16.19:40:57, 164
0, -0.249, 2.883, 0.1934, -0.69, -1.38, -1.38, -1.38, 0.533803, 2.47413, 0.162887, 2, 0, 2022-11-16.19:40:57, 168
0, -0.249, 2.883, 0.1918, -1.15, -1.15, -1.38, -1.38, 0.533741, 2.4745, 0.155104, 2, 0, 2022-11-16.19:40:57, 169
0, -0.249, 2.883, 0.19, -0.92, -0.92, -1.15, -0.92, 0.533715, 2.47447, 0.155104, 2, 0, 2022-11-16.19:40:57, 170
0, -0.249, 2.883, 0.1831, -0.23, -0.23, -0.46, -0.23, 0.533682, 2.47443, 0.155104, 2, 0, 2022-11-16.19:40:57, 173
0, -0.249, 2.883, 0.1819, -0.23, -0.23, -0.46, -0.46, 0.533631, 2.47452, 0.141711, 2, 0, 2022-11-16.19:40:57, 174
0, -0.249, 2.883, 0.181, -0.46, -0.46, -0.46, -0.23, 0.533602, 2.47451, 0.141711, 2, 0, 2022-11-16.19:40:57, 175
0, -0.249, 2.883, 0.1805, 0, 0, 0, 0, 0.53355, 2.4745, 0.141711, 2, 0, 2022-11-16.19:40:57, 179
0, -0.248, 2.883, 0.1794, 1.38, 0.69, -1.15, -1.61, 0.533763, 2.47438, 0.124524, 2, 0, 2022-11-16.19:40:57, 184
0, -0.248, 2.883, 0.1772, 0.92, 0.92, -1.84, -1.84, 0.533493, 2.47432, 0.11329, 2, 0, 2022-11-16.19:40:57, 186
0, -0.247, 2.883, 0.174, 1.15, 1.38, -1.84, -3.22, 0.533415, 2.47427, 0.11329, 2, 0, 2022-11-16.19:40:57, 189
0, -0.246, 2.883, 0.1731, 1.61, 1.15, -2.53, -3.22, 0.533592, 2.47386, 0.119822, 2, 0, 2022-11-16.19:40:57, 190
0, -0.246, 2.883, 0.1722, 2.3, 2.3, -2.99, -4.6, 0.533599, 2.47375, 0.119822, 2, 0, 2022-11-16.19:40:57, 191
0, -0.238, 2.883, 0.1561, 7.13, 4.83, -6.9, -9.2, 0.533812, 2.47368, 0.11595, 2, 0, 2022-11-16.19:40:57, 200
0, -0.234, 2.884, 0.1499, 8.05, 6.44, -7.59, -10.35, 0.535603, 2.47427, 0.115879, 2, 0, 2022-11-16.19:40:57, 202
0, -0.23, 2.884, 0.143, 8.74, 7.82, -10.12, -13.11, 0.536212, 2.47441, 0.115879, 2, 0, 2022-11-16.19:40:57, 205
0, -0.229, 2.884, 0.1403, 9.66, 9.66, -10.35, -13.11, 0.536713, 2.47452, 0.115879, 2, 0, 2022-11-16.19:40:57, 206
0, -0.225, 2.885, 0.1363, 9.43, 10.58, -10.58, -12.65, 0.541243, 2.474, 0.103391, 2, 0, 2022-11-16.19:40:57, 207
0, -0.218, 2.885, 0.1248, 14.95, 9.2, -10.58, -15.87, 0.542393, 2.47385, 0.103391, 2, 0, 2022-11-16.19:40:57, 211
0, -0.184, 2.886, 0.0769, 19.32, 18.17, -14.95, -22.77, 0.559561, 2.47027, 0.0790592, 2, 0, 2022-11-16.19:40:57, 222
0, -0.165, 2.885, 0.0614, 20.47, 20.93, -17.71, -26.46, 0.572094, 2.4654, 0.0508395, 2, 0, 2022-11-16.19:40:57, 227
0, -0.161, 2.885, 0.0597, 22.08, 21.85, -18.17, -26.46, 0.570589, 2.46558, 0.0508395, 2, 0, 2022-11-16.19:40:57, 228
0, -0.139, 2.884, 0.0494, 24.62, 22.08, -20.01, -28.3, 0.583526, 2.46292, 0.0196538, 2, 0, 2022-11-16.19:40:57, 233
0, -0.136, 2.884, 0.0482, 26.23, 21.62, -20.7, -27.61, 0.587774, 2.46181, 0.0196538, 2, 0, 2022-11-16.19:40:57, 234
0, -0.11, 2.884, 0.0407, 32.9, 27.84, -24.16, -31.52, 0.606408, 2.45856, -0.00210074, 2, 0, 2022-11-16.19:40:57, 239
0, -0.088, 2.884, 0.0234, 29.91, 25.54, -26.23, -34.28, 0.625748, 2.45538, 0.00466179, 2, 0, 2022-11-16.19:40:57, 243
0, -0.058, 2.884, 0.0166, 38.19, 32.21, -29.91, -37.73, 0.643541, 2.45287, -0.0200323, 2, 0, 2022-11-16.19:40:57, 248
0, -0.053, 2.884, 0.0137, 37.04, 31.75, -29.91, -38.88, 0.664186, 2.44812, -0.0443603, 2, 0, 2022-11-16.19:40:57, 249
0, -0.026, 2.883, 0.0101, 38.88, 33.82, -30.14, -41.64, 0.674696, 2.44581, -0.0443603, 2, 0, 2022-11-16.19:40:57, 253
0, -0.02, 2.883, 0.0088, 40.49, 35.43, -30.83, -41.41, 0.684498, 2.4438, -0.0443603, 2, 0, 2022-11-16.19:40:57, 254
0, -0.008, 2.882, 0.0067, 42.33, 36.35, -30.83, -40.49, 0.699319, 2.43858, -0.0253302, 2, 0, 2022-11-16.19:40:57, 255
0, 0.014, 2.881, -0.0079, 40.72, 34.28, -35.66, -44.4, 0.698405, 2.43819, -0.0253302, 2, 0, 2022-11-16.19:40:57, 3
0, 0.026, 2.881, -0.0104, 42.56, 35.43, -36.58, -45.55, 0.714873, 2.43592, -0.0554809, 2, 0, 2022-11-16.19:40:57, 4
0, 0.065, 2.879, -0.0171, 44.86, 40.03, -35.89, -47.63, 0.755577, 2.42588, -0.0553724, 2, 0, 2022-11-16.19:40:57, 9
0, 0.141, 2.876, -0.0283, 55.22, 41.18, -40.26, -49.93, 0.801689, 2.41699, -0.0774157, 2, 0, 2022-11-16.19:40:57, 18
0, 0.156, 2.876, -0.0349, 57.75, 46.24, -44.86, -51.77, 0.825807, 2.41234, -0.0774157, 2, 0, 2022-11-16.19:40:57, 20
0, 0.195, 2.875, -0.0586, 52.46, 40.49, -46.93, -52.92, 0.844766, 2.40868, -0.0774157, 2, 0, 2022-11-16.19:40:57, 24
0, 0.203, 2.875, -0.0595, 53.84, 42.33, -46.7, -54.53, 0.838048, 2.41095, -0.0774157, 2, 0, 2022-11-16.19:40:57, 25
0, 0.244, 2.874, -0.067, 64.19, 49.47, -48.32, -56.83, 0.887922, 2.40199, -0.103606, 2, 0, 2022-11-16.19:40:57, 29
0, 0.253, 2.873, -0.0708, 66.03, 48.32, -47.86, -57.52, 0.907752, 2.39848, -0.103606, 2, 0, 2022-11-16.19:40:57, 30
0, 0.312, 2.871, -0.0907, 59.82, 47.86, -55.68, -56.83, 0.938944, 2.39313, -0.125435, 2, 0, 2022-11-16.19:40:57, 36
0, 0.347, 2.871, -0.0857, 69.25, 47.16, -50.85, -56.83, 0.968568, 2.38621, -0.148968, 2, 0, 2022-11-16.19:40:57, 39
0, 0.365, 2.871, -0.0927, 72.02, 45.32, -53.61, -57.98, 0.965262, 2.38652, -0.148968, 2, 0, 2022-11-16.19:40:57, 41
0, 0.411, 2.872, -0.1007, 65.11, 48.78, -63.73, -57.75, 1.01128, 2.37964, -0.147809, 2, 0, 2022-11-16.19:40:57, 45
0, 0.42, 2.872, -0.0978, 66.03, 48.32, -62.81, -57.52, 1.02724, 2.37695, -0.147809, 2, 0, 2022-11-16.19:40:57, 46
0, 0.466, 2.874, -0.0935, 75.93, 45.78, -55.22, -59.13, 1.04358, 2.37372, -0.150184, 2, 0, 2022-11-16.19:40:57, 50
0, 0.476, 2.874, -0.0966, 75.24, 44.17, -58.21, -58.21, 1.05583, 2.37153, -0.150184, 2, 0, 2022-11-16.19:40:57, 51
0, 0.495, 2.876, -0.1028, 73.17, 44.63, -60.74, -57.98, 1.07184, 2.36868, -0.150184, 2, 0, 2022-11-16.19:40:57, 52
0, 0.523, 2.878, -0.1052, 66.95, 42.1, -62.81, -54.76, 1.101, 2.36474, -0.152104, 2, 0, 2022-11-16.19:40:57, 55
0, 0.55, 2.88, -0.1033, 68.56, 42.79, -63.5, -54.76, 1.12567, 2.3609, -0.152104, 2, 0, 2022-11-16.19:40:57, 57
0, 0.587, 2.884, -0.0965, 71.79, 43.48, -62.58, -55.22, 1.17054, 2.35274, -0.160759, 2, 0, 2022-11-16.19:40:58, 61
0, 0.605, 2.886, -0.0947, 72.02, 43.25, -61.43, -54.99, 1.16663, 2.35322, -0.160759, 2, 0, 2022-11-16.19:40:58, 62
0, 0.641, 2.889, -0.0903, 70.4, 43.25, -61.2, -53.38, 1.20888, 2.34696, -0.166707, 2, 0, 2022-11-16.19:40:58, 66
0, 0.659, 2.891, -0.0876, 70.63, 43.02, -61.43, -53.15, 1.22347, 2.34465, -0.166707, 2, 0, 2022-11-16.19:40:58, 67
0, 0.704, 2.896, -0.0757, 68.79, 43.94, -56.83, -53.84, 1.24902, 2.34323, -0.14823, 2, 0, 2022-11-16.19:40:58, 71
0, 0.722, 2.897, -0.0716, 65.34, 43.71, -57.98, -52.92, 1.26645, 2.34119, -0.14823, 2, 0, 2022-11-16.19:40:58, 73
0, 0.775, 2.904, -0.0504, 67.64, 42.56, -55.91, -52.69, 1.32913, 2.33401, -0.135398, 2, 0, 2022-11-16.19:40:58, 78
0, 0.818, 2.909, -0.0359, 64.88, 41.64, -57.29, -51.77, 1.37483, 2.33108, -0.0965248, 2, 0, 2022-11-16.19:40:58, 82
0, 0.826, 2.91, -0.0328, 65.57, 41.87, -57.98, -52, 1.39577, 2.32935, -0.0965248, 2, 0, 2022-11-16.19:40:58, 83
0, 0.869, 2.917, -0.0145, 66.26, 42.1, -55.91, -51.77, 1.42106, 2.32894, -0.0805975, 2, 0, 2022-11-16.19:40:58, 87
0, 0.886, 2.92, -0.0106, 64.42, 43.25, -55.45, -51.54, 1.44076, 2.32776, -0.0805975, 2, 0, 2022-11-16.19:40:58, 89
0, 0.92, 2.925, 0.0032, 64.42, 40.95, -55.68, -50.62, 1.46912, 2.32607, -0.0805975, 2, 0, 2022-11-16.19:40:58, 92
0, 0.928, 2.926, 0.0057, 64.88, 39.8, -54.76, -50.16, 1.46843, 2.32717, -0.0616921, 2, 0, 2022-11-16.19:40:58, 93
0, 0.936, 2.928, 0.0094, 65.34, 42.33, -53.15, -50.85, 1.48494, 2.32645, -0.0616921, 2, 0, 2022-11-16.19:40:58, 94
0, 0.977, 2.934, 0.0211, 60.05, 40.03, -53.61, -49.7, 1.50822, 2.32544, -0.0616921, 2, 0, 2022-11-16.19:40:58, 98
0, 0.985, 2.936, 0.0247, 61.2, 38.65, -53.38, -49.24, 1.54366, 2.32624, -0.03864, 2, 0, 2022-11-16.19:40:58, 99
0, 1.024, 2.944, 0.0421, 60.74, 39.11, -50.39, -49.93, 1.57682, 2.32599, -0.03864, 2, 0, 2022-11-16.19:40:58, 103
0, 1.069, 2.954, 0.0501, 56.37, 31.29, -50.16, -46.93, 1.6132, 2.3266, -0.0243242, 2, 0, 2022-11-16.19:40:58, 108
0, 1.091, 2.959, 0.0528, 56.6, 29.91, -48.78, -49.7, 1.64191, 2.32656, -0.00258845, 2, 0, 2022-11-16.19:40:58, 110
0, 1.134, 2.968, 0.0511, 53.84, 31.06, -47.16, -46.7, 1.68353, 2.32653, -0.00258845, 2, 0, 2022-11-16.19:40:58, 115
0, 1.161, 2.974, 0.0427, 51.54, 29.22, -46.93, -44.63, 1.70683, 2.32828, -0.00637805, 2, 0, 2022-11-16.19:40:58, 119
0, 1.174, 2.977, 0.0396, 51.77, 28.3, -45.55, -45.78, 1.7396, 2.33082, 0.0143815, 2, 0, 2022-11-16.19:40:58, 120
0, 1.181, 2.979, 0.0396, 52.46, 29.68, -45.55, -45.09, 1.75568, 2.33184, 0.0143815, 2, 0, 2022-11-16.19:40:58, 121
0, 1.201, 2.984, 0.0338, 50.62, 26.46, -45.32, -39.57, 1.77098, 2.33261, 0.0143815, 2, 0, 2022-11-16.19:40:58, 124
0, 1.25, 2.998, 0.0208, 48.09, 24.85, -43.71, -33.36, 1.80748, 2.33538, -0.0136111, 2, 0, 2022-11-16.19:40:58, 130
0, 1.289, 3.013, 0.0333, 46.7, 19.32, -43.02, -30.14, 1.8619, 2.34073, -0.0252716, 2, 0, 2022-11-16.19:40:58, 136
0, 1.294, 3.015, 0.0352, 45.32, 19.55, -42.79, -28.07, 1.86626, 2.34055, -0.0134771, 2, 0, 2022-11-16.19:40:58, 137
0, 1.32, 3.026, 0.0518, 45.55, 18.4, -37.96, -27.61, 1.89082, 2.34237, -0.0134771, 2, 0, 2022-11-16.19:40:58, 141
0, 1.325, 3.028, 0.0538, 44.86, 16.79, -37.5, -27.61, 1.9044, 2.34338, -0.0134771, 2, 0, 2022-11-16.19:40:58, 142
0, 1.349, 3.039, 0.0716, 43.02, 16.33, -36.81, -24.85, 1.94329, 2.35398, -0.0134908, 2, 0, 2022-11-16.19:40:58, 146
0, 1.354, 3.042, 0.0753, 44.17, 17.02, -36.81, -27.15, 1.95947, 2.35669, -0.0134908, 2, 0, 2022-11-16.19:40:58, 147
0, 1.378, 3.052, 0.0973, 41.87, 19.78, -31.52, -22.08, 1.98968, 2.36218, 0.0073502, 2, 0, 2022-11-16.19:40:58, 151
0, 1.386, 3.056, 0.1026, 38.88, 17.71, -31.52, -23.93, 1.97672, 2.36004, 0.0073502, 2, 0, 2022-11-16.19:40:58, 153
0, 1.403, 3.064, 0.1161, 38.65, 17.25, -30.83, -25.08, 1.99573, 2.36516, 0.050199, 2, 0, 2022-11-16.19:40:58, 156
0, 1.407, 3.066, 0.1192, 38.65, 17.71, -30.6, -26, 2.00656, 2.36755, 0.050199, 2, 0, 2022-11-16.19:40:58, 157
0, 1.412, 3.068, 0.1221, 38.42, 18.86, -30.6, -25.08, 2.01776, 2.37003, 0.050199, 2, 0, 2022-11-16.19:40:58, 158
0, 1.432, 3.076, 0.1359, 35.89, 18.63, -30.14, -24.85, 2.01821, 2.37188, 0.0686356, 2, 0, 2022-11-16.19:40:58, 162
0, 1.436, 3.078, 0.1375, 35.2, 18.63, -29.68, -25.08, 2.02655, 2.37416, 0.0686356, 2, 0, 2022-11-16.19:40:58, 163
0, 1.456, 3.086, 0.1425, 31.06, 17.25, -28.53, -22.77, 2.05968, 2.38547, 0.0970352, 2, 0, 2022-11-16.19:40:58, 167
0, 1.478, 3.096, 0.1481, 31.75, 15.64, -27.84, -25.08, 2.08698, 2.39456, 0.111635, 2, 0, 2022-11-16.19:40:58, 172
0, 1.49, 3.1, 0.149, 32.21, 17.71, -27.61, -24.39, 2.09888, 2.39842, 0.111635, 2, 0, 2022-11-16.19:40:58, 174
0, 1.497, 3.103, 0.1492, 30.6, 18.17, -27.84, -23.23, 2.10858, 2.40158, 0.111635, 2, 0, 2022-11-16.19:40:58, 176
0, 1.501, 3.105, 0.1484, 29.68, 17.25, -27.38, -24.16, 2.11699, 2.40423, 0.113212, 2, 0, 2022-11-16.19:40:58, 177
0, 1.512, 3.109, 0.1484, 27.84, 16.79, -26.92, -22.77, 2.12471, 2.40671, 0.113212, 2, 0, 2022-11-16.19:40:58, 179
0, 1.519, 3.111, 0.1467, 27.61, 15.64, -25.08, -22.31, 2.13293, 2.40937, 0.113212, 2, 0, 2022-11-16.19:40:58, 181
0, 1.529, 3.115, 0.1444, 26, 14.26, -24.62, -21.62, 2.1431, 2.41265, 0.113212, 2, 0, 2022-11-16.19:40:58, 183
0, 1.532, 3.116, 0.1431, 25.31, 13.8, -23.7, -21.39, 2.14692, 2.41524, 0.115223, 2, 0, 2022-11-16.19:40:58, 184
0, 1.548, 3.123, 0.1377, 24.85, 12.65, -23.46, -21.85, 2.1477, 2.41589, 0.115223, 2, 0, 2022-11-16.19:40:58, 188
0, 1.567, 3.129, 0.1321, 23.7, 12.88, -22.54, -20.47, 2.17698, 2.42616, 0.0970501, 2, 0, 2022-11-16.19:40:58, 193
0, 1.573, 3.131, 0.1295, 23.46, 13.57, -22.31, -20.24, 2.1912, 2.43085, 0.0664493, 2, 0, 2022-11-16.19:40:58, 195
0, 1.588, 3.136, 0.1214, 21.62, 14.26, -21.16, -19.32, 2.20652, 2.43612, 0.0664493, 2, 0, 2022-11-16.19:40:58, 199
0, 1.591, 3.136, 0.1204, 21.85, 13.57, -21.39, -19.78, 2.21653, 2.4385, 0.0892823, 2, 0, 2022-11-16.19:40:58, 200
0, 1.605, 3.141, 0.1152, 21.39, 12.88, -20.47, -17.02, 2.22881, 2.44238, 0.0892823, 2, 0, 2022-11-16.19:40:58, 204
0, 1.608, 3.142, 0.1148, 21.39, 13.34, -20.47, -17.02, 2.2223, 2.44016, 0.0978273, 2, 0, 2022-11-16.19:40:58, 205
0, 1.61, 3.143, 0.1146, 21.16, 12.65, -20.93, -16.1, 2.22784, 2.44188, 0.0978273, 2, 0, 2022-11-16.19:40:58, 206
0, 1.621, 3.146, 0.114, 19.55, 14.03, -19.09, -17.94, 2.23334, 2.44358, 0.0978273, 2, 0, 2022-11-16.19:40:58, 209
0, 1.626, 3.148, 0.1144, 21.62, 12.65, -18.86, -17.48, 2.23772, 2.44494, 0.0978273, 2, 0, 2022-11-16.19:40:58, 211
0, 1.67, 3.158, 0.1244, 16.56, 13.57, -15.64, -17.02, 2.29823, 2.46021, 0.0667977, 2, 0, 2022-11-16.19:40:59, 225
0, 1.677, 3.159, 0.123, 17.71, 12.65, -16.79, -17.48, 2.30521, 2.46181, 0.0667977, 2, 0, 2022-11-16.19:40:59, 227
0, 1.689, 3.162, 0.1179, 17.25, 11.5, -14.72, -17.71, 2.31521, 2.46394, 0.0771472, 2, 0, 2022-11-16.19:40:59, 231
0, 1.692, 3.162, 0.1171, 16.1, 10.81, -14.95, -16.33, 2.31139, 2.46305, 0.0771472, 2, 0, 2022-11-16.19:40:59, 232
0, 1.701, 3.164, 0.1128, 15.18, 11.5, -16.33, -16.79, 2.32223, 2.46599, 0.0731295, 2, 0, 2022-11-16.19:40:59, 235
0, 1.706, 3.165, 0.1106, 14.72, 12.42, -15.87, -16.1, 2.32638, 2.46701, 0.0731295, 2, 0, 2022-11-16.19:40:59, 237
0, 1.715, 3.167, 0.1031, 14.95, 12.19, -17.02, -17.48, 2.33795, 2.46848, 0.0887453, 2, 0, 2022-11-16.19:40:59, 240
0, 1.72, 3.167, 0.0999, 16.56, 11.27, -16.33, -17.25, 2.34232, 2.46931, 0.0887453, 2, 0, 2022-11-16.19:40:59, 242
0, 1.722, 3.168, 0.0985, 16.79, 11.27, -16.56, -17.02, 2.34785, 2.47036, 0.0887453, 2, 0, 2022-11-16.19:40:59, 243
0, 1.731, 3.17, 0.0929, 15.41, 11.5, -15.41, -15.41, 2.3561, 2.46983, 0.0729687, 2, 0, 2022-11-16.19:40:59, 246
0, 1.736, 3.17, 0.0903, 14.72, 12.19, -15.41, -15.41, 2.36166, 2.47038, 0.0729687, 2, 0, 2022-11-16.19:40:59, 248
0, 1.745, 3.172, 0.0858, 15.64, 12.19, -15.41, -15.41, 2.36228, 2.46973, 0.057738, 2, 0, 2022-11-16.19:40:59, 251
0, 1.747, 3.172, 0.0844, 16.1, 12.19, -14.72, -15.41, 2.3668, 2.47001, 0.057738, 2, 0, 2022-11-16.19:40:59, 252
0, 1.749, 3.172, 0.0829, 15.64, 11.27, -14.95, -15.87, 2.37139, 2.4703, 0.057738, 2, 0, 2022-11-16.19:40:59, 253
0, 1.76, 3.174, 0.0754, 14.72, 10.58, -15.18, -15.18, 2.38437, 2.47176, 0.057636, 2, 0, 2022-11-16.19:40:59, 1
0, 1.779, 3.178, 0.0681, 13.8, 8.74, -14.03, -12.42, 2.39561, 2.47381, 0.0263319, 2, 0, 2022-11-16.19:40:59, 8
0, 1.791, 3.181, 0.0645, 14.95, 9.66, -14.49, -13.8, 2.41332, 2.47547, 0.0376441, 2, 0, 2022-11-16.19:40:59, 13
0, 1.803, 3.183, 0.0663, 14.72, 10.35, -12.42, -11.96, 2.42302, 2.47655, 0.0376441, 2, 0, 2022-11-16.19:40:59, 18
0, 1.812, 3.186, 0.0663, 11.04, 3.68, -14.72, -12.42, 2.43808, 2.47756, 0.0334217, 2, 0, 2022-11-16.19:40:59, 22
0, 1.813, 3.186, 0.0663, 10.58, 4.14, -15.64, -12.88, 2.44608, 2.47824, 0.0334217, 2, 0, 2022-11-16.19:40:59, 23
0, 1.821, 3.189, 0.0441, 1.84, -1.38, -16.33, -14.72, 2.44882, 2.47748, 0.0402345, 2, 0, 2022-11-16.19:40:59, 27
0, 1.822, 3.189, 0.0353, 2.3, -2.99, -16.1, -16.1, 2.45171, 2.47737, 0.0402345, 2, 0, 2022-11-16.19:40:59, 28
0, 1.829, 3.191, -0.0418, -2.07, -6.67, -17.48, -18.63, 2.45887, 2.47763, 0.00810625, 2, 0, 2022-11-16.19:40:59, 33
0, 1.831, 3.192, -0.0732, -3.22, -6.67, -17.94, -17.94, 2.46309, 2.47775, 0.00810625, 2, 0, 2022-11-16.19:40:59, 34
0, 1.834, 3.192, -0.1234, -5.75, -8.97, -17.71, -17.25, 2.46203, 2.47775, 0.00810625, 2, 0, 2022-11-16.19:40:59, 37
0, 1.836, 3.192, -0.1775, -6.9, -9.66, -17.71, -16.1, 2.46563, 2.47851, -0.0795844, 2, 0, 2022-11-16.19:40:59, 39
0, 1.839, 3.192, -0.2468, -7.13, -10.12, -17.48, -14.72, 2.4727, 2.47921, -0.0795844, 2, 0, 2022-11-16.19:40:59, 43
0, 1.842, 3.193, -0.3562, -8.97, -10.81, -11.5, -10.81, 2.47821, 2.48251, -0.191432, 2, 0, 2022-11-16.19:40:59, 48
0, 1.842, 3.193, -0.4088, -8.28, -10.35, -11.04, -11.27, 2.4804, 2.48271, -0.310835, 2, 0, 2022-11-16.19:40:59, 50
0, 1.843, 3.194, -0.4501, -8.51, -10.81, -8.97, -8.05, 2.48374, 2.4835, -0.310835, 2, 0, 2022-11-16.19:40:59, 53
0, 1.843, 3.194, -0.4878, -8.05, -10.35, -8.28, -7.59, 2.48092, 2.48271, -0.310835, 2, 0, 2022-11-16.19:40:59, 55
0, 1.842, 3.194, -0.5711, -9.43, -8.05, -7.36, -6.9, 2.48393, 2.48347, -0.531135, 2, 0, 2022-11-16.19:40:59, 61
0, 1.841, 3.195, -0.6135, -8.05, -8.05, -6.21, -6.67, 2.48458, 2.48373, -0.531135, 2, 0, 2022-11-16.19:40:59, 64
0, 1.841, 3.195, -0.625, -8.05, -7.82, -5.52, -6.44, 2.48362, 2.48423, -0.604904, 2, 0, 2022-11-16.19:40:59, 65
0, 1.84, 3.195, -0.672, -8.05, -7.82, -4.83, -4.83, 2.48386, 2.48462, -0.604904, 2, 0, 2022-11-16.19:40:59, 69
0, 1.84, 3.195, -0.6814, -7.82, -6.9, -4.6, -5.06, 2.48203, 2.48439, -0.677346, 2, 0, 2022-11-16.19:40:59, 70
0, 1.84, 3.195, -0.6889, -7.36, -6.21, -4.6, -4.6, 2.48166, 2.48454, -0.677346, 2, 0, 2022-11-16.19:40:59, 71
0, 1.839, 3.196, -0.7306, -6.67, -6.21, -5.29, -4.83, 2.48122, 2.48471, -0.677346, 2, 0, 2022-11-16.19:40:59, 75
0, 1.839, 3.196, -0.7384, -6.44, -5.98, -5.06, -5.75, 2.47974, 2.4846, -0.736042, 2, 0, 2022-11-16.19:40:59, 76
0, 1.839, 3.195, -0.7834, -6.21, -5.52, -5.75, -5.52, 2.47866, 2.48466, -0.736042, 2, 0, 2022-11-16.19:40:59, 80
0, 1.839, 3.195, -0.8326, -5.52, -5.98, -5.75, -5.75, 2.47918, 2.48476, -0.793956, 2, 0, 2022-11-16.19:40:59, 85
0, 1.839, 3.195, -0.8476, -5.29, -6.44, -6.21, -4.83, 2.47846, 2.48521, -0.846654, 2, 0, 2022-11-16.19:40:59, 87
0, 1.839, 3.196, -0.8891, -6.21, -6.21, -5.29, -4.37, 2.4779, 2.4855, -0.846654, 2, 0, 2022-11-16.19:40:59, 91
0, 1.839, 3.196, -0.8973, -5.52, -6.21, -5.75, -4.37, 2.47888, 2.48625, -0.902355, 2, 0, 2022-11-16.19:40:59, 92
0, 1.839, 3.196, -0.9351, -4.83, -5.29, -4.6, -4.37, 2.47894, 2.48682, -0.902355, 2, 0, 2022-11-16.19:40:59, 96
0, 1.839, 3.196, -0.9491, -5.52, -4.6, -4.83, -3.91, 2.47949, 2.48642, -0.969526, 2, 0, 2022-11-16.19:40:59, 98
0, 1.839, 3.196, -0.9755, -4.83, -4.6, -3.68, -3.91, 2.47982, 2.4864, -0.969526, 2, 0, 2022-11-16.19:40:59, 101
0, 1.839, 3.196, -0.9814, -4.6, -4.37, -3.68, -4.14, 2.4799, 2.48643, -0.969526, 2, 0, 2022-11-16.19:40:59, 102
0, 1.839, 3.196, -1.051, -4.14, -4.14, -3.91, -3.91, 2.47868, 2.48604, -1.09142, 2, 0, 2022-11-16.19:40:59, 112
0, 1.839, 3.196, -1.0886, -3.68, -3.91, -3.68, -4.14, 2.47853, 2.48606, -1.09142, 2, 0, 2022-11-16.19:40:59, 118
0, 1.839, 3.196, -1.0989, -3.45, -3.68, -3.45, -3.22, 2.47832, 2.48614, -1.12648, 2, 0, 2022-11-16.19:40:59, 119
0, 1.839, 3.196, -1.1196, -3.45, -3.45, -3.45, -3.45, 2.47816, 2.48619, -1.12648, 2, 0, 2022-11-16.19:40:59, 123
0, 1.839, 3.196, -1.1296, -3.22, -3.22, -3.68, -3.45, 2.47803, 2.48623, -1.12648, 2, 0, 2022-11-16.19:40:59, 124
0, 1.839, 3.196, -1.1475, -3.22, -2.99, -3.22, -3.22, 2.47811, 2.48622, -1.12648, 2, 0, 2022-11-16.19:40:59, 128
0, 1.839, 3.196, -1.1608, -3.22, -2.76, -2.76, -2.76, 2.47823, 2.48618, -1.12648, 2, 0, 2022-11-16.19:40:59, 130
0, 1.839, 3.196, -1.1728, -2.76, -2.3, -2.99, -3.22, 2.47842, 2.48736, -1.19395, 2, 0, 2022-11-16.19:40:59, 133
0, 1.839, 3.196, -1.1852, -2.53, -2.99, -3.22, -2.99, 2.47845, 2.48766, -1.19395, 2, 0, 2022-11-16.19:41:00, 135
0, 1.839, 3.196, -1.2039, -1.84, -2.76, -2.99, -2.07, 2.47828, 2.48746, -1.22609, 2, 0, 2022-11-16.19:41:00, 139
0, 1.839, 3.196, -1.2078, -2.07, -2.76, -3.22, -2.3, 2.47826, 2.48758, -1.22609, 2, 0, 2022-11-16.19:41:00, 140
0, 1.839, 3.196, -1.2264, -3.22, -2.76, -2.53, -2.76, 2.47831, 2.48571, -1.2572, 2, 0, 2022-11-16.19:41:00, 144
0, 1.839, 3.196, -1.2342, -2.99, -2.3, -2.76, -2.53, 2.47832, 2.48505, -1.2572, 2, 0, 2022-11-16.19:41:00, 146
0, 1.839, 3.196, -1.2379, -2.53, -2.76, -2.53, -1.84, 2.47804, 2.48608, -1.27704, 2, 0, 2022-11-16.19:41:00, 147
0, 1.839, 3.196, -1.2526, -2.76, -2.53, -2.07, -1.84, 2.47798, 2.48611, -1.27704, 2, 0, 2022-11-16.19:41:00, 150
0, 1.839, 3.196, -1.2564, -2.76, -2.07, -1.84, -1.61, 2.47791, 2.48651, -1.27704, 2, 0, 2022-11-16.19:41:00, 151
0, 1.839, 3.196, -1.2701, -2.53, -1.84, -1.84, -2.53, 2.47755, 2.48639, -1.29076, 2, 0, 2022-11-16.19:41:00, 154
0, 1.839, 3.196, -1.2758, -1.38, -1.61, -2.53, -2.07, 2.47741, 2.48643, -1.29076, 2, 0, 2022-11-16.19:41:00, 156
0, 1.839, 3.196, -1.287, -1.15, -2.07, -1.84, -2.53, 2.47725, 2.48654, -1.32982, 2, 0, 2022-11-16.19:41:00, 159
0, 1.839, 3.196, -1.2921, -1.61, -1.61, -2.3, -1.84, 2.47715, 2.48658, -1.32982, 2, 0, 2022-11-16.19:41:00, 161
0, 1.839, 3.196, -1.2975, -1.15, -2.07, -1.84, -1.61, 2.47703, 2.48664, -1.32982, 2, 0, 2022-11-16.19:41:00, 162
0, 1.839, 3.196, -1.3059, -1.38, -1.84, -1.84, -2.07, 2.47742, 2.48593, -1.34119, 2, 0, 2022-11-16.19:41:00, 165
0, 1.839, 3.196, -1.3252, -2.07, -1.38, -1.84, -1.38, 2.47813, 2.48664, -1.38771, 2, 0, 2022-11-16.19:41:00, 171
0, 1.839, 3.196, -1.3408, -1.38, -1.61, -2.07, -1.15, 2.4784, 2.48686, -1.38771, 2, 0, 2022-11-16.19:41:00, 177
0, 1.839, 3.196, -1.3488, -0.92, -1.38, -0.92, -1.15, 2.47847, 2.48748, -1.3906, 2, 0, 2022-11-16.19:41:00, 181
0, 1.839, 3.196, -1.352, -1.15, -1.15, -0.69, -1.15, 2.4787, 2.48788, -1.3906, 2, 0, 2022-11-16.19:41:00, 183
0, 1.839, 3.196, -1.3566, -0.92, -0.92, -1.38, -1.15, 2.47888, 2.48821, -1.3906, 2, 0, 2022-11-16.19:41:00, 185
0, 1.839, 3.196, -1.3582, -0.92, -0.92, -1.61, -0.92, 2.47776, 2.48759, -1.40772, 2, 0, 2022-11-16.19:41:00, 186
0, 1.839, 3.196, -1.3608, -1.15, -1.38, -1.38, -0.69, 2.47747, 2.48746, -1.40772, 2, 0, 2022-11-16.19:41:00, 188
0, 1.839, 3.196, -1.3651, -0.69, -1.38, -0.92, -1.38, 2.47732, 2.48749, -1.40772, 2, 0, 2022-11-16.19:41:00, 190
0, 1.839, 3.196, -1.3666, -1.15, -0.69, -0.92, -1.61, 2.47712, 2.48754, -1.40772, 2, 0, 2022-11-16.19:41:00, 191
0, 1.839, 3.196, -1.3709, -0.92, -1.38, -1.15, -1.38, 2.47776, 2.48712, -1.41349, 2, 0, 2022-11-16.19:41:00, 194
0, 1.839, 3.196, -1.3761, -1.38, -1.15, -1.15, -1.61, 2.47797, 2.48699, -1.41349, 2, 0, 2022-11-16.19:41:00, 196
0, 1.839, 3.196, -1.3793, -0.69, -1.15, -1.61, -0.92, 2.47758, 2.48739, -1.41548, 2, 0, 2022-11-16.19:41:00, 198
0, 1.839, 3.196, -1.381, -0.92, -0.92, -1.38, -0.92, 2.47752, 2.48745, -1.41548, 2, 0, 2022-11-16.19:41:00, 199
0, 1.839, 3.196, -1.3859, -1.15, -0.92, -1.15, -0.69, 2.47745, 2.48751, -1.41548, 2, 0, 2022-11-16.19:41:00, 201
0, 1.839, 3.196, -1.3891, -1.38, -0.92, -1.15, -0.92, 2.47897, 2.48669, -1.42347, 2, 0, 2022-11-16.19:41:00, 203
0, 1.839, 3.196, -1.3959, -1.38, -1.61, -0.69, -0.69, 2.47915, 2.48664, -1.42676, 2, 0, 2022-11-16.19:41:00, 206
0, 1.839, 3.196, -1.4037, -1.38, 0.23, 0, -0.69, 2.47922, 2.48727, -1.44387, 2, 0, 2022-11-16.19:41:00, 210
0, 1.839, 3.196, -1.409, -0.46, -0.23, 0, 0, 2.47896, 2.48785, -1.44942, 2, 0, 2022-11-16.19:41:00, 216
0, 1.839, 3.196, -1.409, -0.23, -0.23, 0.23, 0.23, 2.47886, 2.48829, -1.44942, 2, 0, 2022-11-16.19:41:00, 218
0, 1.839, 3.196, -1.409, -0.23, 0, 0, 0, 2.47875, 2.48874, -1.44942, 2, 0, 2022-11-16.19:41:00, 224
0, 1.839, 3.196, -1.409, 0, 0, 0, 0, 2.47864, 2.4887, -1.4529, 2, 0, 2022-11-16.19:41:00, 226
0, 1.839, 3.196, -1.409, 0, 0, -0.23, 0, 2.47853, 2.48894, -1.4529, 2, 0, 2022-11-16.19:41:00, 227
0, 1.839, 3.196, -1.409, 0, 0, 0, 0, 2.47844, 2.48919, -1.4529, 2, 0, 2022-11-16.19:41:00, 229
0, 1.839, 3.196, -1.409, 0, 0, 0, 0, 2.47833, 2.48951, -1.4529, 2, 0, 2022-11-16.19:41:00, 231
0, 1.839, 3.196, -1.409, 0, 0, 0, 0, 2.47865, 2.48732, -1.4578, 2, 0, 2022-11-16.19:41:00, 233
0, 1.839, 3.196, -1.409, 0, 0, 0, 0, 2.47872, 2.48694, -1.4578, 2, 0, 2022-11-16.19:41:00, 235
0, 1.839, 3.196, -1.409, 0, 0, 0, 0, 2.47873, 2.48661, -1.4578, 2, 0, 2022-11-16.19:41:00, 236
0, 1.839, 3.196, -1.409, 0, 0, 0, 0, 2.47921, 2.48709, -1.4528, 2, 0, 2022-11-16.19:41:00, 239
0, 1.839, 3.196, -1.409, 0, 0, 0, 0, 2.47934, 2.48699, -1.4528, 2, 0, 2022-11-16.19:41:00, 240
0, 1.839, 3.196, -1.409, 0, 0, 0, 0, 2.47945, 2.48692, -1.4528, 2, 0, 2022-11-16.19:41:00, 242
0, 1.839, 3.196, -1.409, 0, 0, 0, 0, 2.47871, 2.48693, -1.46363, 2, 0, 2022-11-16.19:41:00, 245
0, 1.839, 3.196, -1.409, 0, 0, 0, 0, 2.47865, 2.48687, -1.46363, 2, 0, 2022-11-16.19:41:00, 247
0, 1.839, 3.196, -1.409, 0, 0, 0, 0.23, 2.47869, 2.48785, -1.45575, 2, 0, 2022-11-16.19:41:00, 249
0, 1.839, 3.196, -1.409, -0.23, 0, -0.23, 0, 2.47866, 2.4881, -1.45575, 2, 0, 2022-11-16.19:41:00, 250
0, 1.839, 3.196, -1.409, 0, 0, 0, 0, 2.47863, 2.4883, -1.45575, 2, 0, 2022-11-16.19:41:00, 252
0, 1.839, 3.196, -1.409, -0.23, 0, 0, 0, 2.47869, 2.48844, -1.45575, 2, 0, 2022-11-16.19:41:00, 254
0, 1.839, 3.196, -1.409, -0.23, -0.23, -0.23, 0, 2.47875, 2.48774, -1.45669, 2, 0, 2022-11-16.19:41:00, 0
0, 1.839, 3.196, -1.4092, -0.23, -0.23, 0, 0, 2.47875, 2.48773, -1.45669, 2, 0, 2022-11-16.19:41:00, 1
0, 1.839, 3.196, -1.4094, 0, -0.23, -0.23, 0, 2.47876, 2.48772, -1.45669, 2, 0, 2022-11-16.19:41:00, 3
0, 1.839, 3.196, -1.4097, -0.23, -0.23, -0.23, 0.23, 2.47917, 2.48819, -1.45503, 2, 0, 2022-11-16.19:41:00, 5
0, 1.839, 3.196, -1.4099, 0, -0.23, -0.23, 0.23, 2.47934, 2.48837, -1.45503, 2, 0, 2022-11-16.19:41:00, 8
0, 1.839, 3.196, -1.4099, 0, 0, 0, 0, 2.47928, 2.48783, -1.45979, 2, 0, 2022-11-16.19:41:00, 11
0, 1.839, 3.196, -1.4099, 0, 0, 0, 0.23, 2.4798, 2.48774, -1.46559, 2, 0, 2022-11-16.19:41:00, 17
0, 1.839, 3.196, -1.4099, 0, 0, 0, 0, 2.48003, 2.4877, -1.46559, 2, 0, 2022-11-16.19:41:00, 22
0, 1.839, 3.196, -1.4099, -0.23, 0, 0, 0.23, 2.48022, 2.48766, -1.46559, 2, 0, 2022-11-16.19:41:00, 26
0, 1.839, 3.196, -1.4099, 0.23, 0, 0, -0.23, 2.47996, 2.48823, -1.44866, 2, 0, 2022-11-16.19:41:00, 28
0, 1.839, 3.196, -1.4099, -0.23, 0, 0, -0.23, 2.48003, 2.48833, -1.44866, 2, 0, 2022-11-16.19:41:00, 30
0, 1.839, 3.196, -1.4099, 0.23, -0.23, 0, 0, 2.47986, 2.48832, -1.44866, 2, 0, 2022-11-16.19:41:00, 31
0, 1.839, 3.196, -1.4099, 0, 0, 0, 0.46, 2.47895, 2.4885, -1.45567, 2, 0, 2022-11-16.19:41:00, 33
0, 1.839, 3.196, -1.4099, 0, 0, 0, 0, 2.47873, 2.48862, -1.45567, 2, 0, 2022-11-16.19:41:00, 34
0, 1.839, 3.196, -1.4099, 0, 0, 0, -0.23, 2.47852, 2.48874, -1.45567, 2, 0, 2022-11-16.19:41:00, 37
0, 1.839, 3.196, -1.4099, 0, 0, 0, 0, 2.47853, 2.4884, -1.45948, 2, 0, 2022-11-16.19:41:01, 38
0, 1.839, 3.196, -1.4099, 0, 0, 0, 0.23, 2.47943, 2.48865, -1.46189, 2, 0, 2022-11-16.19:41:01, 43
0, 1.839, 3.196, -1.4099, 0, 0, 0, 0, 2.47956, 2.48882, -1.46189, 2, 0, 2022-11-16.19:41:01, 48
0, 1.839, 3.196, -1.4099, 0, 0, 0, 0, 2.47963, 2.48847, -1.45257, 2, 0, 2022-11-16.19:41:01, 54
0, 1.839, 3.196, -1.4099, 0, 0, 0, 0, 2.47955, 2.48822, -1.45257, 2, 0, 2022-11-16.19:41:01, 58
0, 1.839, 3.196, -1.4099, 0, 0, 0, 0, 2.47959, 2.48815, -1.45257, 2, 0, 2022-11-16.19:41:01, 59
0, 1.839, 3.196, -1.4099, 0, 0, 0, 0, 2.47915, 2.48822, -1.46096, 2, 0, 2022-11-16.19:41:01, 62
0, 1.839, 3.196, -1.4099, 0, 0, 0, 0, 2.47908, 2.48818, -1.46096, 2, 0, 2022-11-16.19:41:01, 64
0, 1.839, 3.196, -1.4099, 0, 0, 0, 0, 2.47955, 2.48821, -1.46024, 2, 0, 2022-11-16.19:41:01, 66
0, 1.839, 3.196, -1.4099, 0, 0, 0, 0.23, 2.47967, 2.48821, -1.46024, 2, 0, 2022-11-16.19:41:01, 68
0, 1.839, 3.196, -1.4099, 0, 0, 0, 0, 2.47974, 2.48819, -1.46024, 2, 0, 2022-11-16.19:41:01, 70
0, 1.839, 3.196, -1.4099, -0.23, 0, 0, 0, 2.47953, 2.48759, -1.46734, 2, 0, 2022-11-16.19:41:01, 72
0, 1.839, 3.196, -1.4099, 0.23, -0.23, 0, 0, 2.47953, 2.48747, -1.46734, 2, 0, 2022-11-16.19:41:01, 74
0, 1.839, 3.196, -1.4099, 0, 0, 0, 0, 2.47944, 2.48749, -1.46734, 2, 0, 2022-11-16.19:41:01, 75
0, 1.839, 3.196, -1.4099, -0.23, 0, 0, 0, 2.47875, 2.48769, -1.46601, 2, 0, 2022-11-16.19:41:01, 78
0, 1.839, 3.196, -1.4099, 0.23, 0, 0, 0, 2.47862, 2.48767, -1.46601, 2, 0, 2022-11-16.19:41:01, 80
0, 1.839, 3.196, -1.4099, 0, 0, 0, 0.23, 2.47884, 2.48819, -1.47254, 2, 0, 2022-11-16.19:41:01, 82
0, 1.839, 3.196, -1.4099, 0, 0, 0, 0, 2.47878, 2.48831, -1.47254, 2, 0, 2022-11-16.19:41:01, 84
0, 1.839, 3.196, -1.4099, 0, 0, 0, 0, 2.47889, 2.48841, -1.47254, 2, 0, 2022-11-16.19:41:01, 85
0, 1.839, 3.196, -1.4099, 0, 0, 0, 0, 2.47943, 2.48869, -1.45728, 2, 0, 2022-11-16.19:41:01, 87
0, 1.839, 3.196, -1.4099, 0, 0, 0, 0.23, 2.47955, 2.48883, -1.45728, 2, 0, 2022-11-16.19:41:01, 89
0, 1.839, 3.196, -1.4099, 0, 0, 0, 0, 2.47971, 2.489, -1.45728, 2, 0, 2022-11-16.19:41:01, 90
0, 1.839, 3.196, -1.4099, -0.23, 0, 0, 0, 2.47976, 2.48847, -1.4708, 2, 0, 2022-11-16.19:41:01, 92
0, 1.839, 3.196, -1.4099, 0, 0, 0, 0, 2.47984, 2.48835, -1.4708, 2, 0, 2022-11-16.19:41:01, 94
0, 1.839, 3.196, -1.4099, 0, 0, 0, 0, 2.47996, 2.48831, -1.4708, 2, 0, 2022-11-16.19:41:01, 96
0, 1.839, 3.196, -1.4099, -0.23, 0, 0, 0, 2.48006, 2.48827, -1.4708, 2, 0, 2022-11-16.19:41:01, 98
0, 1.839, 3.196, -1.4099, 0, 0, 0, 0, 2.48005, 2.48776, -1.45097, 2, 0, 2022-11-16.19:41:01, 99
0, 1.839, 3.196, -1.4099, 0, 0, 0, 0, 2.48013, 2.48761, -1.45097, 2, 0, 2022-11-16.19:41:01, 101
0, 1.839, 3.196, -1.4099, -0.23, 0, 0, 0, 2.47955, 2.48735, -1.46325, 2, 0, 2022-11-16.19:41:01, 104
0, 1.839, 3.196, -1.4099, -0.23, 0, 0, 0, 2.47944, 2.48715, -1.46325, 2, 0, 2022-11-16.19:41:01, 105
0, 1.839, 3.196, -1.4099, 0, 0, 0, 0.23, 2.47934, 2.487, -1.46325, 2, 0, 2022-11-16.19:41:01, 107
0, 1.839, 3.196, -1.4099, 0.23, 0, 0, 0, 2.47922, 2.4868, -1.46325, 2, 0, 2022-11-16.19:41:01, 109
0, 1.839, 3.196, -1.4099, 0, 0, 0, 0, 2.47844, 2.48818, -1.45886, 2, 0, 2022-11-16.19:41:01, 110
0, 1.839, 3.196, -1.4099, 0, 0, 0, 0, 2.47822, 2.4883, -1.45886, 2, 0, 2022-11-16.19:41:01, 112
0, 1.839, 3.196, -1.4099, 0, 0, 0, 0, 2.47891, 2.48828, -1.45893, 2, 0, 2022-11-16.19:41:01, 115
0, 1.839, 3.196, -1.4099, 0.69, 0.92, -1.38, -1.15, 2.47895, 2.48837, -1.45893, 2, 0, 2022-11-16.19:41:01, 117
0, 1.839, 3.196, -1.4099, 1.61, 0.46, -2.76, -2.07, 2.47899, 2.48844, -1.45893, 2, 0, 2022-11-16.19:41:01, 119
0, 1.839, 3.195, -1.4099, 1.61, 0.92, -2.53, -1.15, 2.47913, 2.48725, -1.46258, 2, 0, 2022-11-16.19:41:01, 120
0, 1.839, 3.195, -1.4105, 1.61, 1.15, -1.84, -2.99, 2.47919, 2.48697, -1.46258, 2, 0, 2022-11-16.19:41:01, 122
0, 1.839, 3.194, -1.4126, 1.84, 0.92, -1.61, -2.99, 2.47924, 2.48674, -1.46258, 2, 0, 2022-11-16.19:41:01, 123
0, 1.839, 3.193, -1.4177, 2.76, 2.76, -3.22, -5.52, 2.48008, 2.48813, -1.45683, 2, 0, 2022-11-16.19:41:01, 127
0, 1.839, 3.191, -1.4206, 2.99, 2.99, -3.45, -5.29, 2.48026, 2.48847, -1.45683, 2, 0, 2022-11-16.19:41:01, 128
0, 1.839, 3.191, -1.4221, 3.68, 2.99, -3.91, -5.75, 2.48045, 2.48865, -1.45683, 2, 0, 2022-11-16.19:41:01, 129
0, 1.839, 3.189, -1.4247, 4.37, 4.14, -4.14, -6.67, 2.47934, 2.48785, -1.48134, 2, 0, 2022-11-16.19:41:01, 131
0, 1.839, 3.186, -1.4284, 6.44, 6.21, -4.6, -8.28, 2.47918, 2.48778, -1.48134, 2, 0, 2022-11-16.19:41:01, 134
0, 1.839, 3.181, -1.433, 7.36, 7.13, -6.21, -10.58, 2.47664, 2.48335, -1.47861, 2, 0, 2022-11-16.19:41:01, 137
0, 1.839, 3.179, -1.4357, 8.05, 7.59, -6.21, -11.96, 2.47606, 2.48241, -1.47861, 2, 0, 2022-11-16.19:41:01, 139
0, 1.838, 3.169, -1.4453, 9.89, 10.58, -10.12, -14.49, 2.47459, 2.47106, -1.49891, 2, 0, 2022-11-16.19:41:01, 144
0, 1.838, 3.143, -1.4678, 15.41, 15.87, -14.49, -20.93, 2.46957, 2.44267, -1.54005, 2, 0, 2022-11-16.19:41:01, 154
0, 1.838, 3.123, -1.4763, 19.78, 19.78, -15.64, -24.39, 2.46513, 2.41755, -1.54005, 2, 0, 2022-11-16.19:41:01, 160
0, 1.838, 3.084, -1.4961, 24.85, 24.39, -21.85, -29.91, 2.46286, 2.40238, -1.54291, 2, 0, 2022-11-16.19:41:01, 169
0, 1.838, 3.068, -1.5021, 27.84, 26, -20.93, -31.06, 2.45936, 2.3816, -1.54291, 2, 0, 2022-11-16.19:41:01, 172
0, 1.838, 3.059, -1.5071, 30.83, 26.23, -23, -31.29, 2.46206, 2.39647, -1.54291, 2, 0, 2022-11-16.19:41:01, 174
0, 1.838, 3.046, -1.5162, 30.83, 26.69, -23.46, -33.36, 2.46032, 2.38576, -1.56078, 2, 0, 2022-11-16.19:41:01, 176
0, 1.838, 3.037, -1.524, 28.99, 28.53, -26.23, -36.12, 2.45777, 2.3701, -1.56078, 2, 0, 2022-11-16.19:41:01, 178
0, 1.837, 3.027, -1.5247, 31.06, 30.6, -26.92, -34.74, 2.45631, 2.36279, -1.5748, 2, 0, 2022-11-16.19:41:01, 180
0, 1.837, 3.012, -1.529, 33.82, 30.37, -26.46, -36.81, 2.45555, 2.3586, -1.5748, 2, 0, 2022-11-16.19:41:01, 182
0, 1.836, 3.007, -1.5301, 34.51, 30.6, -26.69, -37.73, 2.45401, 2.34966, -1.5748, 2, 0, 2022-11-16.19:41:01, 183
0, 1.836, 2.997, -1.5325, 37.04, 32.67, -26.69, -39.11, 2.45247, 2.3407, -1.5748, 2, 0, 2022-11-16.19:41:01, 185
0, 1.835, 2.981, -1.539, 37.96, 32.9, -28.99, -41.18, 2.44922, 2.33421, -1.58404, 2, 0, 2022-11-16.19:41:01, 187
0, 1.835, 2.97, -1.5431, 37.73, 34.28, -29.91, -39.34, 2.44795, 2.33083, -1.58404, 2, 0, 2022-11-16.19:41:01, 189
0, 1.835, 2.953, -1.5501, 38.42, 33.59, -32.67, -40.49, 2.44664, 2.32566, -1.58404, 2, 0, 2022-11-16.19:41:01, 191
0, 1.835, 2.941, -1.5519, 38.88, 35.66, -32.44, -43.02, 2.44419, 2.30621, -1.61229, 2, 0, 2022-11-16.19:41:01, 193
0, 1.834, 2.929, -1.5534, 40.03, 37.73, -32.67, -44.17, 2.44235, 2.29651, -1.61229, 2, 0, 2022-11-16.19:41:01, 194
0, 1.833, 2.916, -1.5551, 44.4, 37.96, -34.51, -44.86, 2.44403, 2.30199, -1.61229, 2, 0, 2022-11-16.19:41:01, 196
0, 1.833, 2.91, -1.5569, 46.01, 37.73, -34.51, -45.09, 2.43914, 2.28079, -1.60457, 2, 0, 2022-11-16.19:41:01, 197
0, 1.833, 2.884, -1.5671, 47.4, 38.88, -35.89, -47.4, 2.43704, 2.27034, -1.60457, 2, 0, 2022-11-16.19:41:01, 200
0, 1.833, 2.87, -1.5744, 45.32, 40.72, -39.57, -47.86, 2.43539, 2.26208, -1.60457, 2, 0, 2022-11-16.19:41:01, 202
0, 1.832, 2.864, -1.5764, 44.4, 40.72, -39.34, -47.86, 2.42998, 2.23994, -1.63475, 2, 0, 2022-11-16.19:41:01, 203
0, 1.831, 2.843, -1.5811, 46.01, 41.87, -39.57, -48.78, 2.42706, 2.2266, -1.63475, 2, 0, 2022-11-16.19:41:01, 205
0, 1.831, 2.829, -1.5836, 51.31, 43.25, -38.88, -52.92, 2.42474, 2.21601, -1.63475, 2, 0, 2022-11-16.19:41:01, 207
0, 1.829, 2.806, -1.5903, 54.99, 45.55, -40.26, -56.14, 2.42062, 2.19792, -1.64823, 2, 0, 2022-11-16.19:41:01, 209
0, 1.829, 2.799, -1.5946, 55.45, 43.71, -41.41, -55.45, 2.41999, 2.19521, -1.64823, 2, 0, 2022-11-16.19:41:02, 210
0, 1.828, 2.783, -1.5981, 49.24, 43.25, -43.94, -52.23, 2.41801, 2.18635, -1.64823, 2, 0, 2022-11-16.19:41:02, 212
0, 1.827, 2.761, -1.5986, 51.31, 45.55, -43.48, -53.15, 2.4161, 2.17777, -1.64823, 2, 0, 2022-11-16.19:41:02, 214
0, 1.825, 2.704, -1.6024, 62.58, 46.93, -42.79, -56.83, 2.4006, 2.10947, -1.67491, 2, 0, 2022-11-16.19:41:02, 220
0, 1.824, 2.626, -1.6089, 63.04, 50.62, -52.46, -60.05, 2.38824, 2.05492, -1.69304, 2, 0, 2022-11-16.19:41:02, 227
0, 1.822, 2.571, -1.6206, 66.49, 53.15, -57.29, -66.26, 2.38075, 2.02292, -1.69304, 2, 0, 2022-11-16.19:41:02, 232
0, 1.822, 2.562, -1.6202, 67.18, 53.84, -59.36, -65.34, 2.37892, 2.01486, -1.69304, 2, 0, 2022-11-16.19:41:02, 233
0, 1.822, 2.514, -1.618, 67.64, 52.92, -52.46, -64.65, 2.36485, 1.95211, -1.68711, 2, 0, 2022-11-16.19:41:02, 237
0, 1.822, 2.454, -1.6255, 77.54, 54.76, -63.5, -67.87, 2.36185, 1.93901, -1.68711, 2, 0, 2022-11-16.19:41:02, 242
0, 1.823, 2.403, -1.6349, 73.86, 54.07, -62.81, -66.03, 2.35804, 1.92243, -1.68711, 2, 0, 2022-11-16.19:41:02, 246
0, 1.824, 2.339, -1.6451, 80.76, 58.21, -69.48, -70.4, 2.35428, 1.90603, -1.68711, 2, 0, 2022-11-16.19:41:02, 251
0, 1.824, 2.306, -1.6499, 78, 56.6, -64.42, -72.94, 2.35281, 1.89964, -1.68711, 2, 0, 2022-11-16.19:41:02, 254
0, 1.825, 2.238, -1.6559, 89.27, 60.51, -71.1, -72.25, 2.32469, 1.7772, -1.68711, 2, 0, 2022-11-16.19:41:02, 3
0, 1.828, 2.134, -1.675, 87.66, 59.59, -81.45, -77.54, 2.3217, 1.76417, -1.68711, 2, 0, 2022-11-16.19:41:02, 10
0, 1.831, 2.063, -1.6743, 93.41, 56.37, -72.94, -72.71, 2.31793, 1.74774, -1.68711, 2, 0, 2022-11-16.19:41:02, 15
0, 1.833, 2.026, -1.6812, 94.8, 58.9, -81.68, -75.01, 2.31266, 1.72478, -1.68711, 2, 0, 2022-11-16.19:41:02, 18
0, 1.835, 1.99, -1.6857, 86.51, 58.9, -80.99, -72.94, 2.30888, 1.70831, -1.68711, 2, 0, 2022-11-16.19:41:02, 20
0, 1.837, 1.93, -1.6873, 94.56, 60.28, -78.92, -77.08, 2.30055, 1.67207, -1.68711, 2, 0, 2022-11-16.19:41:02, 24
0, 1.837, 1.917, -1.6889, 95.72, 60.28, -80.99, -77.77, 2.2968, 1.65573, -1.68711, 2, 0, 2022-11-16.19:41:02, 25
0, 1.839, 1.857, -1.6974, 90.19, 57.75, -75.24, -74.78, 2.29, 1.6261, -1.68711, 2, 0, 2022-11-16.19:41:02, 29
0, 1.84, 1.833, -1.7014, 90.42, 57.75, -80.53, -75.7, 2.26481, 1.44306, -1.74878, 2, 0, 2022-11-16.19:41:02, 31
0, 1.84, 1.809, -1.7016, 88.58, 58.9, -82.6, -75.7, 2.25966, 1.41617, -1.74878, 2, 0, 2022-11-16.19:41:02, 33
0, 1.841, 1.785, -1.6969, 89.27, 57.98, -81.22, -75.01, 2.25459, 1.38972, -1.74878, 2, 0, 2022-11-16.19:41:02, 34
0, 1.842, 1.761, -1.6942, 91.34, 57.98, -76.16, -72.71, 2.25422, 1.38525, -1.76909, 2, 0, 2022-11-16.19:41:02, 36
0, 1.843, 1.737, -1.694, 95.26, 57.52, -79.61, -72.94, 2.2503, 1.36414, -1.76909, 2, 0, 2022-11-16.19:41:02, 38
0, 1.846, 1.7, -1.6938, 97.56, 57.29, -81.45, -72.94, 2.24703, 1.3465, -1.76909, 2, 0, 2022-11-16.19:41:02, 40
0, 1.847, 1.688, -1.6938, 97.56, 56.6, -81.68, -71.56, 2.24309, 1.31562, -1.75735, 2, 0, 2022-11-16.19:41:02, 41
0, 1.849, 1.663, -1.6951, 90.19, 56.14, -80.3, -72.02, 2.23982, 1.29587, -1.75735, 2, 0, 2022-11-16.19:41:02, 43
0, 1.851, 1.627, -1.6917, 92.49, 56.37, -81.22, -71.56, 2.24104, 1.30083, -1.75735, 2, 0, 2022-11-16.19:41:02, 45
0, 1.853, 1.603, -1.6875, 95.49, 55.68, -80.53, -72.02, 2.24257, 1.30942, -1.75735, 2, 0, 2022-11-16.19:41:02, 47
0, 1.856, 1.567, -1.684, 92.95, 55.91, -81.45, -71.33, 2.24147, 1.30231, -1.75735, 2, 0, 2022-11-16.19:41:02, 49
0, 1.857, 1.555, -1.6813, 93.18, 55.68, -80.99, -71.1, 2.24009, 1.29335, -1.75735, 2, 0, 2022-11-16.19:41:02, 50
0, 1.86, 1.531, -1.6775, 93.87, 55.45, -79.61, -71.56, 2.23901, 1.28629, -1.75735, 2, 0, 2022-11-16.19:41:02, 52
0, 1.861, 1.519, -1.6764, 92.26, 54.76, -79.61, -71.1, 2.23368, 1.24401, -1.75481, 2, 0, 2022-11-16.19:41:02, 53
0, 1.864, 1.483, -1.6724, 92.26, 54.53, -79.84, -70.17, 2.23123, 1.22619, -1.75481, 2, 0, 2022-11-16.19:41:02, 55
0, 1.867, 1.459, -1.6667, 92.49, 54.76, -82.37, -70.4, 2.22925, 1.21187, -1.75481, 2, 0, 2022-11-16.19:41:02, 57
0, 1.872, 1.423, -1.6568, 93.18, 54.3, -83.06, -69.94, 2.21681, 1.12167, -1.76117, 2, 0, 2022-11-16.19:41:02, 59
0, 1.875, 1.4, -1.6476, 91.8, 55.68, -83.06, -70.63, 2.21291, 1.09338, -1.76117, 2, 0, 2022-11-16.19:41:02, 61
0, 1.876, 1.387, -1.6428, 91.57, 58.67, -83.06, -70.4, 2.21129, 1.08169, -1.76117, 2, 0, 2022-11-16.19:41:02, 62
0, 1.881, 1.352, -1.628, 93.18, 58.67, -81.45, -70.4, 2.20733, 1.04301, -1.74744, 2, 0, 2022-11-16.19:41:02, 64
0, 1.884, 1.327, -1.6198, 93.64, 57.52, -78.46, -70.4, 2.20412, 1.01738, -1.74744, 2, 0, 2022-11-16.19:41:02, 66
0, 1.89, 1.292, -1.6093, 95.72, 56.37, -78, -69.94, 2.20004, 0.984838, -1.74744, 2, 0, 2022-11-16.19:41:02, 68
0, 1.894, 1.268, -1.6056, 93.87, 55.45, -75.7, -70.63, 2.19933, 0.974915, -1.71209, 2, 0, 2022-11-16.19:41:02, 70
0, 1.895, 1.257, -1.6026, 92.49, 55.45, -77.08, -69.48, 2.19676, 0.952692, -1.71209, 2, 0, 2022-11-16.19:41:02, 71
0, 1.902, 1.222, -1.5976, 92.03, 54.76, -79.61, -69.48, 2.19425, 0.931703, -1.71209, 2, 0, 2022-11-16.19:41:02, 73
0, 1.904, 1.21, -1.5941, 91.11, 54.53, -80.76, -70.4, 2.19102, 0.904666, -1.71209, 2, 0, 2022-11-16.19:41:02, 74
0, 1.908, 1.187, -1.5898, 89.96, 54.3, -81.45, -69.02, 2.19225, 0.894111, -1.67828, 2, 0, 2022-11-16.19:41:02, 76
0, 1.915, 1.152, -1.5771, 92.49, 54.53, -82.83, -68.79, 2.19056, 0.87598, -1.67828, 2, 0, 2022-11-16.19:41:02, 78
0, 1.918, 1.14, -1.5716, 92.49, 54.53, -82.83, -69.02, 2.19294, 0.895778, -1.67828, 2, 0, 2022-11-16.19:41:02, 79
0, 1.931, 1.081, -1.5539, 92.03, 56.83, -78, -70.17, 2.18804, 0.830911, -1.67084, 2, 0, 2022-11-16.19:41:02, 83
0, 1.947, 1.012, -1.539, 90.42, 53.61, -82.6, -70.4, 2.18744, 0.823173, -1.67084, 2, 0, 2022-11-16.19:41:02, 88
0, 1.962, 0.953, -1.5191, 94.33, 56.37, -78.92, -71.33, 2.18668, 0.8134, -1.67084, 2, 0, 2022-11-16.19:41:02, 92
0, 1.981, 0.883, -1.5019, 95.03, 54.3, -82.83, -71.33, 2.18608, 0.805554, -1.67084, 2, 0, 2022-11-16.19:41:02, 97
0, 1.988, 0.86, -1.496, 91.11, 54.3, -79.38, -70.86, 2.18532, 0.795813, -1.67084, 2, 0, 2022-11-16.19:41:02, 99
0, 1.997, 0.826, -1.4873, 92.72, 56.37, -79.38, -71.33, 2.18458, 0.78617, -1.67084, 2, 0, 2022-11-16.19:41:02, 101
0, 2.004, 0.803, -1.4819, 93.87, 54.76, -81.91, -71.56, 2.18399, 0.778535, -1.67084, 2, 0, 2022-11-16.19:41:02, 103
0, 2.015, 0.768, -1.472, 94.56, 54.07, -79.84, -72.02, 2.18324, 0.768888, -1.67084, 2, 0, 2022-11-16.19:41:02, 105
0, 2.019, 0.756, -1.4682, 93.64, 55.22, -80.07, -72.02, 2.18264, 0.761111, -1.67084, 2, 0, 2022-11-16.19:41:02, 106
0, 2.026, 0.733, -1.4647, 95.49, 55.22, -78.92, -72.02, 2.18189, 0.751477, -1.67084, 2, 0, 2022-11-16.19:41:02, 108
0, 2.037, 0.699, -1.4592, 91.57, 54.3, -81.68, -72.48, 2.18114, 0.741769, -1.67084, 2, 0, 2022-11-16.19:41:02, 110
0, 2.052, 0.653, -1.4498, 95.26, 55.22, -83.75, -72.25, 2.1795, 0.72061, -1.67084, 2, 0, 2022-11-16.19:41:02, 114
0, 2.065, 0.618, -1.4417, 92.03, 54.76, -82.83, -72.71, 2.17876, 0.711022, -1.67084, 2, 0, 2022-11-16.19:41:02, 116
0, 2.076, 0.583, -1.4318, 92.03, 56.6, -80.99, -73.17, 2.17772, 0.697617, -1.67084, 2, 0, 2022-11-16.19:41:03, 119
0, 2.088, 0.549, -1.4209, 92.49, 56.83, -81.45, -73.17, 2.17712, 0.68982, -1.67084, 2, 0, 2022-11-16.19:41:03, 121
0, 2.092, 0.538, -1.4183, 93.64, 56.6, -81.68, -73.4, 2.17637, 0.68016, -1.67084, 2, 0, 2022-11-16.19:41:03, 122
0, 2.1, 0.515, -1.4122, 95.72, 55.22, -75.47, -72.71, 2.17575, 0.672205, -1.67084, 2, 0, 2022-11-16.19:41:03, 124
0, 2.113, 0.481, -1.411, 94.1, 53.15, -78.92, -73.4, 2.17501, 0.662629, -1.67084, 2, 0, 2022-11-16.19:41:03, 126
0, 2.121, 0.458, -1.4089, 91.11, 53.84, -80.99, -72.02, 2.17426, 0.652894, -1.67084, 2, 0, 2022-11-16.19:41:03, 128
0, 2.125, 0.447, -1.4067, 89.73, 55.45, -82.37, -72.02, 2.17366, 0.645148, -1.67084, 2, 0, 2022-11-16.19:41:03, 129
0, 2.138, 0.413, -1.3977, 91.57, 55.68, -82.83, -72.71, 2.17292, 0.635571, -1.67084, 2, 0, 2022-11-16.19:41:03, 131
0, 2.147, 0.391, -1.3921, 94.1, 53.61, -79.38, -72.94, 2.17217, 0.625926, -1.67084, 2, 0, 2022-11-16.19:41:03, 133
0, 2.161, 0.357, -1.3867, 96.87, 53.38, -78.92, -73.63, 2.17158, 0.618251, -1.67084, 2, 0, 2022-11-16.19:41:03, 135
0, 2.165, 0.346, -1.3857, 95.26, 53.84, -78.23, -73.17, 2.17084, 0.60873, -1.67084, 2, 0, 2022-11-16.19:41:03, 136
0, 2.174, 0.324, -1.3866, 92.03, 53.61, -81.45, -72.94, 2.17008, 0.598913, -1.67084, 2, 0, 2022-11-16.19:41:03, 138
0, 2.179, 0.312, -1.3866, 90.88, 52.92, -82.83, -73.17, 2.16949, 0.591249, -1.67084, 2, 0, 2022-11-16.19:41:03, 139
0, 2.197, 0.268, -1.3765, 94.1, 54.3, -82.37, -72.48, 2.16874, 0.581574, -1.67084, 2, 0, 2022-11-16.19:41:03, 142
0, 2.202, 0.257, -1.3729, 93.41, 54.3, -79.38, -72.94, 2.16815, 0.573915, -1.67084, 2, 0, 2022-11-16.19:41:03, 143
0, 2.216, 0.223, -1.3717, 95.95, 53.84, -78.69, -72.94, 2.16739, 0.564091, -1.67084, 2, 0, 2022-11-16.19:41:03, 145
0, 2.225, 0.201, -1.3714, 94.1, 52.92, -80.3, -73.17, 2.16663, 0.554362, -1.67084, 2, 0, 2022-11-16.19:41:03, 147
0, 2.23, 0.19, -1.3717, 94.1, 52.46, -80.76, -73.17, 2.16601, 0.546363, -1.67084, 2, 0, 2022-11-16.19:41:03, 148
0, 2.245, 0.157, -1.3698, 90.42, 52.92, -82.37, -72.48, 2.16526, 0.536652, -1.67084, 2, 0, 2022-11-16.19:41:03, 150
0, 2.254, 0.135, -1.3669, 92.72, 53.38, -82.37, -72.71, 2.16464, 0.528617, -1.67084, 2, 0, 2022-11-16.19:41:03, 152
0, 2.269, 0.101, -1.3616, 94.56, 52.69, -82.37, -73.4, 2.16389, 0.518985, -1.67084, 2, 0, 2022-11-16.19:41:03, 154
0, 2.279, 0.079, -1.3578, 94.56, 51.31, -82.14, -73.17, 2.16329, 0.511205, -1.67084, 2, 0, 2022-11-16.19:41:03, 156
0, 2.284, 0.068, -1.3555, 94.56, 52.46, -81.22, -73.17, 2.16254, 0.501465, -1.67084, 2, 0, 2022-11-16.19:41:03, 157
0, 2.3, 0.035, -1.3534, 94.8, 54.07, -82.14, -72.48, 2.16193, 0.493664, -1.67084, 2, 0, 2022-11-16.19:41:03, 159
0, 2.31, 0.013, -1.3482, 92.95, 52.69, -82.14, -72.71, 2.16119, 0.484045, -1.67084, 2, 0, 2022-11-16.19:41:03, 161
0, 2.315, 0.002, -1.3455, 94.1, 52, -80.3, -72.48, 2.16044, 0.474311, -1.67084, 2, 0, 2022-11-16.19:41:03, 162
0, 2.33, -0.029, -1.3392, 93.41, 51.77, -79.38, -72.02, 2.15983, 0.46644, -1.67084, 2, 0, 2022-11-16.19:41:03, 164
0, 2.34, -0.051, -1.3373, 91.8, 52.69, -79.84, -71.79, 2.15908, 0.456774, -1.67084, 2, 0, 2022-11-16.19:41:03, 166
0, 2.356, -0.084, -1.3325, 95.03, 52.46, -81.45, -71.79, 2.15834, 0.44721, -1.67084, 2, 0, 2022-11-16.19:41:03, 168
0, 2.361, -0.094, -1.3325, 95.72, 52, -80.76, -71.79, 2.15803, 0.443236, -1.67084, 2, 0, 2022-11-16.19:41:03, 169
0, 2.388, -0.148, -1.3295, 90.88, 52.69, -82.6, -71.56, 2.15246, 0.371315, -1.67084, 2, 0, 2022-11-16.19:41:03, 173
0, 2.421, -0.213, -1.3213, 96.18, 52, -82.37, -71.1, 2.15187, 0.363601, -1.67084, 2, 0, 2022-11-16.19:41:03, 178
0, 2.449, -0.266, -1.3151, 92.03, 51.77, -79.84, -71.1, 2.15112, 0.35392, -1.67084, 2, 0, 2022-11-16.19:41:03, 182
0, 2.483, -0.33, -1.3025, 94.56, 51.31, -83.29, -70.63, 2.15037, 0.344307, -1.67084, 2, 0, 2022-11-16.19:41:03, 187
0, 2.501, -0.362, -1.2956, 94.8, 53.15, -82.83, -71.33, 2.14978, 0.336718, -1.67084, 2, 0, 2022-11-16.19:41:03, 190
0, 2.512, -0.383, -1.2914, 95.49, 52.69, -82.83, -71.33, 2.14904, 0.32708, -1.67084, 2, 0, 2022-11-16.19:41:03, 191
0, 2.524, -0.404, -1.2883, 93.41, 52.46, -81.22, -69.71, 2.14829, 0.317354, -1.67084, 2, 0, 2022-11-16.19:41:03, 193
0, 2.536, -0.425, -1.2834, 94.56, 52, -82.6, -70.63, 2.14769, 0.309661, -1.67084, 2, 0, 2022-11-16.19:41:03, 195
0, 2.548, -0.446, -1.2781, 94.56, 52, -83.29, -70.17, 2.14694, 0.29999, -1.67084, 2, 0, 2022-11-16.19:41:03, 196
0, 2.56, -0.467, -1.2732, 95.49, 53.15, -82.6, -70.86, 2.14619, 0.290297, -1.67084, 2, 0, 2022-11-16.19:41:03, 198
0, 2.572, -0.488, -1.2678, 93.64, 54.53, -80.3, -70.4, 2.14562, 0.282884, -1.67084, 2, 0, 2022-11-16.19:41:03, 200
0, 2.591, -0.52, -1.2624, 95.26, 52.92, -82.37, -69.94, 2.14486, 0.273155, -1.67084, 2, 0, 2022-11-16.19:41:03, 202
0, 2.597, -0.53, -1.2606, 95.49, 52.92, -83.29, -70.4, 2.14411, 0.26337, -1.67084, 2, 0, 2022-11-16.19:41:03, 203
0, 2.622, -0.571, -1.2499, 92.49, 52.69, -83.52, -70.86, 2.14351, 0.255641, -1.67084, 2, 0, 2022-11-16.19:41:03, 206
0, 2.628, -0.582, -1.2453, 94.1, 53.15, -80.99, -69.71, 2.14276, 0.245931, -1.67084, 2, 0, 2022-11-16.19:41:03, 207
0, 2.641, -0.602, -1.24, 92.49, 54.3, -81.91, -70.4, 2.14216, 0.238255, -1.67084, 2, 0, 2022-11-16.19:41:03, 209
0, 2.666, -0.643, -1.227, 95.26, 54.07, -82.14, -70.17, 2.14111, 0.224657, -1.67084, 2, 0, 2022-11-16.19:41:03, 212
0, 2.673, -0.654, -1.2241, 95.95, 54.07, -82.37, -70.86, 2.14036, 0.214966, -1.67084, 2, 0, 2022-11-16.19:41:03, 213
0, 2.687, -0.674, -1.22, 96.87, 53.38, -80.3, -70.86, 2.13961, 0.205316, -1.67084, 2, 0, 2022-11-16.19:41:03, 215
0, 2.706, -0.705, -1.2188, 95.49, 53.38, -80.3, -70.63, 2.13902, 0.197708, -1.67084, 2, 0, 2022-11-16.19:41:03, 217
0, 2.713, -0.715, -1.2179, 93.64, 52.92, -82.37, -70.4, 2.13828, 0.188058, -1.67084, 2, 0, 2022-11-16.19:41:03, 218
0, 2.726, -0.735, -1.2142, 90.19, 51.31, -81.91, -69.25, 2.13754, 0.178566, -1.67084, 2, 0, 2022-11-16.19:41:03, 220
0, 2.746, -0.764, -1.2029, 91.8, 49.7, -83.98, -69.94, 2.13695, 0.170912, -1.67084, 2, 0, 2022-11-16.19:41:03, 222
0, 2.76, -0.784, -1.1953, 94.8, 48.78, -84.67, -69.71, 2.13621, 0.161416, -1.67084, 2, 0, 2022-11-16.19:41:03, 224
0, 2.782, -0.813, -1.1795, 94.1, 51.08, -84.9, -70.17, 2.13562, 0.15373, -1.67084, 2, 0, 2022-11-16.19:41:03, 226
0, 2.788, -0.823, -1.1749, 94.33, 56.14, -80.99, -71.1, 2.13487, 0.144063, -1.67084, 2, 0, 2022-11-16.19:41:03, 227
0, 2.802, -0.843, -1.1718, 95.49, 57.29, -79.61, -71.1, 2.13412, 0.134369, -1.67084, 2, 0, 2022-11-16.19:41:03, 229
0, 2.809, -0.853, -1.1711, 96.18, 55.91, -80.99, -70.86, 2.13397, 0.132423, -1.67084, 2, 0, 2022-11-16.19:41:03, 230
