ID, ROBOT_X, ROBOT_Y, ROBOT_W, ROBOT_M1, ROBOT_M2, ROBOT_M3, ROBOT_M4, VISION_X, VISION_Y, VISION_W, BEHAVIOR, LABEL, TIMESTAMP, PCKT
5, -1.992, -0.992, 0.0082, 17.25, 7.13, -7.13, -11.73, -1.99819, -0.993489, 0.00561813, 0, 0, 2022-08-25.19:29:42, 26
5, -1.991, -0.992, 0.0067, 21.39, 8.97, -8.28, -14.03, -1.99817, -0.993512, 0.00561813, 0, 0, 2022-08-25.19:29:42, 27
5, -1.982, -0.992, -0.0035, 26.23, 15.18, -13.57, -23.7, -1.99815, -0.993536, 0.00561813, 0, 0, 2022-08-25.19:29:42, 29
5, -1.975, -0.992, -0.013, 29.68, 17.48, -20.93, -30.83, -1.99816, -0.993647, 0.0094885, 0, 0, 2022-08-25.19:29:42, 31
5, -1.967, -0.993, -0.0173, 32.44, 25.31, -20.47, -26, -1.99815, -0.993686, 0.0094885, 0, 0, 2022-08-25.19:29:42, 33
5, -1.958, -0.993, -0.0363, 31.52, 22.31, -23.7, -26.46, -1.99814, -0.993726, 0.0094885, 0, 0, 2022-08-25.19:29:42, 34
5, -1.95, -0.993, -0.05, 28.53, 18.63, -25.31, -29.68, -1.99812, -0.993766, 0.0094885, 0, 0, 2022-08-25.19:29:42, 36
5, -1.941, -0.994, -0.0581, 35.2, 26.69, -24.85, -31.98, -1.99811, -0.993798, 0.0094885, 0, 0, 2022-08-25.19:29:42, 38
5, -1.926, -0.995, -0.083, 35.89, 25.54, -28.99, -33.36, -1.99821, -0.993665, 0.00263334, 0, 0, 2022-08-25.19:29:42, 40
5, -1.921, -0.996, -0.0905, 36.58, 25.54, -28.76, -33.59, -1.99822, -0.993669, 0.00263334, 0, 0, 2022-08-25.19:29:42, 41
5, -1.906, -0.998, -0.1171, 37.27, 29.91, -28.99, -31.29, -1.99823, -0.993674, 0.00263334, 0, 0, 2022-08-25.19:29:42, 43
5, -1.896, -0.999, -0.1377, 29.68, 25.54, -31.29, -32.21, -1.99824, -0.993679, 0.00263334, 0, 0, 2022-08-25.19:29:42, 45
5, -1.886, -1.001, -0.1468, 34.51, 27.38, -30.6, -35.2, -1.99825, -0.993682, 0.00263334, 0, 0, 2022-08-25.19:29:42, 47
5, -1.881, -1.002, -0.1531, 36.35, 28.99, -29.91, -32.67, -1.99826, -0.993687, 0.00263334, 0, 0, 2022-08-25.19:29:42, 48
5, -1.865, -1.005, -0.1684, 37.27, 28.3, -29.91, -30.6, -1.98916, -0.996132, -0.0625133, 0, 0, 2022-08-25.19:29:42, 50
5, -1.855, -1.007, -0.1792, 33.59, 26.69, -29.45, -31.52, -1.9877, -0.99653, -0.0625133, 0, 0, 2022-08-25.19:29:42, 52
5, -1.845, -1.009, -0.1835, 33.13, 25.31, -29.22, -30.83, -1.98581, -0.997043, -0.0625133, 0, 0, 2022-08-25.19:29:42, 53
5, -1.835, -1.01, -0.1848, 38.42, 28.76, -30.6, -30.14, -1.98395, -0.997548, -0.0625133, 0, 0, 2022-08-25.19:29:42, 55
5, -1.825, -1.012, -0.1865, 39.11, 28.07, -33.82, -29.22, -1.98245, -0.997957, -0.0625133, 0, 0, 2022-08-25.19:29:42, 57
5, -1.809, -1.014, -0.1849, 40.72, 29.91, -34.28, -30.83, -1.9729, -1.00071, -0.115155, 0, 0, 2022-08-25.19:29:42, 59
5, -1.798, -1.015, -0.1799, 37.5, 28.3, -30.6, -28.99, -1.96925, -1.00174, -0.115155, 0, 0, 2022-08-25.19:29:42, 61
5, -1.793, -1.016, -0.1768, 38.42, 28.53, -30.37, -28.76, -1.9663, -1.00257, -0.115155, 0, 0, 2022-08-25.19:29:42, 62
5, -1.777, -1.018, -0.165, 40.95, 29.45, -31.98, -30.14, -1.96267, -1.00359, -0.115155, 0, 0, 2022-08-25.19:29:42, 64
5, -1.767, -1.019, -0.157, 35.89, 26, -28.99, -26.23, -1.95908, -1.00461, -0.115155, 0, 0, 2022-08-25.19:29:42, 66
5, -1.752, -1.021, -0.1432, 37.04, 27.15, -29.22, -26.23, -1.96438, -1.00323, -0.115155, 0, 0, 2022-08-25.19:29:42, 68
5, -1.747, -1.021, -0.1355, 40.03, 28.07, -30.37, -27.61, -1.93768, -1.01292, -0.188807, 0, 0, 2022-08-25.19:29:42, 69
5, -1.736, -1.022, -0.1258, 38.88, 28.53, -31.06, -27.15, -1.93108, -1.01522, -0.188807, 0, 0, 2022-08-25.19:29:42, 71
5, -1.721, -1.023, -0.1084, 36.12, 29.45, -29.91, -27.84, -1.92561, -1.01712, -0.188807, 0, 0, 2022-08-25.19:29:42, 73
5, -1.711, -1.024, -0.0973, 37.04, 30.14, -27.38, -27.38, -1.91892, -1.01945, -0.188807, 0, 0, 2022-08-25.19:29:42, 75
5, -1.701, -1.025, -0.0903, 37.04, 29.68, -27.84, -28.07, -1.92007, -1.01943, -0.188807, 0, 0, 2022-08-25.19:29:42, 77
5, -1.691, -1.026, -0.0809, 37.5, 29.22, -28.99, -27.84, -1.88791, -1.02907, -0.163859, 0, 0, 2022-08-25.19:29:42, 78
5, -1.681, -1.027, -0.071, 36.81, 28.3, -27.38, -29.22, -1.87713, -1.03257, -0.163859, 0, 0, 2022-08-25.19:29:42, 80
5, -1.671, -1.027, -0.062, 35.66, 27.61, -25.31, -30.14, -1.8662, -1.03611, -0.163859, 0, 0, 2022-08-25.19:29:42, 82
5, -1.656, -1.029, -0.0531, 36.81, 28.76, -28.07, -31.75, -1.85748, -1.03895, -0.163859, 0, 0, 2022-08-25.19:29:43, 84
5, -1.651, -1.029, -0.0498, 36.12, 27.15, -28.76, -30.37, -1.84645, -1.04253, -0.163859, 0, 0, 2022-08-25.19:29:43, 85
5, -1.641, -1.029, -0.0452, 38.42, 26.46, -29.68, -30.83, -1.84976, -1.04012, -0.127268, 0, 0, 2022-08-25.19:29:43, 87
5, -1.626, -1.03, -0.0379, 36.35, 26, -28.3, -31.52, -1.84315, -1.04207, -0.127268, 0, 0, 2022-08-25.19:29:43, 89
5, -1.611, -1.03, -0.0311, 37.04, 25.54, -29.91, -32.21, -1.83122, -1.04557, -0.127268, 0, 0, 2022-08-25.19:29:43, 92
5, -1.601, -1.03, -0.0279, 38.42, 24.62, -30.37, -32.21, -1.82269, -1.04807, -0.127268, 0, 0, 2022-08-25.19:29:43, 93
5, -1.59, -1.03, -0.028, 38.42, 25.54, -30.37, -32.21, -1.81426, -1.05054, -0.127268, 0, 0, 2022-08-25.19:29:43, 95
5, -1.585, -1.03, -0.028, 37.04, 25.77, -28.76, -31.98, -1.80979, -1.04931, -0.0590431, 0, 0, 2022-08-25.19:29:43, 96
5, -1.57, -1.031, -0.0257, 35.66, 25.31, -29.68, -32.44, -1.80121, -1.0513, -0.0590431, 0, 0, 2022-08-25.19:29:43, 98
5, -1.555, -1.031, -0.0252, 37.04, 25.31, -30.83, -33.13, -1.78899, -1.05412, -0.0590431, 0, 0, 2022-08-25.19:29:43, 101
5, -1.539, -1.031, -0.0234, 36.35, 23.93, -27.61, -31.52, -1.78204, -1.05573, -0.0590431, 0, 0, 2022-08-25.19:29:43, 103
5, -1.534, -1.031, -0.0255, 35.89, 24.16, -28.53, -31.75, -1.77345, -1.05772, -0.0590431, 0, 0, 2022-08-25.19:29:43, 104
5, -1.525, -1.031, -0.0252, 34.51, 24.16, -30.14, -32.44, -1.74959, -1.05639, -0.0261998, 0, 0, 2022-08-25.19:29:43, 106
5, -1.509, -1.031, -0.0226, 36.58, 25.31, -30.37, -32.67, -1.73991, -1.05752, -0.0261998, 0, 0, 2022-08-25.19:29:43, 108
5, -1.499, -1.031, -0.0202, 37.96, 26.46, -29.45, -33.13, -1.72774, -1.05895, -0.0261998, 0, 0, 2022-08-25.19:29:43, 110
5, -1.489, -1.031, -0.0196, 35.89, 25.08, -29.22, -31.75, -1.71813, -1.06008, -0.0261998, 0, 0, 2022-08-25.19:29:43, 112
5, -1.479, -1.031, -0.0189, 35.2, 26.46, -29.45, -31.52, -1.7249, -1.05737, -0.0261998, 0, 0, 2022-08-25.19:29:43, 113
5, -1.474, -1.031, -0.0156, 35.66, 26, -29.22, -31.52, -1.7026, -1.0573, -0.0248034, 0, 0, 2022-08-25.19:29:43, 114
5, -1.463, -1.032, -0.0136, 37.27, 26.92, -29.45, -32.9, -1.69404, -1.05757, -0.0248034, 0, 0, 2022-08-25.19:29:43, 116
5, -1.453, -1.032, -0.0129, 37.04, 26.46, -28.07, -32.44, -1.68328, -1.05792, -0.0248034, 0, 0, 2022-08-25.19:29:43, 118
5, -1.438, -1.032, -0.0123, 37.27, 27.15, -28.3, -32.67, -1.67478, -1.0582, -0.0248034, 0, 0, 2022-08-25.19:29:43, 120
5, -1.428, -1.032, -0.0104, 35.89, 27.15, -29.22, -32.9, -1.66391, -1.05667, -0.0200842, 0, 0, 2022-08-25.19:29:43, 122
5, -1.417, -1.033, -0.0099, 34.05, 26.46, -27.61, -31.75, -1.65261, -1.0566, -0.0200842, 0, 0, 2022-08-25.19:29:43, 123
5, -1.407, -1.034, -0.009, 35.2, 27.84, -28.53, -33.13, -1.64349, -1.05655, -0.0200842, 0, 0, 2022-08-25.19:29:43, 125
5, -1.382, -1.035, -0.0044, 34.74, 26.46, -27.61, -32.21, -1.63517, -1.05649, -0.0200842, 0, 0, 2022-08-25.19:29:43, 129
5, -1.377, -1.035, -0.0031, 35.43, 28.3, -28.3, -34.28, -1.61229, -1.05572, -0.00806968, 0, 0, 2022-08-25.19:29:43, 130
5, -1.366, -1.036, -0.0007, 35.89, 28.07, -28.07, -33.59, -1.60323, -1.05556, -0.00806968, 0, 0, 2022-08-25.19:29:43, 132
5, -1.351, -1.036, 0.0008, 34.97, 27.38, -28.99, -32.67, -1.59195, -1.05536, -0.00806968, 0, 0, 2022-08-25.19:29:43, 134
5, -1.346, -1.036, 0.0013, 34.97, 27.38, -28.99, -33.59, -1.58079, -1.05516, -0.00806968, 0, 0, 2022-08-25.19:29:43, 135
5, -1.335, -1.037, 0.0054, 36.58, 28.53, -28.53, -34.51, -1.57268, -1.05549, -0.00217579, 0, 0, 2022-08-25.19:29:43, 137
5, -1.32, -1.037, 0.0058, 36.81, 26.46, -27.84, -33.59, -1.56104, -1.05541, -0.00217579, 0, 0, 2022-08-25.19:29:43, 139
5, -1.31, -1.037, 0.0086, 34.97, 27.15, -28.76, -34.05, -1.54918, -1.05533, -0.00217579, 0, 0, 2022-08-25.19:29:43, 141
5, -1.305, -1.038, 0.0096, 34.28, 27.61, -28.99, -32.67, -1.53973, -1.05526, -0.00217579, 0, 0, 2022-08-25.19:29:43, 142
5, -1.289, -1.038, 0.0143, 35.43, 27.84, -29.22, -32.9, -1.52782, -1.05517, -0.00217579, 0, 0, 2022-08-25.19:29:43, 144
5, -1.279, -1.038, 0.0146, 34.97, 28.3, -28.07, -33.59, -1.52217, -1.05536, 0.00512123, 0, 0, 2022-08-25.19:29:43, 146
5, -1.273, -1.038, 0.0177, 35.89, 28.53, -27.38, -34.28, -1.51088, -1.05532, 0.00512123, 0, 0, 2022-08-25.19:29:43, 147
5, -1.258, -1.039, 0.0169, 34.97, 27.38, -28.07, -34.28, -1.4996, -1.05528, 0.00512123, 0, 0, 2022-08-25.19:29:43, 149
5, -1.248, -1.04, 0.0186, 34.28, 28.07, -28.53, -34.28, -1.4906, -1.05524, 0.00512123, 0, 0, 2022-08-25.19:29:43, 151
5, -1.242, -1.04, 0.0197, 34.51, 27.84, -27.38, -34.05, -1.49559, -1.05438, 0.00276703, 0, 0, 2022-08-25.19:29:43, 152
5, -1.227, -1.04, 0.0185, 34.97, 28.07, -28.3, -34.05, -1.48928, -1.05419, 0.00276703, 0, 0, 2022-08-25.19:29:43, 154
5, -1.217, -1.041, 0.0183, 35.43, 28.53, -29.45, -34.05, -1.48135, -1.05394, 0.00276703, 0, 0, 2022-08-25.19:29:43, 156
5, -1.201, -1.041, 0.019, 33.59, 28.53, -28.3, -34.05, -1.47349, -1.0537, 0.00276703, 0, 0, 2022-08-25.19:29:43, 158
5, -1.191, -1.042, 0.0207, 34.51, 28.99, -27.61, -34.28, -1.46724, -1.05351, 0.00276703, 0, 0, 2022-08-25.19:29:43, 160
5, -1.186, -1.042, 0.0207, 34.74, 28.3, -28.3, -35.2, -1.44679, -1.05358, 0.0271789, 0, 0, 2022-08-25.19:29:43, 161
5, -1.171, -1.043, 0.0234, 34.05, 27.38, -27.15, -32.67, -1.4357, -1.05341, 0.0271789, 0, 0, 2022-08-25.19:29:43, 163
5, -1.161, -1.043, 0.0239, 34.28, 26.92, -28.07, -32.44, -1.42682, -1.05327, 0.0271789, 0, 0, 2022-08-25.19:29:43, 165
5, -1.156, -1.043, 0.0204, 33.36, 26.69, -27.38, -32.21, -1.41549, -1.05309, 0.0271789, 0, 0, 2022-08-25.19:29:43, 166
5, -1.141, -1.044, 0.0248, 32.9, 26.69, -26.92, -32.44, -1.40363, -1.05307, 0.0203058, 0, 0, 2022-08-25.19:29:43, 168
5, -1.131, -1.044, 0.0246, 33.36, 26.92, -27.15, -32.9, -1.39434, -1.05294, 0.0203058, 0, 0, 2022-08-25.19:29:43, 170
5, -1.126, -1.044, 0.024, 31.06, 26.23, -25.31, -30.83, -1.38263, -1.05279, 0.0203058, 0, 0, 2022-08-25.19:29:43, 171
5, -1.112, -1.045, 0.0242, 31.98, 26, -26.69, -32.67, -1.3732, -1.05266, 0.0203058, 0, 0, 2022-08-25.19:29:43, 173
5, -1.107, -1.045, 0.0263, 32.44, 26.46, -26.23, -32.21, -1.36141, -1.05251, 0.0203058, 0, 0, 2022-08-25.19:29:43, 174
5, -1.092, -1.046, 0.0248, 33.13, 25.77, -27.61, -31.75, -1.36959, -1.05281, 0.013536, 0, 0, 2022-08-25.19:29:43, 176
5, -1.083, -1.046, 0.0243, 31.52, 26.92, -24.85, -31.52, -1.36148, -1.05276, 0.013536, 0, 0, 2022-08-25.19:29:43, 178
5, -1.078, -1.046, 0.0248, 32.44, 27.61, -26, -33.13, -1.35338, -1.0527, 0.013536, 0, 0, 2022-08-25.19:29:43, 179
5, -1.054, -1.048, 0.0232, 32.21, 26, -26, -31.29, -1.35561, -1.05307, 0.013536, 0, 0, 2022-08-25.19:29:43, 183
5, -1.045, -1.048, 0.024, 32.44, 25.08, -25.77, -30.83, -1.32171, -1.05359, 0.0229817, 0, 0, 2022-08-25.19:29:43, 184
5, -1.031, -1.048, 0.0246, 31.29, 25.08, -26.23, -31.52, -1.31099, -1.05376, 0.0229817, 0, 0, 2022-08-25.19:29:43, 187
5, -1.026, -1.048, 0.026, 30.37, 24.85, -24.85, -30.83, -1.30249, -1.05388, 0.0229817, 0, 0, 2022-08-25.19:29:43, 188
5, -1.012, -1.049, 0.0255, 30.37, 25.31, -25.77, -31.06, -1.29185, -1.05404, 0.0229817, 0, 0, 2022-08-25.19:29:43, 190
5, -1.007, -1.049, 0.0278, 30.37, 24.85, -24.16, -30.83, -1.28137, -1.05462, 0.0289821, 0, 0, 2022-08-25.19:29:43, 191
5, -0.998, -1.05, 0.0269, 31.29, 25.31, -24.39, -29.91, -1.27261, -1.05483, 0.0289821, 0, 0, 2022-08-25.19:29:43, 193
5, -0.985, -1.05, 0.027, 30.37, 24.16, -25.31, -29.22, -1.26168, -1.0551, 0.0289821, 0, 0, 2022-08-25.19:29:43, 195
5, -0.98, -1.05, 0.0252, 31.06, 23.7, -24.85, -29.91, -1.25294, -1.05531, 0.0289821, 0, 0, 2022-08-25.19:29:43, 196
5, -0.935, -1.052, 0.0267, 29.22, 24.85, -23.23, -28.3, -1.2133, -1.0572, 0.0253942, 0, 0, 2022-08-25.19:29:43, 204
5, -0.931, -1.052, 0.0267, 28.76, 24.85, -23.23, -28.07, -1.20222, -1.05761, 0.0253942, 0, 0, 2022-08-25.19:29:43, 205
5, -0.926, -1.052, 0.0257, 28.99, 23.7, -23.93, -28.07, -1.19714, -1.05789, 0.0253225, 0, 0, 2022-08-25.19:29:43, 206
5, -0.909, -1.053, 0.0263, 29.22, 22.77, -22.77, -28.53, -1.1867, -1.0583, 0.0253225, 0, 0, 2022-08-25.19:29:43, 209
5, -0.9, -1.053, 0.0273, 27.84, 22.54, -22.54, -26.69, -1.17811, -1.05863, 0.0253225, 0, 0, 2022-08-25.19:29:43, 211
5, -0.896, -1.053, 0.0262, 28.3, 23, -23.23, -26.69, -1.1677, -1.05904, 0.0253225, 0, 0, 2022-08-25.19:29:43, 212
5, -0.888, -1.053, 0.0265, 28.53, 23, -23.23, -27.15, -1.1573, -1.05945, 0.0253225, 0, 0, 2022-08-25.19:29:43, 213
5, -0.875, -1.053, 0.0282, 28.76, 22.31, -23.23, -27.15, -1.16755, -1.05903, 0.0217026, 0, 0, 2022-08-25.19:29:43, 216
5, -0.867, -1.053, 0.0289, 28.07, 22.77, -22.08, -28.3, -1.16077, -1.05929, 0.0217026, 0, 0, 2022-08-25.19:29:43, 217
5, -0.859, -1.054, 0.029, 26.92, 22.77, -21.62, -27.38, -1.15396, -1.05955, 0.0217026, 0, 0, 2022-08-25.19:29:43, 219
5, -0.851, -1.055, 0.0308, 26, 22.77, -21.62, -26.46, -1.14852, -1.05976, 0.0217026, 0, 0, 2022-08-25.19:29:43, 221
5, -0.843, -1.055, 0.0316, 26, 22.31, -21.39, -26.46, -1.15547, -1.05943, 0.0217026, 0, 0, 2022-08-25.19:29:43, 222
5, -0.835, -1.055, 0.0321, 26.92, 22.31, -22.08, -26.46, -1.12456, -1.06104, 0.0305079, 0, 0, 2022-08-25.19:29:43, 224
5, -0.827, -1.055, 0.0333, 26.23, 22.08, -20.93, -26, -1.11484, -1.0615, 0.0305079, 0, 0, 2022-08-25.19:29:43, 226
5, -0.819, -1.056, 0.034, 26.69, 22.31, -21.39, -25.77, -1.10521, -1.06195, 0.0305079, 0, 0, 2022-08-25.19:29:43, 227
5, -0.811, -1.056, 0.0338, 26.69, 22.08, -21.85, -24.85, -1.09748, -1.06231, 0.0305079, 0, 0, 2022-08-25.19:29:43, 229
5, -0.8, -1.056, 0.0352, 24.39, 19.55, -19.32, -23.7, -1.08835, -1.06295, 0.0276859, 0, 0, 2022-08-25.19:29:43, 231
5, -0.792, -1.056, 0.0353, 23.93, 19.78, -20.7, -24.16, -1.08044, -1.06335, 0.0276859, 0, 0, 2022-08-25.19:29:43, 233
5, -0.789, -1.057, 0.0356, 24.85, 19.55, -20.93, -23.7, -1.07059, -1.06386, 0.0276859, 0, 0, 2022-08-25.19:29:43, 234
5, -0.778, -1.057, 0.0392, 25.77, 20.24, -21.62, -23.93, -1.06086, -1.06436, 0.0276859, 0, 0, 2022-08-25.19:29:43, 236
5, -0.77, -1.057, 0.042, 26.23, 21.39, -21.62, -25.08, -1.05304, -1.06477, 0.0276859, 0, 0, 2022-08-25.19:29:43, 238
5, -0.766, -1.057, 0.0427, 25.54, 21.62, -21.39, -24.85, -1.0471, -1.06458, 0.0393525, 0, 0, 2022-08-25.19:29:43, 239
5, -0.755, -1.057, 0.045, 24.85, 21.16, -20.93, -24.16, -1.03762, -1.06496, 0.0393525, 0, 0, 2022-08-25.19:29:43, 241
5, -0.751, -1.057, 0.047, 24.62, 20.24, -20.01, -23.93, -1.02999, -1.06527, 0.0393525, 0, 0, 2022-08-25.19:29:43, 242
5, -0.744, -1.057, 0.0489, 23.93, 21.62, -20.24, -23.93, -1.02048, -1.06565, 0.0393525, 0, 0, 2022-08-25.19:29:43, 244
5, -0.733, -1.058, 0.0524, 21.39, 21.39, -16.79, -22.31, -1.01609, -1.06623, 0.034669, 0, 0, 2022-08-25.19:29:43, 246
5, -0.725, -1.058, 0.0534, 23.23, 21.39, -17.71, -22.54, -1.0071, -1.0667, 0.034669, 0, 0, 2022-08-25.19:29:43, 248
5, -0.715, -1.059, 0.0551, 22.31, 21.16, -19.09, -22.54, -0.998052, -1.06717, 0.034669, 0, 0, 2022-08-25.19:29:43, 250
5, -0.708, -1.059, 0.0583, 23.23, 19.78, -18.17, -21.85, -0.985321, -1.06784, 0.034669, 0, 0, 2022-08-25.19:29:44, 252
5, -0.685, -1.059, 0.0641, 21.62, 20.7, -17.48, -22.77, -0.976388, -1.06918, 0.0458018, 0, 0, 2022-08-25.19:29:44, 2
5, -0.665, -1.06, 0.0639, 21.16, 16.56, -17.71, -20.7, -0.952134, -1.07119, 0.0522738, 0, 0, 2022-08-25.19:29:44, 7
5, -0.655, -1.06, 0.0628, 21.85, 16.1, -17.25, -21.39, -0.945737, -1.0717, 0.0522738, 0, 0, 2022-08-25.19:29:44, 9
5, -0.649, -1.06, 0.0617, 21.85, 16.56, -17.94, -21.16, -0.937878, -1.07232, 0.0522738, 0, 0, 2022-08-25.19:29:44, 11
5, -0.646, -1.06, 0.062, 21.85, 16.33, -17.94, -21.16, -0.93156, -1.07282, 0.0522738, 0, 0, 2022-08-25.19:29:44, 12
5, -0.636, -1.059, 0.0612, 21.62, 17.94, -17.71, -21.39, -0.92541, -1.07342, 0.0579919, 0, 0, 2022-08-25.19:29:44, 14
5, -0.63, -1.059, 0.0594, 21.39, 16.79, -18.4, -21.62, -0.917652, -1.07405, 0.0579919, 0, 0, 2022-08-25.19:29:44, 16
5, -0.62, -1.059, 0.0592, 21.16, 16.1, -17.48, -20.93, -0.91145, -1.07456, 0.0579919, 0, 0, 2022-08-25.19:29:44, 18
5, -0.617, -1.059, 0.0591, 21.39, 15.64, -17.25, -20.93, -0.903729, -1.0752, 0.0579919, 0, 0, 2022-08-25.19:29:44, 19
5, -0.611, -1.059, 0.0587, 20.93, 16.1, -17.02, -20.24, -0.907598, -1.07431, 0.0610183, 0, 0, 2022-08-25.19:29:44, 21
5, -0.602, -1.059, 0.0574, 21.16, 15.41, -16.56, -18.86, -0.90331, -1.07455, 0.0610183, 0, 0, 2022-08-25.19:29:44, 23
5, -0.599, -1.059, 0.0571, 21.62, 16.56, -17.25, -19.32, -0.898018, -1.07484, 0.0610183, 0, 0, 2022-08-25.19:29:44, 24
5, -0.59, -1.058, 0.056, 21.39, 16.79, -17.48, -19.55, -0.89375, -1.07508, 0.0610183, 0, 0, 2022-08-25.19:29:44, 26
5, -0.581, -1.058, 0.0559, 20.93, 15.18, -16.79, -18.86, -0.87625, -1.07505, 0.0556602, 0, 0, 2022-08-25.19:29:44, 29
5, -0.578, -1.058, 0.0559, 20.24, 14.26, -16.79, -19.32, -0.868251, -1.07525, 0.0556602, 0, 0, 2022-08-25.19:29:44, 30
5, -0.57, -1.058, 0.056, 19.55, 13.34, -16.1, -18.86, -0.860299, -1.07546, 0.0556602, 0, 0, 2022-08-25.19:29:44, 32
5, -0.564, -1.057, 0.0569, 19.78, 13.8, -16.1, -19.09, -0.853971, -1.07562, 0.0556602, 0, 0, 2022-08-25.19:29:44, 34
5, -0.559, -1.057, 0.0576, 19.78, 13.8, -16.33, -18.86, -0.844424, -1.07475, 0.0566082, 0, 0, 2022-08-25.19:29:44, 35
5, -0.553, -1.056, 0.0589, 18.86, 13.34, -14.95, -17.48, -0.836668, -1.07471, 0.0566082, 0, 0, 2022-08-25.19:29:44, 37
5, -0.547, -1.056, 0.0587, 19.78, 13.34, -15.64, -17.71, -0.828174, -1.07467, 0.0566082, 0, 0, 2022-08-25.19:29:44, 39
5, -0.542, -1.056, 0.0578, 19.32, 13.57, -16.33, -17.94, -0.836327, -1.07415, 0.0566082, 0, 0, 2022-08-25.19:29:44, 40
5, -0.536, -1.055, 0.0572, 20.24, 14.49, -16.33, -19.09, -0.825531, -1.07452, 0.0481942, 0, 0, 2022-08-25.19:29:44, 42
5, -0.528, -1.055, 0.0562, 20.24, 14.49, -15.87, -19.32, -0.819517, -1.07447, 0.0481942, 0, 0, 2022-08-25.19:29:44, 44
5, -0.523, -1.055, 0.0557, 18.17, 13.34, -15.41, -17.94, -0.814786, -1.07443, 0.0481942, 0, 0, 2022-08-25.19:29:44, 46
5, -0.52, -1.055, 0.0554, 18.63, 13.11, -15.87, -17.48, -0.811909, -1.07412, 0.0506167, 0, 0, 2022-08-25.19:29:44, 47
5, -0.512, -1.054, 0.0556, 18.63, 14.03, -14.95, -17.48, -0.80771, -1.07401, 0.0506167, 0, 0, 2022-08-25.19:29:44, 49
5, -0.507, -1.054, 0.0565, 19.09, 13.8, -14.95, -17.71, -0.802568, -1.07388, 0.0506167, 0, 0, 2022-08-25.19:29:44, 51
5, -0.504, -1.054, 0.0565, 18.86, 14.49, -15.41, -18.17, -0.797395, -1.07375, 0.0506167, 0, 0, 2022-08-25.19:29:44, 52
5, -0.496, -1.054, 0.0578, 20.01, 13.34, -14.72, -17.71, -0.802221, -1.07329, 0.0506167, 0, 0, 2022-08-25.19:29:44, 54
5, -0.49, -1.054, 0.0562, 18.86, 13.8, -14.95, -17.48, -0.781413, -1.07237, 0.0525713, 0, 0, 2022-08-25.19:29:44, 56
5, -0.485, -1.054, 0.0559, 18.17, 13.8, -15.18, -17.25, -0.775889, -1.07207, 0.0525713, 0, 0, 2022-08-25.19:29:44, 57
5, -0.48, -1.053, 0.0546, 19.78, 13.57, -15.87, -19.09, -0.76898, -1.0717, 0.0525713, 0, 0, 2022-08-25.19:29:44, 59
5, -0.475, -1.053, 0.0533, 19.55, 14.03, -16.1, -18.4, -0.761432, -1.07116, 0.0500205, 0, 0, 2022-08-25.19:29:44, 61
5, -0.469, -1.053, 0.0516, 18.4, 14.03, -16.1, -18.17, -0.755622, -1.07081, 0.0500205, 0, 0, 2022-08-25.19:29:44, 62
5, -0.464, -1.053, 0.0505, 18.17, 13.8, -15.41, -17.94, -0.7484, -1.07037, 0.0500205, 0, 0, 2022-08-25.19:29:44, 64
5, -0.461, -1.053, 0.0499, 17.94, 14.03, -14.95, -17.48, -0.74123, -1.06994, 0.0500205, 0, 0, 2022-08-25.19:29:44, 65
5, -0.451, -1.053, 0.0488, 18.4, 13.57, -14.72, -17.48, -0.744011, -1.07061, 0.0533295, 0, 0, 2022-08-25.19:29:44, 68
5, -0.448, -1.053, 0.0488, 19.78, 13.34, -14.95, -18.17, -0.738769, -1.07043, 0.0533295, 0, 0, 2022-08-25.19:29:44, 69
5, -0.441, -1.053, 0.0486, 17.02, 12.88, -13.11, -15.41, -0.733501, -1.07026, 0.0533295, 0, 0, 2022-08-25.19:29:44, 71
5, -0.438, -1.052, 0.0488, 18.4, 12.42, -13.34, -15.64, -0.729297, -1.07012, 0.0533295, 0, 0, 2022-08-25.19:29:44, 72
5, -0.431, -1.052, 0.0499, 18.4, 13.57, -14.49, -16.56, -0.727713, -1.0699, 0.045391, 0, 0, 2022-08-25.19:29:44, 75
5, -0.425, -1.052, 0.0502, 18.63, 13.57, -13.8, -17.02, -0.724118, -1.06974, 0.045391, 0, 0, 2022-08-25.19:29:44, 76
5, -0.42, -1.052, 0.05, 16.79, 13.57, -14.49, -16.33, -0.719834, -1.06954, 0.045391, 0, 0, 2022-08-25.19:29:44, 78
5, -0.415, -1.052, 0.0514, 18.17, 13.11, -13.8, -16.56, -0.715301, -1.06933, 0.045391, 0, 0, 2022-08-25.19:29:44, 80
5, -0.413, -1.051, 0.0527, 17.94, 13.57, -14.03, -16.1, -0.713353, -1.06864, 0.0462567, 0, 0, 2022-08-25.19:29:44, 81
5, -0.405, -1.051, 0.0549, 17.48, 14.26, -13.34, -16.56, -0.709085, -1.0683, 0.0462567, 0, 0, 2022-08-25.19:29:44, 83
5, -0.403, -1.051, 0.0555, 16.1, 13.57, -13.11, -15.18, -0.704724, -1.06795, 0.0462567, 0, 0, 2022-08-25.19:29:44, 84
5, -0.393, -1.051, 0.059, 17.71, 13.34, -14.03, -16.33, -0.701299, -1.06767, 0.0462567, 0, 0, 2022-08-25.19:29:44, 87
5, -0.391, -1.051, 0.0599, 17.71, 13.8, -13.11, -16.79, -0.696172, -1.06725, 0.0456339, 0, 0, 2022-08-25.19:29:44, 88
5, -0.385, -1.051, 0.0615, 17.02, 13.34, -13.34, -15.64, -0.691509, -1.06687, 0.0456339, 0, 0, 2022-08-25.19:29:44, 90
5, -0.378, -1.051, 0.0631, 16.79, 13.8, -12.19, -16.1, -0.687805, -1.06657, 0.0456339, 0, 0, 2022-08-25.19:29:44, 92
5, -0.376, -1.051, 0.0633, 16.56, 14.26, -12.88, -16.79, -0.683156, -1.06619, 0.0456339, 0, 0, 2022-08-25.19:29:44, 93
5, -0.368, -1.051, 0.0639, 15.64, 13.34, -12.88, -14.95, -0.671587, -1.06627, 0.0450583, 0, 0, 2022-08-25.19:29:44, 95
5, -0.364, -1.051, 0.0648, 16.56, 13.11, -13.57, -15.18, -0.666331, -1.06605, 0.0450583, 0, 0, 2022-08-25.19:29:44, 97
5, -0.354, -1.051, 0.0651, 16.79, 13.34, -14.03, -15.64, -0.657321, -1.06567, 0.0450583, 0, 0, 2022-08-25.19:29:44, 100
5, -0.352, -1.051, 0.0649, 15.41, 12.65, -13.11, -14.72, -0.651144, -1.06618, 0.0671913, 0, 0, 2022-08-25.19:29:44, 101
5, -0.349, -1.051, 0.0654, 15.18, 13.34, -13.11, -15.41, -0.64586, -1.06611, 0.0671913, 0, 0, 2022-08-25.19:29:44, 102
5, -0.344, -1.051, 0.0661, 16.33, 12.88, -12.88, -15.64, -0.639183, -1.06603, 0.0671913, 0, 0, 2022-08-25.19:29:44, 104
5, -0.337, -1.051, 0.0667, 16.33, 11.96, -12.19, -14.49, -0.632568, -1.06594, 0.0671913, 0, 0, 2022-08-25.19:29:44, 106
5, -0.333, -1.05, 0.0668, 15.41, 11.73, -13.34, -14.95, -0.635525, -1.06622, 0.0590855, 0, 0, 2022-08-25.19:29:44, 108
5, -0.326, -1.05, 0.0674, 15.87, 12.65, -11.96, -15.18, -0.631124, -1.06622, 0.0590855, 0, 0, 2022-08-25.19:29:44, 110
5, -0.324, -1.05, 0.0675, 16.33, 12.19, -12.42, -14.95, -0.626414, -1.06623, 0.0590855, 0, 0, 2022-08-25.19:29:44, 111
5, -0.319, -1.05, 0.0676, 16.1, 12.19, -13.8, -15.18, -0.622643, -1.06623, 0.0590855, 0, 0, 2022-08-25.19:29:44, 113
5, -0.314, -1.05, 0.0683, 15.18, 11.96, -12.65, -14.49, -0.62153, -1.06568, 0.0562085, 0, 0, 2022-08-25.19:29:44, 114
5, -0.307, -1.05, 0.0686, 14.95, 11.96, -11.96, -15.41, -0.617558, -1.06553, 0.0562085, 0, 0, 2022-08-25.19:29:44, 117
5, -0.305, -1.05, 0.0686, 15.87, 11.73, -11.96, -14.95, -0.614395, -1.06542, 0.0562085, 0, 0, 2022-08-25.19:29:44, 118
5, -0.299, -1.05, 0.07, 14.26, 11.96, -11.73, -14.26, -0.610368, -1.06527, 0.0562085, 0, 0, 2022-08-25.19:29:44, 120
5, -0.294, -1.05, 0.0706, 15.64, 12.19, -12.65, -14.72, -0.607581, -1.06565, 0.0613672, 0, 0, 2022-08-25.19:29:44, 122
5, -0.292, -1.05, 0.0707, 15.87, 12.19, -13.11, -15.41, -0.603573, -1.06564, 0.0613672, 0, 0, 2022-08-25.19:29:44, 123
5, -0.285, -1.049, 0.0712, 16.1, 13.34, -11.73, -15.41, -0.599557, -1.06563, 0.0613672, 0, 0, 2022-08-25.19:29:44, 125
5, -0.28, -1.049, 0.0715, 14.72, 11.73, -12.65, -14.26, -0.596356, -1.06562, 0.0613672, 0, 0, 2022-08-25.19:29:44, 127
5, -0.278, -1.049, 0.0723, 15.64, 12.42, -12.19, -14.72, -0.585938, -1.06535, 0.0688281, 0, 0, 2022-08-25.19:29:44, 128
5, -0.271, -1.049, 0.074, 16.1, 11.5, -11.5, -13.8, -0.581298, -1.06528, 0.0688281, 0, 0, 2022-08-25.19:29:44, 130
5, -0.267, -1.049, 0.0743, 14.72, 11.96, -11.73, -13.57, -0.575539, -1.06519, 0.0688281, 0, 0, 2022-08-25.19:29:44, 132
5, -0.26, -1.049, 0.0753, 14.72, 10.81, -12.19, -13.34, -0.569733, -1.0651, 0.0688281, 0, 0, 2022-08-25.19:29:44, 134
5, -0.258, -1.048, 0.0753, 14.95, 10.81, -11.96, -13.34, -0.564633, -1.06458, 0.05911, 0, 0, 2022-08-25.19:29:44, 135
5, -0.254, -1.048, 0.0751, 14.49, 10.81, -12.19, -13.8, -0.558654, -1.06438, 0.05911, 0, 0, 2022-08-25.19:29:44, 137
5, -0.247, -1.048, 0.0748, 13.8, 11.27, -11.5, -13.57, -0.552646, -1.06419, 0.05911, 0, 0, 2022-08-25.19:29:44, 139
5, -0.245, -1.048, 0.0753, 14.49, 11.27, -11.96, -14.26, -0.547903, -1.06404, 0.05911, 0, 0, 2022-08-25.19:29:44, 140
5, -0.239, -1.048, 0.0753, 14.49, 11.73, -11.73, -14.26, -0.550586, -1.06414, 0.0670899, 0, 0, 2022-08-25.19:29:44, 142
5, -0.235, -1.047, 0.0756, 14.72, 10.81, -11.96, -13.57, -0.547279, -1.06403, 0.0670899, 0, 0, 2022-08-25.19:29:44, 144
5, -0.232, -1.047, 0.0757, 14.95, 10.58, -12.19, -13.34, -0.543121, -1.0639, 0.0670899, 0, 0, 2022-08-25.19:29:44, 145
5, -0.226, -1.047, 0.0764, 14.72, 11.73, -11.27, -13.8, -0.539015, -1.06376, 0.0670899, 0, 0, 2022-08-25.19:29:44, 147
5, -0.222, -1.047, 0.0769, 14.72, 11.04, -11.96, -13.8, -0.537741, -1.0636, 0.0741719, 0, 0, 2022-08-25.19:29:44, 149
5, -0.22, -1.047, 0.0772, 14.72, 9.89, -12.19, -13.34, -0.534184, -1.06346, 0.0741719, 0, 0, 2022-08-25.19:29:44, 150
5, -0.214, -1.046, 0.0792, 14.95, 11.27, -11.04, -12.42, -0.530377, -1.06331, 0.0741719, 0, 0, 2022-08-25.19:29:44, 152
5, -0.209, -1.046, 0.0794, 14.72, 10.81, -11.96, -12.65, -0.527296, -1.06319, 0.0741719, 0, 0, 2022-08-25.19:29:44, 154
5, -0.201, -1.045, 0.0809, 14.49, 11.5, -11.73, -13.57, -0.520781, -1.06313, 0.072855, 0, 0, 2022-08-25.19:29:44, 157
5, -0.197, -1.045, 0.0813, 14.03, 11.04, -11.27, -13.11, -0.517827, -1.06304, 0.072855, 0, 0, 2022-08-25.19:29:44, 159
5, -0.187, -1.045, 0.082, 13.8, 10.81, -11.27, -14.03, -0.500882, -1.06094, 0.0645175, 0, 0, 2022-08-25.19:29:45, 163
5, -0.185, -1.045, 0.0821, 14.26, 11.5, -11.5, -13.34, -0.496463, -1.06053, 0.0645175, 0, 0, 2022-08-25.19:29:45, 164
5, -0.174, -1.045, 0.0831, 13.11, 10.81, -10.58, -14.03, -0.48872, -1.05983, 0.0645175, 0, 0, 2022-08-25.19:29:45, 168
5, -0.172, -1.045, 0.0828, 12.42, 11.04, -10.58, -13.34, -0.482473, -1.05977, 0.075825, 0, 0, 2022-08-25.19:29:45, 169
5, -0.167, -1.045, 0.0836, 14.03, 11.27, -11.27, -13.8, -0.477188, -1.0594, 0.075825, 0, 0, 2022-08-25.19:29:45, 171
5, -0.163, -1.044, 0.0841, 14.49, 11.04, -10.58, -14.03, -0.471429, -1.05901, 0.075825, 0, 0, 2022-08-25.19:29:45, 173
5, -0.16, -1.044, 0.0836, 13.57, 10.35, -10.81, -13.34, -0.466823, -1.05869, 0.075825, 0, 0, 2022-08-25.19:29:45, 174
5, -0.155, -1.044, 0.0836, 11.96, 10.58, -11.04, -12.65, -0.4705, -1.05934, 0.0815981, 0, 0, 2022-08-25.19:29:45, 176
5, -0.151, -1.044, 0.0832, 12.42, 10.35, -10.35, -12.88, -0.46738, -1.05918, 0.0815981, 0, 0, 2022-08-25.19:29:45, 178
5, -0.149, -1.044, 0.0828, 12.19, 10.12, -9.89, -12.88, -0.463523, -1.05899, 0.0815981, 0, 0, 2022-08-25.19:29:45, 179
5, -0.143, -1.044, 0.0826, 13.8, 11.04, -11.27, -13.8, -0.466317, -1.05877, 0.0815981, 0, 0, 2022-08-25.19:29:45, 181
5, -0.139, -1.044, 0.0821, 14.49, 10.81, -11.73, -12.88, -0.459408, -1.05839, 0.0848754, 0, 0, 2022-08-25.19:29:45, 183
5, -0.135, -1.044, 0.0811, 13.34, 10.58, -11.5, -12.88, -0.456076, -1.05814, 0.0848754, 0, 0, 2022-08-25.19:29:45, 185
5, -0.129, -1.044, 0.0805, 13.8, 10.58, -12.42, -12.65, -0.452724, -1.05789, 0.0848754, 0, 0, 2022-08-25.19:29:45, 187
5, -0.127, -1.043, 0.0807, 13.57, 10.58, -12.88, -12.88, -0.455061, -1.05819, 0.0848754, 0, 0, 2022-08-25.19:29:45, 188
5, -0.121, -1.043, 0.0818, 14.26, 10.12, -12.19, -12.88, -0.446801, -1.05854, 0.0856965, 0, 0, 2022-08-25.19:29:45, 190
5, -0.117, -1.043, 0.0822, 13.8, 10.12, -10.81, -12.19, -0.444045, -1.05853, 0.0856965, 0, 0, 2022-08-25.19:29:45, 192
5, -0.115, -1.042, 0.0823, 13.8, 10.35, -11.27, -13.34, -0.440618, -1.05851, 0.0856965, 0, 0, 2022-08-25.19:29:45, 193
5, -0.11, -1.042, 0.0841, 11.5, 9.89, -9.89, -11.27, -0.429589, -1.05975, 0.0783047, 0, 0, 2022-08-25.19:29:45, 195
5, -0.106, -1.042, 0.0847, 12.42, 10.12, -11.04, -12.42, -0.42522, -1.05999, 0.0783047, 0, 0, 2022-08-25.19:29:45, 197
5, -0.104, -1.042, 0.0855, 13.11, 10.81, -10.58, -12.65, -0.419792, -1.06029, 0.0783047, 0, 0, 2022-08-25.19:29:45, 198
5, -0.098, -1.042, 0.0858, 12.19, 11.04, -9.89, -11.96, -0.418561, -1.06051, 0.0783047, 0, 0, 2022-08-25.19:29:45, 200
5, -0.095, -1.042, 0.0855, 12.42, 10.58, -10.58, -11.73, -0.408211, -1.06081, 0.0737669, 0, 0, 2022-08-25.19:29:45, 202
5, -0.091, -1.042, 0.0859, 12.65, 10.12, -10.35, -11.73, -0.402242, -1.0611, 0.0737669, 0, 0, 2022-08-25.19:29:45, 204
5, -0.086, -1.041, 0.0853, 12.65, 9.66, -10.58, -11.73, -0.397478, -1.06134, 0.0737669, 0, 0, 2022-08-25.19:29:45, 206
5, -0.084, -1.041, 0.0855, 13.57, 8.74, -10.81, -11.96, -0.398902, -1.06049, 0.0757272, 0, 0, 2022-08-25.19:29:45, 207
5, -0.08, -1.041, 0.0856, 13.11, 8.97, -11.04, -11.27, -0.394629, -1.06051, 0.0757272, 0, 0, 2022-08-25.19:29:45, 209
5, -0.075, -1.04, 0.086, 14.03, 8.05, -11.04, -11.27, -0.391162, -1.06053, 0.0757272, 0, 0, 2022-08-25.19:29:45, 211
5, -0.073, -1.04, 0.0863, 14.26, 8.74, -11.04, -11.27, -0.394726, -1.0602, 0.0757272, 0, 0, 2022-08-25.19:29:45, 212
5, -0.071, -1.04, 0.0865, 14.03, 8.74, -11.27, -11.73, -0.388353, -1.06033, 0.0837703, 0, 0, 2022-08-25.19:29:45, 213
5, -0.065, -1.039, 0.0865, 14.03, 9.43, -11.27, -12.19, -0.384993, -1.0603, 0.0837703, 0, 0, 2022-08-25.19:29:45, 215
5, -0.062, -1.039, 0.0875, 13.8, 9.66, -11.5, -11.5, -0.381645, -1.06028, 0.0837703, 0, 0, 2022-08-25.19:29:45, 217
5, -0.056, -1.038, 0.0884, 13.11, 9.2, -11.5, -11.73, -0.379412, -1.0601, 0.0842928, 0, 0, 2022-08-25.19:29:45, 219
5, -0.054, -1.038, 0.0889, 13.57, 8.97, -10.12, -10.58, -0.376065, -1.06003, 0.0842928, 0, 0, 2022-08-25.19:29:45, 220
5, -0.05, -1.038, 0.0897, 13.34, 8.97, -10.81, -11.73, -0.372715, -1.05996, 0.0842928, 0, 0, 2022-08-25.19:29:45, 222
5, -0.045, -1.037, 0.0932, 13.34, 9.43, -10.81, -11.5, -0.374379, -1.05976, 0.0842928, 0, 0, 2022-08-25.19:29:45, 224
5, -0.043, -1.037, 0.0942, 13.34, 9.89, -9.66, -11.96, -0.365761, -1.05908, 0.0853758, 0, 0, 2022-08-25.19:29:45, 225
5, -0.036, -1.037, 0.0969, 11.73, 10.12, -9.43, -10.81, -0.362132, -1.05883, 0.0853758, 0, 0, 2022-08-25.19:29:45, 228
5, -0.034, -1.037, 0.098, 11.04, 10.12, -10.35, -11.27, -0.359232, -1.05864, 0.0853758, 0, 0, 2022-08-25.19:29:45, 229
5, -0.031, -1.036, 0.0998, 11.5, 10.12, -10.12, -11.04, -0.355144, -1.05837, 0.0814202, 0, 0, 2022-08-25.19:29:45, 231
5, -0.025, -1.036, 0.1033, 13.11, 11.27, -10.81, -11.27, -0.352059, -1.05816, 0.0814202, 0, 0, 2022-08-25.19:29:45, 233
5, -0.023, -1.036, 0.1042, 12.88, 11.27, -9.89, -11.27, -0.348241, -1.05791, 0.0814202, 0, 0, 2022-08-25.19:29:45, 234
5, -0.02, -1.036, 0.1043, 12.88, 11.04, -10.58, -11.73, -0.350109, -1.05813, 0.0814202, 0, 0, 2022-08-25.19:29:45, 236
5, -0.014, -1.036, 0.1033, 11.27, 9.89, -9.43, -11.73, -0.34345, -1.058, 0.0888715, 0, 0, 2022-08-25.19:29:45, 238
5, -0.011, -1.036, 0.104, 11.96, 8.51, -9.89, -11.04, -0.339952, -1.05786, 0.0888715, 0, 0, 2022-08-25.19:29:45, 240
5, -0.009, -1.036, 0.1043, 11.73, 8.51, -10.12, -10.12, -0.337205, -1.05775, 0.0888715, 0, 0, 2022-08-25.19:29:45, 241
5, -0.004, -1.035, 0.106, 12.65, 8.51, -10.12, -11.5, -0.334299, -1.05891, 0.092409, 0, 0, 2022-08-25.19:29:45, 243
5, 0, -1.035, 0.1069, 14.03, 8.74, -10.58, -12.88, -0.330875, -1.05911, 0.092409, 0, 0, 2022-08-25.19:29:45, 245
5, 0, -1.034, 0.1068, 13.11, 8.51, -10.12, -11.73, -0.32812, -1.05928, 0.092409, 0, 0, 2022-08-25.19:29:45, 246
5, 0.007, -1.034, 0.104, 11.27, 9.2, -10.12, -11.5, -0.32442, -1.05933, 0.0919512, 0, 0, 2022-08-25.19:29:45, 249
5, 0.01, -1.033, 0.1027, 11.5, 8.74, -10.12, -11.27, -0.321185, -1.05946, 0.0919512, 0, 0, 2022-08-25.19:29:45, 251
5, 0.017, -1.033, 0.1012, 14.03, 8.05, -11.04, -12.88, -0.319643, -1.05887, 0.0919512, 0, 0, 2022-08-25.19:29:45, 254
5, 0.019, -1.032, 0.1004, 12.42, 8.97, -10.58, -11.27, -0.312598, -1.05935, 0.0976997, 0, 0, 2022-08-25.19:29:45, 255
5, 0.029, -1.031, 0.0988, 13.11, 8.28, -10.12, -11.04, -0.301736, -1.05946, 0.0873589, 0, 0, 2022-08-25.19:29:45, 4
5, 0.031, -1.031, 0.0984, 12.42, 8.05, -9.89, -9.43, -0.297287, -1.05951, 0.0873589, 0, 0, 2022-08-25.19:29:45, 5
5, 0.039, -1.029, 0.0967, 11.73, 8.28, -10.81, -10.81, -0.289626, -1.0596, 0.0873589, 0, 0, 2022-08-25.19:29:45, 9
5, 0.044, -1.029, 0.0988, 12.19, 8.51, -9.43, -10.58, -0.2927, -1.05925, 0.101513, 0, 0, 2022-08-25.19:29:45, 11
5, 0.046, -1.028, 0.0991, 13.11, 9.2, -9.66, -10.58, -0.290068, -1.0592, 0.101513, 0, 0, 2022-08-25.19:29:45, 12
5, 0.049, -1.028, 0.0989, 11.73, 8.51, -8.97, -11.73, -0.287974, -1.05916, 0.101513, 0, 0, 2022-08-25.19:29:45, 14
5, 0.054, -1.028, 0.0998, 11.5, 8.51, -8.97, -9.89, -0.288749, -1.05901, 0.101513, 0, 0, 2022-08-25.19:29:45, 16
5, 0.062, -1.027, 0.1028, 11.96, 8.28, -9.66, -11.04, -0.279138, -1.05795, 0.0876, 0, 0, 2022-08-25.19:29:45, 20
5, 0.064, -1.027, 0.1035, 11.73, 9.2, -8.28, -10.35, -0.276182, -1.0577, 0.0876, 0, 0, 2022-08-25.19:29:45, 21
5, 0.065, -1.027, 0.104, 12.42, 8.74, -8.97, -10.12, -0.268654, -1.05672, 0.0928594, 0, 0, 2022-08-25.19:29:45, 22
5, 0.072, -1.026, 0.1072, 11.5, 8.05, -10.12, -10.12, -0.264197, -1.05625, 0.0928594, 0, 0, 2022-08-25.19:29:45, 25
5, 0.075, -1.025, 0.1081, 11.73, 8.51, -9.66, -10.81, -0.260612, -1.05587, 0.0928594, 0, 0, 2022-08-25.19:29:45, 27
5, 0.077, -1.025, 0.1081, 11.27, 8.74, -9.89, -10.81, -0.259276, -1.05579, 0.0928594, 0, 0, 2022-08-25.19:29:45, 28
5, 0.082, -1.025, 0.1085, 10.81, 7.82, -9.2, -9.89, -0.250314, -1.05537, 0.0909019, 0, 0, 2022-08-25.19:29:45, 30
5, 0.085, -1.024, 0.1106, 11.73, 7.82, -9.89, -10.35, -0.246462, -1.05508, 0.0909019, 0, 0, 2022-08-25.19:29:45, 32
5, 0.086, -1.024, 0.1114, 12.19, 8.51, -10.12, -10.12, -0.241611, -1.0547, 0.0909019, 0, 0, 2022-08-25.19:29:45, 33
5, 0.091, -1.023, 0.1113, 12.88, 8.51, -10.12, -9.66, -0.242344, -1.05446, 0.0992877, 0, 0, 2022-08-25.19:29:45, 35
5, 0.095, -1.023, 0.1116, 11.5, 7.82, -9.66, -10.12, -0.238588, -1.05409, 0.0992877, 0, 0, 2022-08-25.19:29:45, 37
5, 0.098, -1.022, 0.1123, 12.65, 8.05, -9.2, -10.12, -0.234832, -1.05371, 0.0992877, 0, 0, 2022-08-25.19:29:45, 39
5, 0.103, -1.021, 0.1134, 11.96, 7.82, -10.12, -9.66, -0.237655, -1.05356, 0.0992877, 0, 0, 2022-08-25.19:29:45, 41
5, 0.104, -1.021, 0.1135, 11.96, 7.82, -10.35, -9.66, -0.231379, -1.05287, 0.104159, 0, 0, 2022-08-25.19:29:45, 42
5, 0.108, -1.021, 0.1131, 12.19, 8.28, -9.89, -9.89, -0.228261, -1.05246, 0.104159, 0, 0, 2022-08-25.19:29:45, 44
5, 0.111, -1.02, 0.1133, 11.5, 8.97, -9.43, -10.81, -0.225765, -1.05212, 0.104159, 0, 0, 2022-08-25.19:29:45, 45
5, 0.114, -1.02, 0.1136, 11.5, 8.05, -8.97, -10.58, -0.216669, -1.05016, 0.0954368, 0, 0, 2022-08-25.19:29:45, 47
5, 0.117, -1.02, 0.1141, 11.27, 8.05, -10.12, -10.81, -0.213054, -1.04954, 0.0954368, 0, 0, 2022-08-25.19:29:45, 49
5, 0.122, -1.019, 0.1141, 11.96, 7.82, -8.74, -9.2, -0.208538, -1.04876, 0.0954368, 0, 0, 2022-08-25.19:29:45, 51
5, 0.124, -1.019, 0.1135, 10.35, 7.82, -9.66, -9.43, -0.214991, -1.04982, 0.0954368, 0, 0, 2022-08-25.19:29:45, 52
5, 0.129, -1.018, 0.1135, 10.35, 7.13, -9.43, -10.12, -0.210662, -1.04961, 0.105743, 0, 0, 2022-08-25.19:29:45, 54
5, 0.132, -1.018, 0.1131, 11.27, 7.59, -10.12, -9.66, -0.20834, -1.04932, 0.105743, 0, 0, 2022-08-25.19:29:45, 56
5, 0.133, -1.017, 0.1127, 11.5, 8.05, -10.12, -9.43, -0.206478, -1.04909, 0.105743, 0, 0, 2022-08-25.19:29:45, 57
5, 0.138, -1.017, 0.1123, 12.42, 8.28, -9.43, -10.35, -0.203302, -1.0493, 0.105158, 0, 0, 2022-08-25.19:29:45, 59
5, 0.144, -1.015, 0.1129, 10.81, 6.9, -8.97, -8.51, -0.198581, -1.049, 0.105158, 0, 0, 2022-08-25.19:29:45, 63
5, 0.147, -1.015, 0.1139, 11.04, 7.13, -9.89, -9.66, -0.198399, -1.049, 0.105158, 0, 0, 2022-08-25.19:29:45, 64
5, 0.15, -1.014, 0.1156, 12.65, 7.36, -10.35, -9.2, -0.192114, -1.04829, 0.102986, 0, 0, 2022-08-25.19:29:45, 66
5, 0.152, -1.014, 0.1158, 12.65, 7.59, -10.58, -8.97, -0.188869, -1.048, 0.102986, 0, 0, 2022-08-25.19:29:45, 67
5, 0.157, -1.013, 0.117, 11.04, 6.21, -8.05, -8.97, -0.185787, -1.04773, 0.102986, 0, 0, 2022-08-25.19:29:45, 69
5, 0.159, -1.012, 0.1173, 7.82, 2.76, -7.36, -4.83, -0.183312, -1.04756, 0.106826, 0, 0, 2022-08-25.19:29:45, 71
5, 0.161, -1.012, 0.1161, 5.29, 2.53, -3.68, -5.29, -0.180127, -1.0473, 0.106826, 0, 0, 2022-08-25.19:29:45, 73
5, 0.163, -1.012, 0.1143, 5.29, 1.38, -1.15, -4.6, -0.177579, -1.04709, 0.106826, 0, 0, 2022-08-25.19:29:45, 75
5, 0.163, -1.011, 0.1131, 5.29, 1.15, -1.15, -4.14, -0.178294, -1.04731, 0.106826, 0, 0, 2022-08-25.19:29:46, 76
5, 0.164, -1.011, 0.1098, 4.14, 0.69, -1.15, -2.76, -0.172004, -1.04566, 0.103732, 0, 0, 2022-08-25.19:29:46, 78
5, 0.165, -1.011, 0.107, 2.07, 0.23, -2.3, -1.38, -0.169437, -1.04526, 0.103732, 0, 0, 2022-08-25.19:29:46, 80
5, 0.165, -1.011, 0.1068, 1.38, 0, -2.76, -0.46, -0.166279, -1.04477, 0.103732, 0, 0, 2022-08-25.19:29:46, 81
5, 0.165, -1.01, 0.1081, 0.46, 0, -0.46, 0.92, -0.163431, -1.04321, 0.104791, 0, 0, 2022-08-25.19:29:46, 83
5, 0.165, -1.01, 0.1088, 0.23, -0.23, -0.46, 0.92, -0.160894, -1.04259, 0.104791, 0, 0, 2022-08-25.19:29:46, 84
5, 0.165, -1.01, 0.1094, -0.46, -0.23, 0, 0.69, -0.15776, -1.04183, 0.104791, 0, 0, 2022-08-25.19:29:46, 86
5, 0.165, -1.01, 0.1092, -1.38, 0, 0, 0.69, -0.155224, -1.04122, 0.104791, 0, 0, 2022-08-25.19:29:46, 88
5, 0.165, -1.01, 0.109, -1.61, -0.23, 0.69, 1.38, -0.153458, -1.04069, 0.102558, 0, 0, 2022-08-25.19:29:46, 90
5, 0.165, -1.01, 0.1083, -1.38, -0.46, 0.92, 1.38, -0.150574, -1.03996, 0.102558, 0, 0, 2022-08-25.19:29:46, 92
5, 0.164, -1.01, 0.1085, -1.15, -0.92, 1.61, 0.69, -0.148249, -1.03938, 0.102558, 0, 0, 2022-08-25.19:29:46, 94
5, 0.164, -1.01, 0.1087, -0.69, -0.46, 1.61, 0.69, -0.148529, -1.03891, 0.102585, 0, 0, 2022-08-25.19:29:46, 95
5, 0.164, -1.01, 0.1089, -0.92, -0.46, 0.46, 0.46, -0.146395, -1.03823, 0.102585, 0, 0, 2022-08-25.19:29:46, 97
5, 0.164, -1.01, 0.1087, -0.69, -0.46, 0.46, 0.23, -0.144691, -1.03769, 0.102585, 0, 0, 2022-08-25.19:29:46, 98
5, 0.163, -1.01, 0.1081, -0.92, -0.69, 0, 0, -0.146709, -1.03796, 0.102585, 0, 0, 2022-08-25.19:29:46, 100
5, 0.163, -1.01, 0.1068, -0.23, -0.23, -0.23, -0.23, -0.145879, -1.03727, 0.0974063, 0, 0, 2022-08-25.19:29:46, 102
5, 0.163, -1.01, 0.1066, 0, -0.46, -0.23, 0.23, -0.144877, -1.03677, 0.0974063, 0, 0, 2022-08-25.19:29:46, 103
5, 0.163, -1.01, 0.106, -0.23, 0, -0.23, -0.46, -0.14388, -1.03627, 0.0974063, 0, 0, 2022-08-25.19:29:46, 105
5, 0.163, -1.01, 0.1058, 0, -0.23, 0, 0, -0.145757, -1.03695, 0.0974063, 0, 0, 2022-08-25.19:29:46, 107
5, 0.163, -1.01, 0.1059, 0, 0, 0, 0.23, -0.147491, -1.03737, 0.100567, 0, 0, 2022-08-25.19:29:46, 109
5, 0.163, -1.01, 0.106, 0, 0, 0, 0, -0.147609, -1.0373, 0.100567, 0, 0, 2022-08-25.19:29:46, 111
5, 0.163, -1.01, 0.106, 0, 0, 0, 0.23, -0.147755, -1.03722, 0.100567, 0, 0, 2022-08-25.19:29:46, 112
5, 0.163, -1.01, 0.1061, 0, 0, 0, 0.23, -0.149014, -1.03786, 0.100567, 0, 0, 2022-08-25.19:29:46, 114
5, 0.163, -1.01, 0.1061, 0, 0, 0, 0, -0.14986, -1.03811, 0.104794, 0, 0, 2022-08-25.19:29:46, 116
5, 0.163, -1.01, 0.106, 0, 0, 0, 0, -0.15041, -1.03825, 0.104794, 0, 0, 2022-08-25.19:29:46, 117
5, 0.163, -1.01, 0.106, 0, 0, 0, 0.46, -0.150843, -1.03836, 0.104794, 0, 0, 2022-08-25.19:29:46, 119
5, 0.163, -1.01, 0.1061, 0, 0, 0, 0.23, -0.150295, -1.03824, 0.104794, 0, 0, 2022-08-25.19:29:46, 121
5, 0.163, -1.01, 0.106, 0, 0, 0, 0, -0.15056, -1.03813, 0.103504, 0, 0, 2022-08-25.19:29:46, 123
5, 0.163, -1.01, 0.1061, 0, 0, 0, 0, -0.150769, -1.03816, 0.103504, 0, 0, 2022-08-25.19:29:46, 124
5, 0.163, -1.01, 0.106, 0, 0, 0, 0.23, -0.151031, -1.03819, 0.103504, 0, 0, 2022-08-25.19:29:46, 126
5, 0.163, -1.01, 0.1061, 0, 0, 0, 0.23, -0.150534, -1.03799, 0.103504, 0, 0, 2022-08-25.19:29:46, 128
5, 0.163, -1.01, 0.106, 0, 0, 0, 0, -0.150521, -1.03812, 0.101341, 0, 0, 2022-08-25.19:29:46, 129
5, 0.163, -1.01, 0.1061, 0, 0, 0, 0, -0.150565, -1.03813, 0.101341, 0, 0, 2022-08-25.19:29:46, 131
5, 0.163, -1.01, 0.1061, 0, 0, 0, 0.23, -0.150622, -1.03814, 0.101341, 0, 0, 2022-08-25.19:29:46, 133
5, 0.163, -1.01, 0.1061, 0, 0, 0, 0.23, -0.150435, -1.03823, 0.101341, 0, 0, 2022-08-25.19:29:46, 135
5, 0.163, -1.01, 0.1061, 0, 0, 0, 0, -0.150278, -1.03813, 0.100185, 0, 0, 2022-08-25.19:29:46, 136
5, 0.163, -1.01, 0.1061, 0, 0, 0, 0, -0.15024, -1.03814, 0.100185, 0, 0, 2022-08-25.19:29:46, 138
5, 0.163, -1.01, 0.1062, 0, 0, 0, -0.23, -0.150211, -1.03814, 0.100185, 0, 0, 2022-08-25.19:29:46, 139
5, 0.163, -1.01, 0.1061, 0, 0, 0, -0.23, -0.150525, -1.03829, 0.0994632, 0, 0, 2022-08-25.19:29:46, 141
5, 0.163, -1.01, 0.1061, 0, 0, 0, 0, -0.150572, -1.03832, 0.0994632, 0, 0, 2022-08-25.19:29:46, 143
5, 0.163, -1.01, 0.1062, 0, 0, 0.23, 0, -0.150631, -1.03837, 0.0994632, 0, 0, 2022-08-25.19:29:46, 145
5, 0.163, -1.01, 0.1062, 0, 0, 0, -0.23, -0.15069, -1.03841, 0.0994632, 0, 0, 2022-08-25.19:29:46, 146
5, 0.163, -1.01, 0.1061, 0, -0.23, 0, 0, -0.150557, -1.03865, 0.107153, 0, 0, 2022-08-25.19:29:46, 148
5, 0.163, -1.01, 0.1061, 0, 0.23, 0, -0.23, -0.150562, -1.03875, 0.107153, 0, 0, 2022-08-25.19:29:46, 149
5, 0.163, -1.01, 0.1063, 0, -0.23, 0, -0.23, -0.150568, -1.03885, 0.107153, 0, 0, 2022-08-25.19:29:46, 152
5, 0.163, -1.01, 0.1063, 0, 0, 0, 0, -0.150572, -1.03892, 0.107153, 0, 0, 2022-08-25.19:29:46, 154
5, 0.163, -1.01, 0.1064, 0, 0, 0, 0, -0.150379, -1.03879, 0.100121, 0, 0, 2022-08-25.19:29:46, 155
5, 0.163, -1.01, 0.1063, 0, 0, 0, 0, -0.150342, -1.03883, 0.100121, 0, 0, 2022-08-25.19:29:46, 156
5, 0.163, -1.01, 0.1063, 0, 0, 0, -0.23, -0.150312, -1.03886, 0.100121, 0, 0, 2022-08-25.19:29:46, 159
5, 0.163, -1.01, 0.1064, 0, 0, 0, -0.23, -0.150275, -1.0389, 0.100121, 0, 0, 2022-08-25.19:29:46, 160
5, 0.163, -1.01, 0.1062, 0, 0, 0, 0, -0.150586, -1.03871, 0.102421, 0, 0, 2022-08-25.19:29:46, 162
5, 0.163, -1.01, 0.1064, 0, 0, 0, 0, -0.15063, -1.0387, 0.102421, 0, 0, 2022-08-25.19:29:46, 163
5, 0.163, -1.01, 0.1064, 0, 0, 0, -0.23, -0.150674, -1.03869, 0.102421, 0, 0, 2022-08-25.19:29:46, 165
5, 0.163, -1.01, 0.1065, 0, 0, 0, 0, -0.150709, -1.03868, 0.102421, 0, 0, 2022-08-25.19:29:46, 167
5, 0.163, -1.01, 0.1064, -0.23, 0, 0, 0.23, -0.150486, -1.03849, 0.102561, 0, 0, 2022-08-25.19:29:46, 169
5, 0.163, -1.01, 0.1064, 0, 0, 0, 0, -0.150465, -1.03844, 0.102561, 0, 0, 2022-08-25.19:29:46, 171
5, 0.163, -1.01, 0.1064, 0, 0, 0, 0.23, -0.150448, -1.03839, 0.102561, 0, 0, 2022-08-25.19:29:46, 172
5, 0.163, -1.01, 0.1065, 0, 0, 0, 0, -0.150427, -1.03833, 0.102561, 0, 0, 2022-08-25.19:29:46, 174
5, 0.163, -1.01, 0.1063, 0, 0, 0, 0, -0.150992, -1.03833, 0.101775, 0, 0, 2022-08-25.19:29:46, 176
5, 0.163, -1.01, 0.1063, 0, 0, 0, 0, -0.151091, -1.03829, 0.101775, 0, 0, 2022-08-25.19:29:46, 177
5, 0.163, -1.01, 0.1063, 0, 0, 0, 0, -0.151215, -1.03825, 0.101775, 0, 0, 2022-08-25.19:29:46, 179
5, 0.163, -1.01, 0.1062, 0, 0, 0, 0, -0.151338, -1.0382, 0.101775, 0, 0, 2022-08-25.19:29:46, 181
5, 0.163, -1.01, 0.1063, 0, 0, 0, 0.23, -0.151392, -1.03827, 0.105789, 0, 0, 2022-08-25.19:29:46, 183
5, 0.163, -1.01, 0.1063, 0, 0, 0, 0, -0.1515, -1.03824, 0.105789, 0, 0, 2022-08-25.19:29:46, 184
5, 0.163, -1.01, 0.1064, 0, 0, 0, 0, -0.151586, -1.03822, 0.105789, 0, 0, 2022-08-25.19:29:46, 186
5, 0.163, -1.01, 0.1063, 0, 0, 0, 0, -0.151695, -1.0382, 0.105789, 0, 0, 2022-08-25.19:29:46, 187
5, 0.163, -1.01, 0.1062, 0, -0.23, 0, 0, -0.150914, -1.03844, 0.106504, 0, 0, 2022-08-25.19:29:46, 189
5, 0.163, -1.01, 0.1062, 0, 0, 0, 0.23, -0.150847, -1.03847, 0.106504, 0, 0, 2022-08-25.19:29:46, 191
5, 0.163, -1.01, 0.1064, 0, -0.23, 0, -0.23, -0.15076, -1.03851, 0.106504, 0, 0, 2022-08-25.19:29:46, 192
5, 0.163, -1.01, 0.1063, 0, 0, 0, 0, -0.150673, -1.03855, 0.106504, 0, 0, 2022-08-25.19:29:46, 194
5, 0.163, -1.01, 0.1064, 0, 0, 0, 0.23, -0.150625, -1.03859, 0.102465, 0, 0, 2022-08-25.19:29:46, 196
5, 0.163, -1.01, 0.1065, 0, 0.23, 0, 0, -0.150542, -1.03863, 0.102465, 0, 0, 2022-08-25.19:29:46, 198
5, 0.163, -1.01, 0.1065, 0, 0, 0, -0.23, -0.150476, -1.03866, 0.102465, 0, 0, 2022-08-25.19:29:46, 200
5, 0.163, -1.01, 0.1065, 0, 0, 0, 0.23, -0.150392, -1.0387, 0.102465, 0, 0, 2022-08-25.19:29:46, 201
5, 0.163, -1.01, 0.1065, 0, 0, 0, -0.23, -0.15049, -1.03805, 0.102029, 0, 0, 2022-08-25.19:29:46, 203
5, 0.163, -1.01, 0.1065, 0, 0, 0, 0, -0.150454, -1.03795, 0.102029, 0, 0, 2022-08-25.19:29:46, 205
5, 0.163, -1.01, 0.1066, 0, 0.23, 0, 0, -0.150408, -1.03784, 0.102029, 0, 0, 2022-08-25.19:29:46, 206
5, 0.163, -1.01, 0.1066, 0, 0.23, 0, -0.23, -0.150372, -1.03774, 0.102029, 0, 0, 2022-08-25.19:29:46, 208
5, 0.163, -1.01, 0.1066, 0, 0, 0, 0, -0.151103, -1.03746, 0.104468, 0, 0, 2022-08-25.19:29:46, 210
5, 0.163, -1.01, 0.1067, 0, 0.23, 0, 0, -0.151235, -1.03731, 0.104468, 0, 0, 2022-08-25.19:29:46, 212
5, 0.163, -1.01, 0.1066, 0, 0, 0, -0.23, -0.151342, -1.03719, 0.104468, 0, 0, 2022-08-25.19:29:46, 213
5, 0.163, -1.01, 0.1066, 0, 0, 0, 0, -0.151615, -1.03737, 0.104468, 0, 0, 2022-08-25.19:29:46, 215
5, 0.163, -1.01, 0.1067, 0, 0, 0, 0.23, -0.151877, -1.03786, 0.105506, 0, 0, 2022-08-25.19:29:46, 217
5, 0.163, -1.01, 0.1067, 0, 0, 0, 0, -0.152029, -1.0379, 0.105506, 0, 0, 2022-08-25.19:29:46, 218
5, 0.163, -1.01, 0.1067, 0, 0, 0, 0, -0.152219, -1.03796, 0.105506, 0, 0, 2022-08-25.19:29:46, 220
5, 0.163, -1.01, 0.1068, 0, 0, 0, 0.23, -0.151924, -1.03826, 0.105506, 0, 0, 2022-08-25.19:29:46, 222
5, 0.163, -1.01, 0.1067, 0, 0, 0, 0, -0.151959, -1.03886, 0.106889, 0, 0, 2022-08-25.19:29:46, 223
5, 0.163, -1.01, 0.1067, 0, 0, 0, 0.23, -0.152024, -1.03908, 0.106889, 0, 0, 2022-08-25.19:29:46, 225
5, 0.163, -1.01, 0.1069, 0, 0, 0, 0, -0.152076, -1.03926, 0.106889, 0, 0, 2022-08-25.19:29:46, 227
5, 0.163, -1.01, 0.1068, 0, 0, 0, -0.23, -0.151085, -1.03911, 0.105464, 0, 0, 2022-08-25.19:29:46, 229
5, 0.163, -1.01, 0.1068, 0, 0, 0, 0.23, -0.15091, -1.03922, 0.105464, 0, 0, 2022-08-25.19:29:46, 230
5, 0.163, -1.01, 0.1069, 0.23, 0.23, 0, -0.23, -0.150696, -1.03935, 0.105464, 0, 0, 2022-08-25.19:29:46, 232
5, 0.163, -1.01, 0.1068, 0, 0, 0, 0.23, -0.150478, -1.03948, 0.105464, 0, 0, 2022-08-25.19:29:46, 233
5, 0.163, -1.01, 0.1069, 0, 0, 0, 0, -0.150485, -1.03878, 0.1008, 0, 0, 2022-08-25.19:29:46, 236
5, 0.163, -1.01, 0.1069, 0, 0, 0, -0.23, -0.15032, -1.0387, 0.1008, 0, 0, 2022-08-25.19:29:46, 237
5, 0.163, -1.01, 0.1069, 0, 0, 0, 0, -0.150157, -1.03863, 0.1008, 0, 0, 2022-08-25.19:29:46, 239
5, 0.163, -1.01, 0.107, 0, -0.23, 0, 0, -0.150027, -1.03857, 0.1008, 0, 0, 2022-08-25.19:29:46, 240
5, 0.163, -1.01, 0.1069, 0, 0, 0, 0, -0.150423, -1.03837, 0.102208, 0, 0, 2022-08-25.19:29:46, 243
5, 0.163, -1.01, 0.1069, 0, 0, 0, -0.23, -0.150385, -1.03826, 0.102208, 0, 0, 2022-08-25.19:29:47, 244
5, 0.163, -1.01, 0.1069, 0, 0, 0, 0, -0.150346, -1.03816, 0.102208, 0, 0, 2022-08-25.19:29:47, 246
5, 0.163, -1.01, 0.107, 0, 0, 0, -0.23, -0.150315, -1.03807, 0.102208, 0, 0, 2022-08-25.19:29:47, 247
5, 0.163, -1.01, 0.107, 0, 0, 0, -0.23, -0.150698, -1.03844, 0.101552, 0, 0, 2022-08-25.19:29:47, 249
5, 0.163, -1.01, 0.1069, 0, 0.23, 0, 0, -0.150757, -1.03845, 0.101552, 0, 0, 2022-08-25.19:29:47, 251
5, 0.163, -1.01, 0.107, 0, 0.23, 0, 0, -0.150831, -1.03845, 0.101552, 0, 0, 2022-08-25.19:29:47, 253
5, 0.163, -1.01, 0.107, 0, 0, 0, 0, -0.150905, -1.03846, 0.101552, 0, 0, 2022-08-25.19:29:47, 254
5, 0.163, -1.01, 0.1069, 0, 0, 0, 0, -0.151149, -1.03895, 0.104398, 0, 0, 2022-08-25.19:29:47, 0
5, 0.163, -1.01, 0.1069, 0, 0, 0, 0.23, -0.151263, -1.03908, 0.104398, 0, 0, 2022-08-25.19:29:47, 2
5, 0.163, -1.01, 0.107, 0, 0.23, 0, 0, -0.151377, -1.03921, 0.104398, 0, 0, 2022-08-25.19:29:47, 4
5, 0.163, -1.01, 0.107, 0, 0, 0, 0, -0.15147, -1.03931, 0.104398, 0, 0, 2022-08-25.19:29:47, 6
5, 0.163, -1.01, 0.107, 0, 0, 0, -0.23, -0.150758, -1.03908, 0.104186, 0, 0, 2022-08-25.19:29:47, 7
5, 0.163, -1.01, 0.1071, 0, 0, 0, 0, -0.150688, -1.03911, 0.104186, 0, 0, 2022-08-25.19:29:47, 9
5, 0.163, -1.01, 0.1071, 0, 0, 0, 0, -0.150601, -1.03914, 0.104186, 0, 0, 2022-08-25.19:29:47, 11
5, 0.163, -1.01, 0.107, 0, -0.23, 0, 0, -0.150513, -1.03918, 0.104186, 0, 0, 2022-08-25.19:29:47, 12
5, 0.163, -1.01, 0.1071, 0, 0, 0, -0.23, -0.150738, -1.03855, 0.106569, 0, 0, 2022-08-25.19:29:47, 14
5, 0.163, -1.01, 0.107, 0, 0.23, 0, 0, -0.150729, -1.03842, 0.106569, 0, 0, 2022-08-25.19:29:47, 16
5, 0.163, -1.01, 0.1071, 0, 0.23, 0, 0, -0.150719, -1.0383, 0.106569, 0, 0, 2022-08-25.19:29:47, 18
5, 0.163, -1.01, 0.1071, 0, 0, 0, -0.23, -0.150712, -1.0382, 0.106569, 0, 0, 2022-08-25.19:29:47, 19
5, 0.163, -1.01, 0.107, 0, 0, 0, 0, -0.151055, -1.03808, 0.102863, 0, 0, 2022-08-25.19:29:47, 21
5, 0.163, -1.01, 0.1071, 0, 0.23, 0, 0.23, -0.15111, -1.03798, 0.102863, 0, 0, 2022-08-25.19:29:47, 23
5, 0.163, -1.01, 0.1072, 0, -0.23, 0, -0.23, -0.151178, -1.03786, 0.102863, 0, 0, 2022-08-25.19:29:47, 24
5, 0.163, -1.01, 0.1071, 0, 0, 0, 0.46, -0.151246, -1.03773, 0.102863, 0, 0, 2022-08-25.19:29:47, 26
5, 0.163, -1.01, 0.1072, 0, 0, 0, -0.23, -0.150814, -1.03795, 0.10469, 0, 0, 2022-08-25.19:29:47, 28
5, 0.163, -1.01, 0.1073, 0, 0, 0, 0, -0.150769, -1.03789, 0.10469, 0, 0, 2022-08-25.19:29:47, 29
5, 0.163, -1.01, 0.1072, -0.23, 0.23, 0, 0, -0.150724, -1.03784, 0.10469, 0, 0, 2022-08-25.19:29:47, 31
5, 0.163, -1.01, 0.1074, 0, 0.23, 0, -0.23, -0.150688, -1.0378, 0.10469, 0, 0, 2022-08-25.19:29:47, 33
5, 0.163, -1.01, 0.1073, 0, 0, 0, 0, -0.150656, -1.03817, 0.103945, 0, 0, 2022-08-25.19:29:47, 34
5, 0.163, -1.01, 0.1075, 0, 0, 0, 0, -0.150623, -1.0382, 0.103945, 0, 0, 2022-08-25.19:29:47, 36
5, 0.163, -1.01, 0.1074, 0, 0, 0, -0.23, -0.150583, -1.03825, 0.103945, 0, 0, 2022-08-25.19:29:47, 38
5, 0.163, -1.01, 0.1073, 0, 0, 0, 0, -0.150542, -1.03829, 0.103945, 0, 0, 2022-08-25.19:29:47, 40
5, 0.163, -1.01, 0.1073, 0, 0, 0, 0, -0.150735, -1.038, 0.0997715, 0, 0, 2022-08-25.19:29:47, 41
5, 0.163, -1.01, 0.1073, 0, 0, 0, 0.23, -0.150746, -1.03796, 0.0997715, 0, 0, 2022-08-25.19:29:47, 43
5, 0.163, -1.01, 0.1075, 0, 0, 0, 0, -0.150757, -1.03792, 0.0997715, 0, 0, 2022-08-25.19:29:47, 45
5, 0.163, -1.01, 0.1075, 0, 0, 0, 0, -0.150765, -1.03789, 0.0997715, 0, 0, 2022-08-25.19:29:47, 47
5, 0.163, -1.01, 0.1074, 0, 0, 0, 0.46, -0.150772, -1.03808, 0.101416, 0, 0, 2022-08-25.19:29:47, 48
5, 0.163, -1.01, 0.1075, 0, 0.46, 0, -0.23, -0.15078, -1.0381, 0.101416, 0, 0, 2022-08-25.19:29:47, 50
5, 0.163, -1.01, 0.1074, 0, 0, 0, 0, -0.15079, -1.03812, 0.101416, 0, 0, 2022-08-25.19:29:47, 51
5, 0.163, -1.01, 0.1076, 0, 0, 0, 0.23, -0.150775, -1.03845, 0.101416, 0, 0, 2022-08-25.19:29:47, 53
5, 0.163, -1.01, 0.1076, 0, 0, 0, -0.23, -0.150769, -1.0389, 0.100156, 0, 0, 2022-08-25.19:29:47, 55
5, 0.163, -1.01, 0.1074, 0, 0, -0.23, 0.23, -0.150771, -1.03909, 0.100156, 0, 0, 2022-08-25.19:29:47, 57
5, 0.163, -1.01, 0.1075, 0, 0.23, 0, 0, -0.150772, -1.03926, 0.100156, 0, 0, 2022-08-25.19:29:47, 59
5, 0.163, -1.01, 0.1075, 0, 0, 0.23, 0, -0.150874, -1.03885, 0.100244, 0, 0, 2022-08-25.19:29:47, 60
5, 0.163, -1.01, 0.1075, 0, 0, 0, 0.23, -0.150897, -1.03887, 0.100244, 0, 0, 2022-08-25.19:29:47, 62
5, 0.163, -1.01, 0.1077, 0.23, 0, 0, 0, -0.150926, -1.0389, 0.100244, 0, 0, 2022-08-25.19:29:47, 64
5, 0.163, -1.01, 0.1075, 0, -0.23, 0, 0, -0.15095, -1.03892, 0.100244, 0, 0, 2022-08-25.19:29:47, 65
5, 0.163, -1.01, 0.1076, 0, -0.23, 0, 0, -0.150616, -1.03838, 0.105051, 0, 0, 2022-08-25.19:29:47, 67
5, 0.163, -1.01, 0.1076, 0, 0, 0, 0.46, -0.150547, -1.03827, 0.105051, 0, 0, 2022-08-25.19:29:47, 69
5, 0.163, -1.01, 0.1077, 0, 0.23, 0, -0.23, -0.15049, -1.03817, 0.105051, 0, 0, 2022-08-25.19:29:47, 71
5, 0.163, -1.01, 0.1077, 0, -0.23, 0, 0, -0.15042, -1.03806, 0.105051, 0, 0, 2022-08-25.19:29:47, 72
5, 0.163, -1.01, 0.1078, 0, 0, 0, -0.23, -0.150344, -1.03819, 0.102721, 0, 0, 2022-08-25.19:29:47, 74
5, 0.163, -1.01, 0.1077, 0, 0, 0, 0, -0.150273, -1.03814, 0.102721, 0, 0, 2022-08-25.19:29:47, 76
5, 0.163, -1.01, 0.1077, 0, 0, 0, 0, -0.150203, -1.03808, 0.102721, 0, 0, 2022-08-25.19:29:47, 77
5, 0.163, -1.01, 0.1077, 0, 0, 0, -0.23, -0.150146, -1.03803, 0.102721, 0, 0, 2022-08-25.19:29:47, 79
5, 0.163, -1.01, 0.1078, 0, -0.23, 0, 0, -0.150465, -1.03803, 0.103275, 0, 0, 2022-08-25.19:29:47, 81
5, 0.163, -1.01, 0.1079, 0, 0.23, 0, 0.23, -0.150483, -1.038, 0.103275, 0, 0, 2022-08-25.19:29:47, 82
5, 0.163, -1.01, 0.108, 0, 0, 0, -0.23, -0.150507, -1.03795, 0.103275, 0, 0, 2022-08-25.19:29:47, 84
5, 0.163, -1.01, 0.1079, 0, 0, 0, -0.23, -0.15053, -1.0379, 0.103275, 0, 0, 2022-08-25.19:29:47, 86
5, 0.163, -1.01, 0.1078, 0, 0, 0, 0, -0.150464, -1.03784, 0.102527, 0, 0, 2022-08-25.19:29:47, 88
5, 0.163, -1.01, 0.1079, 0, 0, 0, -0.23, -0.150465, -1.03779, 0.102527, 0, 0, 2022-08-25.19:29:47, 89
5, 0.163, -1.01, 0.108, 0, 0.23, 0, 0, -0.150466, -1.03774, 0.102527, 0, 0, 2022-08-25.19:29:47, 91
5, 0.163, -1.01, 0.1083, 0, 0, 0, 0.23, -0.150467, -1.03769, 0.102527, 0, 0, 2022-08-25.19:29:47, 93
5, 0.163, -1.01, 0.1083, 0, 0, 0, 0, -0.150455, -1.03781, 0.101559, 0, 0, 2022-08-25.19:29:47, 95
5, 0.163, -1.01, 0.1081, 0, 0, 0, 0, -0.150454, -1.0378, 0.101559, 0, 0, 2022-08-25.19:29:47, 96
5, 0.163, -1.01, 0.1081, 0, 0.23, 0, 0, -0.150453, -1.03779, 0.101559, 0, 0, 2022-08-25.19:29:47, 98
5, 0.163, -1.01, 0.108, 0, 0, 0, 0.23, -0.150452, -1.03778, 0.101559, 0, 0, 2022-08-25.19:29:47, 99
5, 0.163, -1.01, 0.1081, 0, 0, 0, 0, -0.150842, -1.03767, 0.107819, 0, 0, 2022-08-25.19:29:47, 102
5, 0.163, -1.01, 0.1082, 0, 0, -0.23, 0.23, -0.15094, -1.03763, 0.107819, 0, 0, 2022-08-25.19:29:47, 103
5, 0.163, -1.01, 0.1083, 0, -0.23, 0, 0, -0.151037, -1.03759, 0.107819, 0, 0, 2022-08-25.19:29:47, 105
5, 0.163, -1.01, 0.1081, 0, 0, 0, 0, -0.151117, -1.03755, 0.107819, 0, 0, 2022-08-25.19:29:47, 107
5, 0.163, -1.01, 0.1082, 0, 0, 0, 0, -0.151505, -1.03784, 0.102909, 0, 0, 2022-08-25.19:29:47, 109
5, 0.163, -1.01, 0.1082, 0, 0, 0.23, -0.23, -0.151639, -1.03787, 0.102909, 0, 0, 2022-08-25.19:29:47, 110
5, 0.163, -1.01, 0.1082, 0, 0, 0, 0, -0.151806, -1.03791, 0.102909, 0, 0, 2022-08-25.19:29:47, 112
5, 0.163, -1.01, 0.1081, 0, 0, 0, 0.23, -0.15194, -1.03795, 0.102909, 0, 0, 2022-08-25.19:29:47, 114
5, 0.163, -1.01, 0.1083, 0, -0.23, 0, 0, -0.150936, -1.03827, 0.100655, 0, 0, 2022-08-25.19:29:47, 115
5, 0.163, -1.01, 0.1082, 0, -0.23, 0, 0.23, -0.150846, -1.03836, 0.100655, 0, 0, 2022-08-25.19:29:47, 117
5, 0.163, -1.01, 0.1082, 0, 0, 0, -0.23, -0.150733, -1.03846, 0.100655, 0, 0, 2022-08-25.19:29:47, 119
5, 0.163, -1.01, 0.1081, 0, 0, 0, 0.23, -0.150621, -1.03857, 0.100655, 0, 0, 2022-08-25.19:29:47, 120
5, 0.163, -1.01, 0.1082, 0, 0.23, 0, -0.23, -0.150442, -1.03851, 0.1045, 0, 0, 2022-08-25.19:29:47, 122
5, 0.163, -1.01, 0.1081, 0, -0.23, 0, 0, -0.150319, -1.03859, 0.1045, 0, 0, 2022-08-25.19:29:47, 124
5, 0.163, -1.01, 0.1083, 0, 0.23, 0, -0.23, -0.150194, -1.03867, 0.1045, 0, 0, 2022-08-25.19:29:47, 125
5, 0.163, -1.01, 0.1083, 0, 0, 0, -0.23, -0.150094, -1.03873, 0.1045, 0, 0, 2022-08-25.19:29:47, 128
5, 0.163, -1.01, 0.1083, 0, 0, 0, 0.23, -0.150315, -1.03839, 0.100837, 0, 0, 2022-08-25.19:29:47, 129
5, 0.163, -1.01, 0.1083, 0, -0.23, 0, -0.23, -0.150257, -1.03838, 0.100837, 0, 0, 2022-08-25.19:29:47, 131
5, 0.163, -1.01, 0.1082, 0, 0, 0, 0, -0.150211, -1.03836, 0.100837, 0, 0, 2022-08-25.19:29:47, 133
5, 0.163, -1.01, 0.1084, 0, -0.23, 0, -0.23, -0.150151, -1.03835, 0.100837, 0, 0, 2022-08-25.19:29:47, 134
5, 0.163, -1.01, 0.1085, 0, 0, 0, 0, -0.149986, -1.0377, 0.101465, 0, 0, 2022-08-25.19:29:47, 136
5, 0.163, -1.01, 0.1086, 0, 0.23, 0, 0, -0.149904, -1.03754, 0.101465, 0, 0, 2022-08-25.19:29:47, 137
5, 0.163, -1.01, 0.1085, 0, -0.23, -0.23, 0, -0.149821, -1.03738, 0.101465, 0, 0, 2022-08-25.19:29:47, 139
5, 0.163, -1.01, 0.1085, 0, -0.23, 0, 0, -0.149755, -1.03725, 0.101465, 0, 0, 2022-08-25.19:29:47, 141
5, 0.163, -1.01, 0.1085, 0, 0, 0, 0, -0.150543, -1.03804, 0.104686, 0, 0, 2022-08-25.19:29:47, 143
5, 0.163, -1.01, 0.1086, 0, -0.23, 0, -0.23, -0.150657, -1.03809, 0.104686, 0, 0, 2022-08-25.19:29:47, 145
5, 0.163, -1.01, 0.1086, 0, 0, 0, 0.23, -0.150747, -1.03814, 0.104686, 0, 0, 2022-08-25.19:29:47, 146
5, 0.163, -1.01, 0.1086, 0, 0.23, 0, -0.23, -0.150961, -1.03868, 0.104686, 0, 0, 2022-08-25.19:29:47, 148
5, 0.163, -1.01, 0.1086, 0, 0, 0, 0, -0.150719, -1.0383, 0.102697, 0, 0, 2022-08-25.19:29:47, 150
5, 0.163, -1.01, 0.1087, 0, -0.23, 0, 0.23, -0.150762, -1.03834, 0.102697, 0, 0, 2022-08-25.19:29:47, 152
5, 0.163, -1.01, 0.1087, 0, 0, 0, 0, -0.150817, -1.0384, 0.102697, 0, 0, 2022-08-25.19:29:47, 153
5, 0.163, -1.01, 0.1087, 0, 0, 0, 0.23, -0.150686, -1.03809, 0.10235, 0, 0, 2022-08-25.19:29:47, 155
5, 0.163, -1.01, 0.1087, 0, 0, 0, -0.23, -0.150699, -1.03807, 0.10235, 0, 0, 2022-08-25.19:29:48, 157
5, 0.163, -1.01, 0.1087, 0, 0, 0, 0.23, -0.150715, -1.03804, 0.10235, 0, 0, 2022-08-25.19:29:48, 158
5, 0.163, -1.01, 0.109, 0, 0, 0.23, -0.23, -0.150728, -1.03802, 0.10235, 0, 0, 2022-08-25.19:29:48, 160
5, 0.163, -1.01, 0.1088, 0, 0, 0, 0, -0.150731, -1.03851, 0.104564, 0, 0, 2022-08-25.19:29:48, 162
5, 0.163, -1.01, 0.1087, 0, 0, 0, 0, -0.150738, -1.03862, 0.104564, 0, 0, 2022-08-25.19:29:48, 163
5, 0.163, -1.01, 0.1088, 0, 0, 0, 0, -0.150743, -1.03871, 0.104564, 0, 0, 2022-08-25.19:29:48, 165
5, 0.163, -1.01, 0.1089, 0, 0, 0, 0, -0.15075, -1.03881, 0.104564, 0, 0, 2022-08-25.19:29:48, 167
5, 0.163, -1.01, 0.1089, 0, 0, 0, 0.23, -0.150534, -1.03879, 0.104564, 0, 0, 2022-08-25.19:29:48, 169
5, 0.163, -1.01, 0.1089, 0, 0, 0, 0, -0.150427, -1.0389, 0.107575, 0, 0, 2022-08-25.19:29:48, 170
5, 0.163, -1.01, 0.1089, -0.23, 0, 0, 0.23, -0.150366, -1.03898, 0.107575, 0, 0, 2022-08-25.19:29:48, 172
5, 0.163, -1.01, 0.1088, 0, 0.46, 0, -0.23, -0.150317, -1.03905, 0.107575, 0, 0, 2022-08-25.19:29:48, 174
5, 0.163, -1.01, 0.1088, 0, 0, 0, 0.23, -0.150537, -1.03834, 0.108385, 0, 0, 2022-08-25.19:29:48, 175
5, 0.163, -1.01, 0.1092, 0, 0.23, 0, -0.23, -0.150547, -1.03824, 0.108385, 0, 0, 2022-08-25.19:29:48, 177
5, 0.163, -1.01, 0.1091, 0, 0, 0, 0, -0.150559, -1.03812, 0.108385, 0, 0, 2022-08-25.19:29:48, 179
5, 0.163, -1.01, 0.109, 0, 0, 0, 0.23, -0.150571, -1.03799, 0.108385, 0, 0, 2022-08-25.19:29:48, 181
5, 0.163, -1.01, 0.109, 0, 0.23, 0, -0.23, -0.150736, -1.03797, 0.103702, 0, 0, 2022-08-25.19:29:48, 183
5, 0.163, -1.01, 0.1089, 0, 0, 0, 0.23, -0.150787, -1.03788, 0.103702, 0, 0, 2022-08-25.19:29:48, 184
5, 0.163, -1.01, 0.1092, 0.23, 0, 0.23, -0.23, -0.150838, -1.03778, 0.103702, 0, 0, 2022-08-25.19:29:48, 186
5, 0.163, -1.01, 0.1091, 0, 0, 0, 0, -0.15088, -1.0377, 0.103702, 0, 0, 2022-08-25.19:29:48, 187
5, 0.163, -1.01, 0.1089, 0, 0.23, 0, 0.23, -0.15098, -1.03858, 0.106575, 0, 0, 2022-08-25.19:29:48, 189
5, 0.163, -1.01, 0.1091, 0, 0.23, 0, 0, -0.151033, -1.03869, 0.106575, 0, 0, 2022-08-25.19:29:48, 191
5, 0.163, -1.01, 0.1092, 0.23, -0.23, 0, -0.23, -0.1511, -1.03884, 0.106575, 0, 0, 2022-08-25.19:29:48, 193
5, 0.163, -1.01, 0.109, 0, -0.23, 0, 0, -0.151167, -1.03898, 0.106575, 0, 0, 2022-08-25.19:29:48, 195
5, 0.163, -1.01, 0.1092, 0, 0, 0, -0.23, -0.150675, -1.03854, 0.102069, 0, 0, 2022-08-25.19:29:48, 196
5, 0.163, -1.01, 0.1091, 0, 0, 0, 0, -0.150602, -1.03854, 0.102069, 0, 0, 2022-08-25.19:29:48, 198
5, 0.163, -1.01, 0.1091, 0, 0, 0, 0.23, -0.15053, -1.03854, 0.102069, 0, 0, 2022-08-25.19:29:48, 200
5, 0.163, -1.01, 0.109, 0, -0.23, 0, 0, -0.150472, -1.03854, 0.102069, 0, 0, 2022-08-25.19:29:48, 201
5, 0.163, -1.01, 0.1091, 0, 0, 0, 0.23, -0.150367, -1.03855, 0.104969, 0, 0, 2022-08-25.19:29:48, 203
5, 0.163, -1.01, 0.1093, 0.23, 0, 0, 0, -0.150307, -1.03856, 0.104969, 0, 0, 2022-08-25.19:29:48, 204
5, 0.163, -1.01, 0.1093, -0.23, 0.23, -0.23, 0, -0.150231, -1.03857, 0.104969, 0, 0, 2022-08-25.19:29:48, 207
5, 0.163, -1.01, 0.1092, 0, -0.23, 0, 0, -0.150156, -1.03858, 0.104969, 0, 0, 2022-08-25.19:29:48, 208
5, 0.163, -1.01, 0.1091, 0, 0, 0, 0, -0.150558, -1.03808, 0.0994391, 0, 0, 2022-08-25.19:29:48, 210